slug_region	fecha_corte	especies_region_estimadas	estimada_region_ref_id	registros_region_total	registros_continentales	registros_marinos	registros_salobres	especies_region_total	especies_continentales	especies_marinas	especies_salobres	especies_amenazadas_nacional_total	especies_amenazadas_nacional_cr	especies_amenazadas_nacional_en	especies_amenazadas_nacional_vu	registros_amenazadas_nacional_total	registros_amenazadas_nacional_cr	registros_amenazadas_nacional_en	registros_amenazadas_nacional_vu	especies_cites_total	especies_cites_i	especies_cites_i_ii	especies_cites_ii	especies_cites_iii	registros_cites_total	registros_cites_i	registros_cites_i_ii	registros_cites_ii	registros_cites_iii	especies_exoticas_total	especies_exoticas	especies_invasoras	especies_exoticas_riesgo_invasion_total	especies_exoticas_riesgo_invasion_alto	especies_exoticas_riesgo_invasion_bajo	especies_exoticas_riesgo_invasion_moderado	especies_exoticas_riesgo_invasion_moderado_alto	especies_trasplantadas	registros_exoticas_total	registros_exoticas	registros_invasoras	registros_exoticas_riesgo_invasion_total	registros_exoticas_riesgo_invasion_alto	registros_exoticas_riesgo_invasion_bajo	registros_exoticas_riesgo_invasion_moderado	registros_exoticas_riesgo_invasion_moderado_alto	registros_trasplantadas	especies_endemicas	especies_migratorias	registros_endemicas	registros_migratorias	especies_amenazadas_global_total	especies_amenazadas_global_ex	especies_amenazadas_global_ew	especies_amenazadas_global_cr	especies_amenazadas_global_en	especies_amenazadas_global_vu	especies_amenazadas_global_nt	especies_amenazadas_global_lc	especies_amenazadas_global_dd	especies_amenazadas_global_lr_lc	especies_amenazadas_global_lr_nt	registros_amenazadas_global_total	registros_amenazadas_global_ex	registros_amenazadas_global_ew	registros_amenazadas_global_cr	registros_amenazadas_global_en	registros_amenazadas_global_vu	registros_amenazadas_global_nt	registros_amenazadas_global_lc	registros_amenazadas_global_dd	registros_amenazadas_global_lr_lc	registros_amenazadas_global_lr_nt	especies_continentales_amenazadas_nacional_total	especies_continentales_amenazadas_nacional_cr	especies_continentales_amenazadas_nacional_en	especies_continentales_amenazadas_nacional_vu	registros_continentales_amenazadas_nacional_total	registros_continentales_amenazadas_nacional_cr	registros_continentales_amenazadas_nacional_en	registros_continentales_amenazadas_nacional_vu	especies_continentales_cites_total	especies_continentales_cites_i	especies_continentales_cites_i_ii	especies_continentales_cites_ii	especies_continentales_cites_iii	registros_continentales_cites_total	registros_continentales_cites_i	registros_continentales_cites_i_ii	registros_continentales_cites_ii	registros_continentales_cites_iii	especies_continentales_exoticas_total	especies_continentales_exoticas	especies_continentales_invasoras	especies_continentales_exoticas_riesgo_invasion_total	especies_continentales_exoticas_riesgo_invasion_alto	especies_continentales_exoticas_riesgo_invasion_bajo	especies_continentales_exoticas_riesgo_invasion_moderado	especies_continentales_exoticas_riesgo_invasion_moderado_alto	especies_continentales_trasplantadas	registros_continentales_exoticas_total	registros_continentales_exoticas	registros_continentales_invasoras	registros_continentales_exoticas_riesgo_invasion_total	registros_continentales_exoticas_riesgo_invasion_alto	registros_continentales_exoticas_riesgo_invasion_bajo	registros_continentales_exoticas_riesgo_invasion_moderado	registros_continentales_exoticas_riesgo_invasion_moderado_alto	registros_continentales_trasplantadas	especies_continentales_endemicas	especies_continentales_migratorias	registros_continentales_endemicas	registros_continentales_migratorias	especies_continentales_amenazadas_global_total	especies_continentales_amenazadas_global_ex	especies_continentales_amenazadas_global_ew	especies_continentales_amenazadas_global_cr	especies_continentales_amenazadas_global_en	especies_continentales_amenazadas_global_vu	especies_continentales_amenazadas_global_nt	especies_continentales_amenazadas_global_lc	especies_continentales_amenazadas_global_dd	especies_continentales_amenazadas_global_lr_lc	especies_continentales_amenazadas_global_lr_nt	registros_continentales_amenazadas_global_total	registros_continentales_amenazadas_global_ex	registros_continentales_amenazadas_global_ew	registros_continentales_amenazadas_global_cr	registros_continentales_amenazadas_global_en	registros_continentales_amenazadas_global_vu	registros_continentales_amenazadas_global_nt	registros_continentales_amenazadas_global_lc	registros_continentales_amenazadas_global_dd	registros_continentales_amenazadas_global_lr_lc	registros_continentales_amenazadas_global_lr_nt	especies_marinas_amenazadas_nacional_total	especies_marinas_amenazadas_nacional_en	especies_marinas_amenazadas_nacional_cr	especies_marinas_amenazadas_nacional_vu	registros_marinas_amenazadas_nacional_total	registros_marinas_amenazadas_nacional_cr	registros_marinas_amenazadas_nacional_en	registros_marinas_amenazadas_nacional_vu	especies_marinas_cites_total	especies_marinas_cites_i	especies_marinas_cites_i_ii	especies_marinas_cites_ii	especies_marinas_cites_iii	registros_marinas_cites_total	registros_marinas_cites_i	registros_marinas_cites_i_ii	registros_marinas_cites_ii	registros_marinas_cites_iii	especies_marinas_exoticas_total	especies_marinas_exoticas	especies_marinas_invasoras	especies_marinas_exoticas_riesgo_invasion_total	especies_marinas_exoticas_riesgo_invasion_alto	especies_marinas_exoticas_riesgo_invasion_bajo	especies_marinas_exoticas_riesgo_invasion_moderado	especies_marinas_exoticas_riesgo_invasion_moderado_alto	especies_marinas_trasplantadas	registros_marinas_exoticas_total	registros_marinas_exoticas	registros_marinas_invasoras	registros_marinas_exoticas_riesgo_invasion_total	registros_marinas_exoticas_riesgo_invasion_alto	registros_marinas_exoticas_riesgo_invasion_bajo	registros_marinas_exoticas_riesgo_invasion_moderado	registros_marinas_exoticas_riesgo_invasion_moderado_alto	registros_marinas_trasplantadas	especies_marinas_endemicas	especies_marinas_migratorias	registros_marinas_endemicas	registros_marinas_migratorias	especies_marinas_amenazadas_global_total	especies_marinas_amenazadas_global_ex	especies_marinas_amenazadas_global_ew	especies_marinas_amenazadas_global_cr	especies_marinas_amenazadas_global_en	especies_marinas_amenazadas_global_vu	especies_marinas_amenazadas_global_nt	especies_marinas_amenazadas_global_lc	especies_marinas_amenazadas_global_dd	especies_marinas_amenazadas_global_lr_lc	especies_marinas_amenazadas_global_lr_nt	registros_marinas_amenazadas_global_total	registros_marinas_amenazadas_global_ex	registros_marinas_amenazadas_global_ew	registros_marinas_amenazadas_global_cr	registros_marinas_amenazadas_global_en	registros_marinas_amenazadas_global_vu	registros_marinas_amenazadas_global_nt	registros_marinas_amenazadas_global_lc	registros_marinas_amenazadas_global_dd	registros_marinas_amenazadas_global_lr_lc	registros_marinas_amenazadas_global_lr_nt	especies_salobres_amenazadas_nacional_total	especies_salobres_amenazadas_nacional_cr	especies_salobres_amenazadas_nacional_en	especies_salobres_amenazadas_nacional_vu	registros_salobres_amenazadas_nacional_total	registros_salobres_amenazadas_nacional_cr	registros_salobres_amenazadas_nacional_en	registros_salobres_amenazadas_nacional_vu	especies_salobres_cites_total	especies_salobres_cites_i	especies_salobres_cites_i_ii	especies_salobres_cites_ii	especies_salobres_cites_iii	registros_salobres_cites_total	registros_salobres_cites_i	registros_salobres_cites_i_ii	registros_salobres_cites_ii	registros_salobres_cites_iii	especies_salobres_exoticas_total	especies_salobres_exoticas	especies_salobres_invasoras	especies_salobres_exoticas_riesgo_invasion_total	especies_salobres_exoticas_riesgo_invasion_alto	especies_salobres_exoticas_riesgo_invasion_bajo	especies_salobres_exoticas_riesgo_invasion_moderado	especies_salobres_exoticas_riesgo_invasion_moderado_alto	especies_salobres_trasplantadas	registros_salobres_exoticas_total	registros_salobres_exoticas	registros_salobres_invasoras	registros_salobres_exoticas_riesgo_invasion_total	registros_salobres_exoticas_riesgo_invasion_alto	registros_salobres_exoticas_riesgo_invasion_bajo	registros_salobres_exoticas_riesgo_invasion_moderado	registros_salobres_exoticas_riesgo_invasion_moderado_alto	registros_salobres_trasplantadas	especies_salobres_endemicas	especies_salobres_migratorias	registros_salobres_endemicas	registros_salobres_migratorias	especies_salobres_amenazadas_global_total	especies_salobres_amenazadas_global_ex	especies_salobres_amenazadas_global_ew	especies_salobres_amenazadas_global_cr	especies_salobres_amenazadas_global_en	especies_salobres_amenazadas_global_vu	especies_salobres_amenazadas_global_nt	especies_salobres_amenazadas_global_lc	especies_salobres_amenazadas_global_dd	especies_salobres_amenazadas_global_lr_lc	especies_salobres_amenazadas_global_lr_nt	registros_salobres_amenazadas_global_total	registros_salobres_amenazadas_global_ex	registros_salobres_amenazadas_global_ew	registros_salobres_amenazadas_global_cr	registros_salobres_amenazadas_global_en	registros_salobres_amenazadas_global_vu	registros_salobres_amenazadas_global_nt	registros_salobres_amenazadas_global_lc	registros_salobres_amenazadas_global_dd	registros_salobres_amenazadas_global_lr_lc	registros_salobres_amenazadas_global_lr_nt
colombia	2024-12-31	200000	86	33185913	32580093	392001	2003558	80346	76194	7812	503	1833	403	689	741	1758443	132680	297248	1328515	2897	48	4	2814	31	3475448	65059	7415	3239214	163760	1244	1096	22	111	70	5	35	1	15	876100	362615	96619	329555	297758	4420	26936	441	87311	6436	159	1052110	1804709	1693	2	5	365	652	676	440	11129	694	2	8	732622	35	2368	93413	169727	469482	353902	22395535	355038	593	1018	1819	403	687	729	1743523	127957	292987	1322579	2828	47	4	2746	31	3351955	58067	7395	3122886	163607	1244	1096	22	111	70	5	35	1	15	875694	362537	96335	329519	297745	4420	26913	441	87303	6434	159	1051169	1803438	1651	2	5	358	638	655	432	10490	635	2	8	594516	35	2368	42126	104497	447893	340161	22235709	353180	590	1013	89	17	10	62	17239	4512	6815	5912	184	13	1	169	1	118455	6758	20	111665	12	6	3	3							292	9	283	0					0		43	0	14419	148			34	35	79	46	1674	113	1		138939			51274	65095	22570	15308	150760	1806	3		27	5	4	18	898359	57895	3957	836507	19	2	1	16		37697	217	130	37350		2		1	1	1					1521	0	1516	5	5				0	4	7	106	34414	27			4	6	17	8	264	20			169155			264	166	168725	557	1119864	218198		
amazonas	2024-12-31	56574	87	474386	474335	0	5082	11516	11516		24	69	6	19	44	12133	4357	4700	3076	308	15	3	275	15	48420	1606	138	44160	2516	196	142	3	41	23	1	16	1	10	9884	981	52	1434	1216	1	216	1	7417	175	76	790	11477	90		2	1	23	66	51	4020	47	1	3	7086		3	1	1392	5693	944	251643	197	6	149	69	6	19	44	12133	4357	4700	3076	308	15	3	275	15	48420	1606	138	44160	2516	196	142	3	41	23	1	16	1	10	9884	981	52	1434	1216	1	216	1	7417	175	76	789	11477	90		2	1	23	66	51	4020	47	1	3	7086		3	1	1392	5693	943	251628	197	6	149																																																																			0				2			2		521			521												0	0	0					0		2	0	521	1					1		16				1					1		4955			
antioquia	2024-12-31	37591	87	5071821	5067459	1712	19168	21895	21662	297	132	685	102	257	326	209628	22812	30477	156339	1274	27	3	1225	19	692509	10291	1195	669660	11363	821	705	14	93	61	3	28	1	9	97473	44096	1738	42425	39032	317	2936	140	9214	2321	125	297151	219112	562	1	4	95	213	254	200	4835	151	1	4	100205	16	40	22146	22456	55603	25726	3048572	69394	34	147	676	101	255	320	209564	22808	30467	156289	1247	27	3	1198	19	692352	10270	1195	669526	11361	821	705	14	93	61	3	28	1	9	97467	44090	1738	42425	39032	317	2936	140	9214	2321	125	297139	219086	550	1	4	87	212	251	193	4781	145	1	4	100168	16	40	22131	22453	55584	25687	3047827	69387	32	147	13	3	1	9	49	1	21	27	30	2		28		88	19		69												0	0	0					0		23	0	335	17			8	1	8	14	104	5	1		95			15	1	79	66	639	5	2		14	2	4	8	245	183	38	24	9	1	1	7		2419	31	3	2385		1			1	1					1	0	0	1	1				0	1	4	37	2201	7			1		6	1	89	4			227			2		225	2	18778	4		
arauca	2024-12-31	39317	87	138137	138137	0	2503	4260	4260		19	59	5	19	35	1875	36	924	915	206	11	3	174	18	13535	532	647	11151	1205	156	107	2	38	25		12	1	9	2250	408	23	1081	1035		45	1	738	112	85	1942	6214	64			3	15	46	30	1930	19	1	1	1326			112	805	409	977	95766	213	1	1	59	5	19	35	1875	36	924	915	206	11	3	174	18	13535	532	647	11151	1205	156	107	2	38	25		12	1	9	2250	408	23	1081	1035		45	1	738	112	85	1942	6214	64			3	15	46	30	1930	19	1	1	1326			112	805	409	977	95766	213	1	1																																																															1		1		1		1		3		1	2		125		1	124												0	0	0					0		3	0	149	1					1		15				1					1		2385			
atlantico	2024-12-31	22858	87	158814	158411	469	6874	3273	3203	152	114	62	6	19	37	1115	101	340	674	147	8	3	124	12	13340	301	75	12456	508	230	191	2	32	22	1	8	1	5	4435	1757	25	2609	2541	6	61	1	44	63	107	2676	17098	60			9	20	31	39	1179	22	2		1329			17	346	966	1634	122408	132	13		60	6	18	36	1089	98	327	664	138	8	3	115	12	13310	299	73	12431	507	230	191	2	32	22	1	8	1	5	4433	1757	25	2607	2540	6	60	1	44	63	107	2661	17097	57			8	19	30	37	1146	19	2		1311			14	334	963	1565	122271	128	13		6	2		4	16		7	9	11		1	10		22		2	20												0	0	0					0		22	0	157	8			3	1	4	11	86	4			37			3	1	33	80	276	4			13	1	3	9	99	1	35	63	7		1	6		674		8	666												0	0	0					0	1	4	1	695	4				1	3	3	82	3			12				2	10	8	6040	50		
bogota-dc	2024-12-31		87	667507	667505	0	3928	6131	6130		16	174	23	66	85	7490	1786	3347	2357	383	12	1	362	8	62120	256	1	60919	944	642	572	11	54	36	3	15		5	58584	23834	6165	28502	26258	850	1394		83	457	97	20329	84061	97		4	11	35	51	38	1341	19	1		6793		354	76	2961	3756	8912	499091	137	2		174	23	66	85	7490	1786	3347	2357	383	12	1	362	8	62120	256	1	60919	944	642	572	11	54	36	3	15		5	58584	23834	6165	28502	26258	850	1394		83	457	97	20329	84061	97		4	11	35	51	38	1340	19	1		6793		354	76	2961	3756	8912	499090	137	2																																																																				0				1			1		643			643		1			1	1					1	0	0	1	1				0		3	0	671								14											3917			
bolivar	2024-12-31	31396	87	789434	650596	102610	17636	7394	6890	809	132	172	27	52	93	34129	4260	2585	27284	292	19	3	254	16	83340	1498	455	70723	10664	329	259	6	57	36	1	19	1	7	27188	12179	1427	7776	7450	5	314	7	5806	275	116	48957	42322	143		1	30	42	71	71	2422	50	1	2	61499		1	21875	26429	13195	12909	490549	15068	20	8	154	23	48	83	33284	3990	2248	27046	246	19	3	209	15	49937	1345	455	37478	10659	329	259	6	57	36	1	19	1	7	27149	12162	1414	7767	7445	5	310	7	5806	275	116	48847	42315	115		1	14	40	61	60	2274	44	1	2	13391		1	2952	3667	6772	7397	455065	14692	20	8	34	8	5	21	986	193	577	216	53	2		51		32694	10		32684		2	1	1							15	2	13	0					0		34	0	2320	44			21	6	17	24	244	10			48113			18921	22755	6437	5596	37624	370			18	3	3	12	355	46	106	203	7	1	1	5		1353	9	3	1341		1			1	1					1	0	0	1	1				0	2	5	5	1702	8				1	7	4	85	4			70				2	68	15	16071	109		
caldas	2024-12-31	42810	87	2218800	2218799	0	11904	9385	9385		25	265	27	93	145	33614	1470	10369	21775	439	17	2	409	11	283669	2683	85	279170	1731	613	526	11	71	43	4	23	1	5	24490	4014	101	20289	19985	38	218	48	86	908	99	43135	148355	207	1	3	17	70	120	85	2772	59	2	2	15966	5	30	243	1143	14580	8136	1892390	640	12	8	265	27	93	145	33614	1470	10369	21775	439	17	2	409	11	283669	2683	85	279170	1731	613	526	11	71	43	4	23	1	5	24490	4014	101	20289	19985	38	218	48	86	908	99	43135	148355	207	1	3	17	70	120	85	2772	59	2	2	15966	5	30	243	1143	14580	8136	1892389	640	12	8																																																															1		1		3		3		3			3		2098			2098		1			1	1					1	0	0	1	1				0		4	0	2155							1	20										1	10841			
caqueta	2024-12-31	53596	87	435435	435434	0	2776	11144	11144		19	109	18	36	55	2365	90	217	2058	389	14	2	364	9	30544	732	21	27612	2179	245	178	4	55	32	3	19	1	8	4195	955	6	2067	1904	10	145	8	1167	378	75	3293	12183	113		2	11	31	71	57	4101	60	1	3	1822		2	43	125	1654	1697	233446	355	3	152	109	18	36	55	2365	90	217	2058	389	14	2	364	9	30544	732	21	27612	2179	245	178	4	55	32	3	19	1	8	4195	955	6	2067	1904	10	145	8	1167	378	75	3293	12183	113		2	11	31	71	57	4101	60	1	3	1822		2	43	125	1654	1697	233445	355	3	152																																																															1	1			2	2			1			1		198			198												0	0	0					0	1	1	2	198								13	1										2706	2		
casanare	2024-12-31	42906	87	804333	804333	0	21331	6798	6798		23	85	10	25	50	7881	162	490	7229	279	13	2	246	18	69120	3735	1874	52321	11190	250	183	5	52	35		16	1	10	110921	93435	78	14405	13137		1267	1	3003	170	93	3127	40033	82			4	20	58	41	2732	32	1	2	4624			65	333	4226	5312	527035	2494	2	2	85	10	25	50	7881	162	490	7229	279	13	2	246	18	69120	3735	1874	52321	11190	250	183	5	52	35		16	1	10	110921	93435	78	14405	13137		1267	1	3003	170	93	3127	40033	82			4	20	58	41	2732	32	1	2	4624			65	333	4226	5312	527035	2494	2	2																																																															2		2		6		6		4	1		3		294	1		293												0	0	0					0		3	0	404	1					1		18				1					1		19435			
cauca	2024-12-31	49980	87	614175	581517	33744	6339	12173	11687	815	123	286	42	98	146	9612	748	4269	4595	677	17	2	644	14	85490	1377	7	82118	1988	353	281	7	62	36	3	22	1	3	8569	2702	23	5634	5503	10	116	5	210	1086	120	10750	28895	278		4	49	83	146	112	3507	90		4	40128		95	419	36350	3359	3548	412621	368		14	276	42	98	136	9203	744	4022	4437	667	16	2	635	14	66359	1053	7	63311	1988	353	281	7	62	36	3	22	1	3	8567	2701	23	5633	5503	10	115	5	210	1083	119	10729	28841	264		4	49	79	136	109	3386	78		4	21412		95	411	17799	3202	3489	408381	325		14	17	3	1	13	2232	4	2109	119	28	4		24		19089	332		18757												0	0	0					0		31	0	334	30			5	8	17	14	250	15			18714			21	18548	145	128	11120	49			6		1	5	22		8	14	8			8		315			315												0	0	0					0	1	5	1	356	7			2	1	4	2	86	3			24			8	2	14	2	4970	3		
cesar	2024-12-31	29604	87	343293	343259	0	2101	4496	4494		21	122	14	47	61	8670	443	1988	6239	216	9	2	191	14	38996	1187	218	36100	1491	216	163	4	45	28	1	16		4	11518	8971	24	2406	2276	4	126		117	255	93	3964	13846	104		1	12	37	55	54	1825	33	1	2	8055		7	189	2559	5307	8889	243405	336	31	2	122	14	47	61	8670	443	1988	6239	214	9	2	189	14	38984	1187	218	36088	1491	216	163	4	45	28	1	16		4	11518	8971	24	2406	2276	4	126		117	255	93	3963	13845	104		1	12	37	55	54	1825	33	1	2	8055		7	189	2559	5307	8889	243380	336	31	2																																																															1		1		1		1		3			3		146			146												0	0	0					0		3	0	90								18											2062			
choco	2024-12-31	39874	87	684868	619286	34312	10203	13111	12098	1429	213	305	43	88	174	17573	4871	2498	10204	694	23	3	652	16	83871	2546	147	75912	5266	246	193	3	46	24	2	19	1	4	5132	1540	313	3113	2884	4	224	1	166	1152	119	24600	43793	292		3	50	88	154	155	4103	130	1	5	29278		9	7711	9394	12173	11893	429790	1788	3	118	287	43	84	160	16270	4011	2344	9915	656	22	3	616	15	66189	1561	147	59282	5199	244	192	2	46	24	2	19	1	4	5097	1524	301	3106	2884	4	217	1	166	1151	119	24388	43372	261		3	35	82	144	142	3816	112	1	5	14136		9	3435	717	9984	11300	407259	1631	3	115	30	7	2	21	1299	860	284	155	55	6		48	1	16293	967		15318	8	3	2	1							15	3	12	0					0		36	0	3224	52			20	9	23	22	484	25			15286			4283	8660	2343	766	13228	143			11		2	9	29		3	26	8	1	1	6		1696	2	1	1693												0	0	0					0	2	5	10	884	10			2	2	6	3	138	10			26			8	3	15	11	8596	71		
cordoba	2024-12-31	32412	87	334376	332169	2893	12727	4689	4508	237	94	114	16	25	73	4724	454	965	3305	216	15	2	186	13	36032	846	50	32114	3022	226	177	4	41	27		13	1	4	4710	871	44	3590	3470		118	2	205	148	111	3126	36774	85			14	20	51	53	1931	29	1	1	1736			510	193	1033	2885	251650	401	17	25	106	15	23	68	4577	452	963	3162	209	14	2	180	13	35804	843	50	31889	3022	226	177	4	41	27		13	1	4	4709	870	44	3590	3470		118	2	205	148	111	3116	36757	75			10	18	47	52	1872	26	1	1	1716			503	186	1027	2805	250480	348	17	25	12	3	1	8	164	2	43	119	8	1		7		47	2		45												0	0	0					0		27	0	1069	14			4	2	8	7	97	4			111			7	7	97	266	1937	53			16	2	2	12	1112	4	164	944	6	1		5		1313	162		1151												0	0	0					0	2	4	8	849	8			1	2	5		56	3			187			2	7	178		11760	53		
cundinamarca	2024-12-31	44376	87	2083435	2083381	0	12074	16066	16066		27	362	59	128	175	26483	3992	7642	14849	749	18	3	710	18	199203	6913	113	189150	3027	793	690	12	81	51	3	26	1	10	94868	40803	1605	52015	47545	2875	1557	38	445	1293	107	78338	130105	280		5	42	100	138	95	3351	82	1	1	24804		720	645	6331	17828	20747	1508916	997	31	3	362	59	128	175	26481	3992	7640	14849	749	18	3	710	18	199197	6913	113	189146	3025	793	690	12	81	51	3	26	1	10	94868	40803	1605	52015	47545	2875	1557	38	445	1293	107	78326	130105	280		5	42	100	138	95	3351	82	1	1	24802		720	645	6331	17826	20747	1508899	997	31	3																																																															2		2		4		4		4		1	3		1475		1	1474		1			1	1					1	0	0	1	1				0		3	0	1607	1					1		21				1					1		11988			
guainia	2024-12-31	50324	87	262293	262292	0	4458	4343	4343		16	26	4	6	16	508	8	297	203	191	11	2	171	7	33475	1862	6	30701	906	66	38	3	19	12		7		6	2939	1765	11	799	782		17		364	45	68	171	12844	50			2	13	35	29	2174	10		1	1361			5	317	1039	1921	217875	17		5	26	4	6	16	508	8	297	203	191	11	2	171	7	33475	1862	6	30701	906	66	38	3	19	12		7		6	2939	1765	11	799	782		17		364	45	68	171	12844	50			2	13	35	29	2174	10		1	1361			5	317	1039	1921	217875	17		5																																																																			0				1			1		1225			1225												0	0	0					0		1	0	1225								13											4395			
guaviare	2024-12-31	51685	87	179350	179349	0	3560	4759	4759		15	31	3	7	21	440	6	84	350	185	9	2	167	7	19052	504	4	17409	1135	96	63	3	24	13		11		6	1810	359	16	1077	1037		40		358	93	85	550	9575	42				7	35	28	2337	10		1	456				64	392	1118	143871	29		2	31	3	7	21	440	6	84	350	185	9	2	167	7	19052	504	4	17409	1135	96	63	3	24	13		11		6	1810	359	16	1077	1037		40		358	93	85	550	9575	42				7	35	28	2337	10		1	456				64	392	1118	143871	29		2																																																																			0				1			1		394			394												0	0	0					0		2	0	395								12											3403			
huila	2024-12-31	49768	87	569053	569046	4	6827	7819	7817	2	21	135	19	49	67	8973	225	771	7977	382	12	3	352	15	61585	636	40	57860	3049	348	276	10	56	37	2	16	1	6	8018	1675	1549	4759	4605	5	142	7	35	585	84	19486	29149	124		4	12	43	69	74	2261	38	2	1	4083		21	79	1001	3003	5891	408460	476	39	6	135	19	49	67	8973	225	771	7977	382	12	3	352	15	61585	636	40	57860	3049	348	276	10	56	37	2	16	1	6	8018	1675	1549	4759	4605	5	142	7	35	585	84	19486	29149	124		4	12	43	69	74	2259	38	2	1	4083		21	79	1001	3003	5891	408456	476	39	6					0									0															0	0	0					0			0									2											4				1		1		1		1		2		1	1		1213		1	1212												0	0	0					0		3	0	1253	1					1		16				1					1		6800			
la-guajira	2024-12-31	19372	87	746292	725193	9206	21833	5985	5014	1304	220	134	19	42	73	15987	199	5124	10664	243	17	3	209	14	62448	1393	212	58443	2400	176	133	5	35	25		10		3	7070	1318	40	5016	4968		48		696	188	122	3821	80577	131			16	42	73	66	2098	44	1		9176			359	2417	6400	14359	513327	4034	5		121	17	40	64	15733	154	5033	10546	217	16	3	184	14	59869	1274	212	55987	2396	175	133	4	35	25		10		3	7065	1317	38	5014	4966		48		696	187	122	3806	80531	114			12	38	64	61	1807	30	1		7307			83	1777	5447	14136	509247	3969	5		37	5	6	26	296	43	126	127	44	4		40		2364	117		2247		2		2							2	0	2	0					0		31	0	860	36			7	8	21	16	428	20			1968			274	640	1054	391	4050	65			17	2	2	13	2736	46	2536	154	10		1	9		4478		2	4476		1		1							2	0	2	0					0	1	5	6	2678	9			2	1	6	5	143	7			60			2	1	57	6	18951	55		
magdalena	2024-12-31	25350	87	3534831	3440448	69364	1670981	13602	12208	1989	205	234	34	87	113	1133711	66488	162782	904441	417	17	3	383	14	190274	8245	211	177815	4003	384	310	9	60	36	3	20	1	5	142138	5848	78618	9301	9084	9	205	3	48371	598	131	138037	134633	211		3	40	68	103	97	2859	56	1	1	249599		17	20722	17227	211650	67011	1938559	233351	31	4	217	32	83	102	1127884	63953	160171	903760	377	17	3	343	14	167283	5721	194	157378	3990	383	309	9	60	36	3	20	1	5	142070	5838	78568	9293	9080	9	201	3	48371	597	131	137837	134606	178		3	30	63	85	84	2623	47	1	1	215956		17	839	9571	205546	63656	1913624	233133	31	4	45	10	7	28	5662	2470	2550	642	73	4	1	68		22698	2468	17	20213		3	1	2							50	1	49	0					0		25	0	263	60			22	8	30	24	398	13			33556			19862	7575	6119	3341	23328	213			20	2	3	15	892681	57361	878	834442	8		1	7		4695		38	4657		1		1							1514	0	1514	0					0	2	4	10	3467	11			1	3	7	5	123	5			167745			2	15	167728	336	810877	217664		
meta	2024-12-31	48014	87	1890657	1890627	4	35563	17022	17020	3	34	322	55	105	162	12914	282	4793	7839	660	24	4	611	21	185194	2586	426	160777	21405	454	363	7	71	42	2	26	1	13	87750	47683	155	37277	23097	5	14169	6	2635	1186	104	9424	116568	276		4	33	89	154	93	4899	88	2	4	12108		13	203	724	11181	16488	1400334	1596	12	17	322	55	105	162	12906	275	4793	7838	660	24	4	611	21	185187	2586	426	160770	21405	454	363	7	71	42	2	26	1	13	87750	47683	155	37277	23097	5	14169	6	2635	1186	104	9422	116568	276		4	33	89	154	93	4898	88	2	4	12107		13	203	724	11180	16488	1400309	1596	12	17					0									0															0	0	0					0		1	0	1								3											4				5		3	2	22		12	10	5	1	1	3		1374	1	9	1364												0	0	0					0		4	0	1396	2					2		23				10					10		34803			
narino	2024-12-31	51947	87	959184	938998	10383	8263	11413	11048	650	161	234	35	78	121	21907	2177	3670	16060	511	17	2	480	12	89353	495	3	86249	2606	403	350	7	43	23	3	16	1	3	4585	1704	17	2855	2708	18	126	3	9	623	122	18696	36364	213		5	34	58	121	99	3137	57	1	3	15891		333	1918	2401	11572	7642	689755	533	1	13	229	34	77	118	21327	2042	3655	15630	500	16	2	470	12	88963	330	3	86024	2606	403	350	7	43	23	3	16	1	3	4583	1702	17	2855	2708	18	126	3	9	622	122	18691	36281	204		5	32	57	115	99	3008	52	1	3	15822		333	1891	2391	11540	7637	687030	496	1	13	16	4	3	9	713	135	103	475	14	5		9		222	165		57												0	0	0					0		33	0	2128	23			6	2	15	11	207	8			332			27	9	296	409	4485	37			3	1	1	1	134	129	1	4	6			6		378			378												0	0	0					0		6	0	384	3			2	1		1	103	4			7			6	1		2	6775	41		
norte-santander	2024-12-31	34191	87	148271	148271	0	633	7212	7212		18	200	28	76	96	2220	177	492	1551	426	9	2	402	13	10717	94	21	10299	303	261	203	7	46	27	2	17		5	1824	834	24	886	794	15	77		80	567	79	3336	6910	175		2	24	61	90	56	2349	45	1	2	2275		6	123	851	1301	670	90927	276	2	7	200	28	76	96	2220	177	492	1551	426	9	2	402	13	10717	94	21	10299	303	261	203	7	46	27	2	17		5	1824	834	24	886	794	15	77		80	567	79	3336	6910	175		2	24	61	90	56	2349	45	1	2	2275		6	123	851	1301	670	90927	276	2	7																																																																			0				2			2		48			48												0	0	0					0		2	0	44								15											619			
putumayo	2024-12-31	54128	87	518333	518330	0	4376	9094	9094		16	134	16	46	72	5649	88	732	4829	463	17	3	432	11	59038	619	31	53186	5202	226	181	4	36	19	3	14		5	5971	893	10	3817	3735	12	70		1251	351	84	2374	23630	104		5	12	29	63	52	3341	28	1	1	1930		259	42	161	1727	2770	399921	631	1	1	134	16	46	72	5649	88	732	4829	463	17	3	432	11	59038	619	31	53186	5202	226	181	4	36	19	3	14		5	5971	893	10	3817	3735	12	70		1251	351	84	2374	23630	104		5	12	29	63	52	3341	28	1	1	1930		259	42	161	1727	2770	399921	631	1	1																																																																			0				1			1		576			576												0	0	0					0		2	0	595								13											4319			
quindio	2024-12-31	45606	87	657437	657437	0	3810	5122	5122		13	133	9	49	75	8202	686	2334	5182	239	9		224	6	70153	906		68249	998	321	261	6	53	34	3	15	1	1	9501	1363	24	8113	7997	12	96	8	1	446	70	9360	41589	102		2	4	35	63	42	1635	29	1	1	4081		7	87	770	3224	2359	532665	175	10	1	133	9	49	75	8202	686	2334	5182	239	9		224	6	70153	906		68249	998	321	261	6	53	34	3	15	1	1	9501	1363	24	8113	7997	12	96	8	1	446	70	9360	41589	102		2	4	35	63	42	1635	29	1	1	4081		7	87	770	3224	2359	532665	175	10	1																																																																			0				1			1		351			351												0	0	0					0		1	0	351								12											3729			
risaralda	2024-12-31	43232	87	1267543	1267523	0	3771	8109	8107		24	234	32	80	122	44560	1093	9863	33604	486	15	1	457	13	177642	1261	3	172995	3383	338	275	6	54	33	3	17	1	3	10529	1263	100	9158	9041	7	89	21	8	715	83	46008	64953	176		2	23	59	94	74	2220	38	1		25587		4	300	1461	23826	25785	998917	144	3		234	32	80	122	44560	1093	9863	33604	486	15	1	457	13	177640	1261	3	172993	3383	338	275	6	54	33	3	17	1	3	10529	1263	100	9158	9041	7	89	21	8	715	83	46008	64953	176		2	23	59	94	74	2219	38	1		25587		4	300	1461	23826	25785	998913	144	3																																																																1		1		2		2		3			3		480			480												0	0	0					0		3	0	482								18											3707			
san-andres-providencia	2024-12-31		87	168187	67939	65098	7055	2780	2011	1429	142	65	11	18	36	4929	1125	1072	2732	96	4	2	90		21135	281	24	20830		120	88	2	26	16		9	1	4	2549	509	82	982	921		60	1	976	10	124	1403	22396	77			26	14	37	35	930	23			20407			7117	6217	7073	6963	76215	568			57	10	16	31	2947	833	519	1595	65	3	2	60		4112	90	24	3998		119	87	2	26	16		9	1	4	2511	507	53	980	921		58	1	971	10	123	1349	22161	60			14	14	32	28	833	18			2235			71	57	2107	3732	48850	41			36	10	7	19	1949	243	629	1077	62	3		59		17027	191		16836		1		1							29	0	29	0					0		30	0	799	62			25	11	26	24	435	14			18175			7039	6161	4975	3413	27474	525			15	2		13	261	17		244	11			11		510			510												0	0	0					0		4	0	1391	14			2	4	8	6	72	4			218			15	23	180	125	6344	55		
santander	2024-12-31	38198	87	1607394	1607335	40	17332	14825	14824	10	23	384	65	146	173	28277	3361	10436	14480	649	18	3	614	14	140258	2243	768	112208	25039	580	482	14	77	49	3	24	1	7	39682	30538	371	7653	6296	34	1292	31	1120	1245	103	64211	82237	333		4	51	122	160	98	3450	87	1	3	23848		36	2380	8754	12714	8391	915483	6026	41	138	384	65	146	173	28277	3361	10436	14480	649	18	3	614	14	140247	2243	768	112197	25039	580	482	14	77	49	3	24	1	7	39682	30538	371	7653	6296	34	1292	31	1120	1245	103	64211	82237	333		4	51	122	160	98	3450	87	1	3	23848		36	2380	8754	12714	8385	915438	6026	41	138	1	1			1		1		1			1		1			1												0	0	0					0		8	0	27							1	9										13	27				2		2		14		14		4	1	1	2		631	7	7	617												0	0	0					0		3	0	630	2					2		17				14					14		17279			
sucre	2024-12-31	30679	87	268046	247592	7106	5786	3737	3516	325	131	85	10	27	48	21365	3132	656	17577	164	12	3	135	14	22642	263	67	15877	6435	197	147	4	40	23	1	16		6	8554	5041	672	2291	1907	1	383		550	89	98	17892	15026	60			5	22	33	37	1481	22	1		5898			275	3079	2544	32394	133239	10957	15		81	9	26	46	21338	3128	654	17556	155	12	3	126	14	20805	257	66	14047	6435	196	147	3	40	23	1	16		6	8551	5039	671	2291	1907	1	383		550	87	98	17856	14710	57			5	20	32	32	1381	16	1		5888			275	3075	2538	32128	119442	10947	14		17	3	2	12	44	3	26	15	11		1	10		148		1	147		1		1							1	0	1	0					0		21	0	2172	9				2	7	11	169	6	1		246				4	242	466	4807	9	1		15	2	3	10	112	18	34	60	9	1	1	7		691	1	4	686												0	0	0					0	1	4	3	470	7				1	6	4	94	2			30				3	27	8	5138	3		
tolima	2024-12-31	46508	87	1180210	1180208	0	14487	8803	8803		22	195	27	65	103	19584	1035	7256	11293	358	16	3	325	14	120034	2675	39	113054	4266	417	342	9	61	41	1	18	1	5	18963	3348	616	14938	14824	1	109	4	61	697	91	36374	70986	162	1	2	16	51	95	58	2500	46	1	1	14179	2	10	154	1308	12717	7669	858165	295	22	5	195	27	65	103	19584	1035	7256	11293	358	16	3	325	14	120034	2675	39	113054	4266	417	342	9	61	41	1	18	1	5	18963	3348	616	14938	14824	1	109	4	61	697	91	36373	70986	162	1	2	16	51	95	58	2500	46	1	1	14179	2	10	154	1308	12717	7669	858165	295	22	5																																																															2		2		17		17		4		1	3		2136		2	2134												0	0	0					0		4	0	2203	1					1		18				2					2		14266			
valle-del-cauca	2024-12-31	46603	87	2748634	2728069	16165	48657	18030	17087	1404	213	426	68	129	229	21063	1441	5189	14433	840	23	2	797	18	332369	1032	20	312390	18927	648	544	11	84	54	3	26	1	9	33128	6573	526	25417	24629	18	673	97	612	1652	125	71012	160894	426		4	71	128	227	145	4471	133	2	4	12916		22	1620	3310	7986	22822	2160007	1055	185	125	400	64	128	208	20329	1428	5162	13739	789	19	2	751	17	328590	955	20	308742	18873	648	544	11	84	54	3	26	1	9	33116	6566	526	25413	24629	18	669	97	611	1649	124	70904	160864	378		4	66	113	199	135	4150	114	2	4	11942		22	1394	2853	7695	22660	2149305	983	185	123	36	3	5	28	1091	12	130	949	56	5		50	1	3567	68		3498	1											0	0	0					0		33	0	710	66			10	16	40	20	504	25			994			227	446	321	239	11129	69			10	3	1	6	309	75	38	196	13			13		3712			3712												0	0	0					0	1	5	14	3630	14			3	3	8	3	133	9			309			194	97	18	9	43656	38		
vaupes	2024-12-31	54367	87	262907	262907	0	1595	6528	6528		14	30	4	6	20	92	4	27	61	246	11	2	224	9	35421	1487	26	32884	1024	82	54	1	22	12		10		5	973	313	2	645	618		27		13	150	69	921	9537	54			3	14	37	29	2780	21		2	215			3	35	177	1272	203089	60		16	30	4	6	20	92	4	27	61	246	11	2	224	9	35421	1487	26	32884	1024	82	54	1	22	12		10		5	973	313	2	645	618		27		13	150	69	921	9537	54			3	14	37	29	2780	21		2	215			3	35	177	1272	203089	60		16																																																																			0				1			1		51			51												0	0	0					0		1	0	51								12											1579			
vichada	2024-12-31	45117	87	158076	158076	0	3421	4908	4908		19	52	7	12	33	3586	149	1636	1801	209	13	2	177	17	16460	746	193	13969	1552	99	67	1	23	15		7	1	8	1968	338	11	581	568		12	1	1038	65	76	322	7206	57		1	3	15	39	35	2404	19		2	2992		1	5	739	2248	1263	110050	64		4	52	7	12	33	3586	149	1636	1801	209	13	2	177	17	16460	746	193	13969	1552	99	67	1	23	15		7	1	8	1968	338	11	581	568		12	1	1038	65	76	322	7206	57		1	3	15	39	35	2404	19		2	2992		1	5	739	2248	1263	110050	64		4																																																																			0				1			1		814			814												0	0	0					0		2	0	816								15	1										3241	1		
abejorral	2024-12-31			9394	9394	0	4	888	888		1	32	6	8	18	193	29	11	153	101			98	3	317			313	4	23	14	1	8	5	1	1	1		886	820	1	65	51	10	3	1	0	128	24	313	326	18			2	6	10	6	472	5			90			2	15	73	20	5634	18			32	6	8	18	193	29	11	153	101			98	3	317			313	4	23	14	1	8	5	1	1	1		886	820	1	65	51	10	3	1	0	128	24	313	326	18			2	6	10	6	472	5			90			2	15	73	20	5634	18																																																																					0									0															0	0	0					0			0									1											4			
abrego	2024-12-31			1198	1198	0	1	321	321		1	22	3	12	7	63	14	27	22	47	1		46		108	9		99		5	4		1	1					7	6	0	1	1				0	33	9	96	45	9			1	5	3	4	161	1			28			4	12	12	17	605	16			22	3	12	7	63	14	27	22	47	1		46		108	9		99		5	4		1	1					7	6	0	1	1				0	33	9	96	45	9			1	5	3	4	161	1			28			4	12	12	17	605	16																																																																					0									0															0	0	0					0			0									1											1			
abriaqui	2024-12-31			4403	4403	0	0	545	545			19	1	7	11	177	4	107	66	51	1		50		170	3		167		4	2		2	2					16	11	0	5	5				0	63	11	1283	28	16			1	8	7	8	297	2			167			5	105	57	33	2324	2			19	1	7	11	177	4	107	66	51	1		50		170	3		167		4	2		2	2					16	11	0	5	5				0	63	11	1283	28	16			1	8	7	8	297	2			167			5	105	57	33	2324	2																																																																																																																														
acacias	2024-12-31			168487	168486	0	5791	2447	2447		14	32	6	7	19	1604	35	31	1538	144	8	1	125	10	12762	170	2	10603	1987	82	53	3	19	8	1	10		7	21480	13318	11	8091	2967	1	5123		60	92	66	641	9208	39			4	7	28	16	1236	10			1732			27	14	1691	1661	109814	111			32	6	7	19	1604	35	31	1538	144	8	1	125	10	12762	170	2	10603	1987	82	53	3	19	8	1	10		7	21480	13318	11	8091	2967	1	5123		60	92	66	640	9208	39			4	7	28	16	1236	10			1732			27	14	1691	1661	109814	111																																																																					0				1			1		46			46												0	0	0					0		1	0	46								12											5780			
acandi	2024-12-31			49444	30706	13304	556	2101	1859	184	36	55	5	14	36	1871	1571	150	150	169	8	2	149	10	10101	1666	16	8335	84	74	56	1	15	9		6		2	372	194	11	163	126		37		4	41	91	87	8746	45			18	6	21	36	1104	14		2	7185			4297	356	2532	544	27082	129		2	43	5	10	28	920	712	85	123	134	7	2	116	9	3588	806	16	2688	78	73	56		15	9		6		2	353	188	0	161	126		35		4	40	91	79	8730	23			4	3	16	22	974	7		2	834			33	3	798	296	21331	16		2	14	5	2	7	950	859	68	23	30	2		28		6460	859		5601		2	1	1							12	1	11	0					0		2	0	8	23			14	3	6	9	94	6			6348			4262	353	1733	229	5244	112			3			3	11			11	2			2		213			213												0	0	0					0		4	0	124	2				1	1	1	28	2			2				1	1	8	506	26		
acevedo	2024-12-31			47041	47041	0	112	1684	1684		6	39	3	12	24	1917	12	41	1864	103	4		93	6	6488	17		6452	19	21	12	1	8	4		4			87	16	1	70	66		4		0	96	42	2611	1760	35			3	11	21	15	744	6			999			12	106	881	971	35405	20			39	3	12	24	1917	12	41	1864	103	4		93	6	6488	17		6452	19	21	12	1	8	4		4			87	16	1	70	66		4		0	96	42	2611	1760	35			3	11	21	15	744	6			999			12	106	881	971	35405	20																																																																					0				1			1		3			3												0	0	0					0		1	0	3								6											112			
achi	2024-12-31			31865	31865	0	2	347	347		2	24	4	4	16	5719	397	14	5308	12	1		10	1	37	1		16	20	10	3	2	2	1		1		3	2300	6	61	619	616		3		1614	53	2	10067	2	13			2	2	9	7	182	5			2426			1122	395	909	580	15740	2464			24	4	4	16	5719	397	14	5308	12	1		10	1	37	1		16	20	10	3	2	2	1		1		3	2300	6	61	619	616		3		1614	53	2	10067	2	13			2	2	9	7	182	5			2426			1122	395	909	580	15740	2464																																																																	1	1			1	1								0															0	0	0					0			0		1					1		1				1					1		1			
agrado	2024-12-31			20315	20315	0	357	670	670		7	7		3	4	18		9	9	61	1		54	6	4831	16		4487	328	42	31	1	10	6	1	3			233	57	2	174	166	3	5		0	34	48	479	1172	5			1		4	7	455	2			25			2		23	38	14590	28			7		3	4	18		9	9	61	1		54	6	4831	16		4487	328	42	31	1	10	6	1	3			233	57	2	174	166	3	5		0	34	48	479	1172	5			1		4	7	455	2			25			2		23	38	14590	28																																																																					0				1			1		151			151												0	0	0					0		2	0	159								7											357			
agua-de-dios	2024-12-31			3717	3717	0	62	299	299		6	1		1		1		1		26			25	1	275			254	21	10	3	1	6	4		2			57	3	1	53	51		2		0	4	22	118	150	2				2		2	239				4				4		3	3242				1		1		1		1		26			25	1	275			254	21	10	3	1	6	4		2			57	3	1	53	51		2		0	4	22	118	150	2				2		2	239				4				4		3	3242																																																																						0									0															0	0	0					0			0									6											62			
aguachica	2024-12-31			2004	2004	0	13	437	437		6	7	1	3	3	17	2	4	11	51		1	46	4	231		1	215	15	11	7		3	2		1		1	31	7	0	22	18		4		2	9	25	15	151	3			1	1	1	3	308	2			5			2	1	2	3	1586	5			7	1	3	3	17	2	4	11	51		1	46	4	231		1	215	15	11	7		3	2		1		1	31	7	0	22	18		4		2	9	25	15	151	3			1	1	1	3	308	2			5			2	1	2	3	1586	5																																																																					0									0															0	0	0					0			0									6											13			
aguada	2024-12-31			137	137	0	0	48	48			1			1	1			1	6			6		12			12												0	0	0					0	2	2	8	6								36											96				1			1	1			1	6			6		12			12												0	0	0					0	2	2	8	6								36											96																																																																																																																															
aguadas	2024-12-31			5211	5211	0	40	586	586		7	12	1	5	6	52	3	39	10	44	2		40	2	372	5		365	2	19	11	1	7	6		1			85	18	1	66	65		1		0	36	29	155	309	9				5	4	5	402	4			51				39	12	7	3924	10			12	1	5	6	52	3	39	10	44	2		40	2	372	5		365	2	19	11	1	7	6		1			85	18	1	66	65		1		0	36	29	155	309	9				5	4	5	402	4			51				39	12	7	3924	10																																																																					0				1			1		8			8												0	0	0					0			0									6											39			
aguazul	2024-12-31			71424	71424	0	1371	2014	2014		15	18		7	11	533		68	465	118	5	2	103	8	5647	390	11	3766	1480	62	43	2	13	8		5		4	3000	2290	29	601	590		11		80	51	61	639	2139	22				6	16	17	1150	9	1		525				45	480	278	43872	1226	2		18		7	11	533		68	465	118	5	2	103	8	5647	390	11	3766	1480	62	43	2	13	8		5		4	3000	2290	29	601	590		11		80	51	61	639	2139	22				6	16	17	1150	9	1		525				45	480	278	43872	1226	2																																																																				0				1			1		9			9												0	0	0					0		2	0	12								14											1335			
agustin-codazzi	2024-12-31			8690	8690	0	41	957	957		11	20	3	6	11	122	6	19	97	90	5	1	76	8	517	14	1	482	20	28	22		6	6					121	100	0	21	21				0	34	38	139	193	16			2	5	9	8	585	4	1	1	189			3	18	168	43	4385	14	11	1	20	3	6	11	122	6	19	97	90	5	1	76	8	517	14	1	482	20	28	22		6	6					121	100	0	21	21				0	34	38	139	193	16			2	5	9	8	585	4	1	1	189			3	18	168	43	4385	14	11	1																																																																			0									0															0	0	0					0		2	0	4								11											41			
aipe	2024-12-31			12963	12963	0	194	559	559		8	5	2		3	102	99		3	52	2	2	43	5	1149	4	3	1066	76	19	12		5	4		1		2	177	22	0	152	150		2		3	16	42	334	769	9			1	2	6	2	418		1		108			2	99	7	7	10819		6		5	2		3	102	99		3	52	2	2	43	5	1149	4	3	1066	76	19	12		5	4		1		2	177	22	0	152	150		2		3	16	42	334	769	9			1	2	6	2	418		1		108			2	99	7	7	10819		6																																																																				0				1			1		44			44												0	0	0					0		1	0	44								8											194			
alban-cun	2024-12-31			9399	9399	0	5	1058	1058		3	19	4	8	7	85	10	22	53	71			71		780			780		41	29	1	11	8		3			187	53	1	133	128		5		0	78	33	355	413	22			4	7	11	9	483	1			109			10	28	71	78	6277	2			19	4	8	7	85	10	22	53	71			71		780			780		41	29	1	11	8		3			187	53	1	133	128		5		0	78	33	355	413	22			4	7	11	9	483	1			109			10	28	71	78	6277	2																																																																					0									0															0	0	0					0			0									3											5			
alban-nar	2024-12-31			145	145	0	0	93	93			1		1		2		2							0					15	14		1	1					16	14	0	2	2				0	2	3	3	3	1		1		1			28	1			2		1		2			33	1			1		1		2		2							0					15	14		1	1					16	14	0	2	2				0	2	3	3	3	1		1		1			28	1			2		1		2			33	1																																																																																																																														
albania-caq	2024-12-31			1975	1975	0	6	278	278		5					0				24			24		104			104		3	1		1	1				1	34	1	0	26	26				7		9	0	59							1	208	1									2	978	1							0				24			24		104			104		3	1		1	1				1	34	1	0	26	26				7		9	0	59							1	208	1									2	978	1																																																																					0									0															0	0	0					0			0									5											6			
albania-lag	2024-12-31			110953	110953	0	979	1506	1506		26	30	2	8	20	1749	23	281	1445	108	7	2	90	9	8157	183	118	7568	288	44	23	1	17	14		3		3	1250	145	10	625	610		15		470	32	85	900	4398	26				6	20	24	802	8			474				146	328	373	65223	411			30	2	8	20	1749	23	281	1445	108	7	2	90	9	8157	183	118	7568	288	44	23	1	17	14		3		3	1250	145	10	625	610		15		470	32	85	900	4398	26				6	20	24	802	8			474				146	328	373	65223	411																																																																	4	1	1	2	38	22	6	10	3			3		85			85												0	0	0					0		3	0	81	1					1		22				22					22		644			
albania-san	2024-12-31			187	187	0	0	97	97			2		1	1	3		1	2	12			12		21			21		2	2								2	2	0	0					0	3	2	4	8	3				1	2	1	62				4				1	3	2	101				2		1	1	3		1	2	12			12		21			21		2	2								2	2	0	0					0	3	2	4	8	3				1	2	1	62				4				1	3	2	101																																																																																																																															
alcala	2024-12-31			11328	11328	0	56	532	532		8	7		3	4	11		6	5	38	1		34	3	825	2		818	5	35	18	2	15	11		4			255	25	4	226	221		5		0	38	26	173	500	4					4	2	332	5			6					6	5	8566	11			7		3	4	11		6	5	38	1		34	3	825	2		818	5	35	18	2	15	11		4			255	25	4	226	221		5		0	38	26	173	500	4					4	2	332	5			6					6	5	8566	11																																																																					0				1			1		1			1												0	0	0					0		1	0	1								7											52			
aldana	2024-12-31			88	88	0	0	44	44			1			1	6			6	3			3		14			14		13	10		3	1	2				20	12	0	8	6	2			0		1	0	7			1					12						1					46				1			1	6			6	3			3		14			14		13	10		3	1	2				20	12	0	8	6	2			0		1	0	7			1					12						1					46																																																																																																																															
alejandria	2024-12-31			11269	11269	0	70	825	825		7	22		8	14	194		96	98	81	3		74	4	544	14		514	16	8	4	1	3	3					215	134	7	74	74				0	74	44	554	733	17				3	14	9	554	5			165				77	88	51	7473	22			22		8	14	194		96	98	81	3		74	4	544	14		514	16	8	4	1	3	3					215	134	7	74	74				0	74	44	554	733	17				3	14	9	554	5			165				77	88	51	7473	22																																																																					0				1			1		7			7												0	0	0					0		1	0	7								7											70			
algarrobo	2024-12-31			6544	6544	0	11	384	384		4	4		2	2	77		3	74	33	2	1	29	1	590	5	2	581	2	16	10	2	4	3		1			122	71	40	11	10		1		0	9	14	98	40	8				3	5	3	241				138				40	98	264	3596				4		2	2	77		3	74	33	2	1	29	1	590	5	2	581	2	16	10	2	4	3		1			122	71	40	11	10		1		0	9	14	98	40	8				3	5	3	241				138				40	98	264	3596																																																																						0									0															0	0	0					0			0									4											11			
algeciras	2024-12-31			1987	1987	0	17	364	364		3	6		2	4	25		3	22	33	1		31	1	194	1		186	7	7	3		4	3		1			25	4	0	21	20		1		0	14	21	59	97	5				2	3	4	245	1			12				3	9	24	1534	1			6		2	4	25		3	22	33	1		31	1	194	1		186	7	7	3		4	3		1			25	4	0	21	20		1		0	14	21	59	97	5				2	3	4	245	1			12				3	9	24	1534	1																																																																					0									0															0	0	0					0			0									3											17			
almaguer	2024-12-31			2004	2004	0	0	190	190			3			3	150			150	22	1		21		127	1		126		6	4		2	2					27	5	0	22	22				0	6	6	9	35	1					1		121	1			1					1		1629	1			3			3	150			150	22	1		21		127	1		126		6	4		2	2					27	5	0	22	22				0	6	6	9	35	1					1		121	1			1					1		1629	1																																																																																																																														
almeida	2024-12-31			713	713	0	5	116	116		2	2			2	2			2	8			8		209			209		6	5		1			1			7	6	0	1			1		0	5	6	35	13	1					1	2	83				1					1	25	346				2			2	2			2	8			8		209			209		6	5		1			1			7	6	0	1			1		0	5	6	35	13	1					1	2	83				1					1	25	346																																																																						0									0															0	0	0					0			0									2											5			
alpujarra	2024-12-31			1551	1551	0	8	168	168		2	4			4	5			5	22	1		20	1	152	1		149	2	3	1		2	2					9	1	0	8	8				0	6	18	74	84	1					1	1	144				1					1	1	1386				4			4	5			5	22	1		20	1	152	1		149	2	3	1		2	2					9	1	0	8	8				0	6	18	74	84	1					1	1	144				1					1	1	1386																																																																						0									0															0	0	0					0			0									2											8			
altamira	2024-12-31			3468	3468	0	186	278	278		7	3		1	2	15		12	3	26	1	1	21	3	410	2	1	342	65	11	6		5	4		1			77	6	0	71	69		2		0	7	22	69	244	1					1	3	201	1			1					1	8	2928	2			3		1	2	15		12	3	26	1	1	21	3	410	2	1	342	65	11	6		5	4		1			77	6	0	71	69		2		0	7	22	69	244	1					1	3	201	1			1					1	8	2928	2																																																																					0				1			1		48			48												0	0	0					0		1	0	48								7											186			
alto-baudo	2024-12-31			1983	1982	0	15	696	696		10	15	3	2	10	27	7	3	17	42		1	40	1	114		1	112	1	15	8		5	1		4		2	19	11	0	6	1		5		2	71	5	132	5	18			4	1	13	5	357	8		2	36			15	1	20	9	836	15		2	15	3	2	10	27	7	3	17	42		1	40	1	114		1	112	1	15	8		5	1		4		2	19	11	0	6	1		5		2	71	5	132	5	18			4	1	13	5	357	8		2	36			15	1	20	9	836	15		2																																																																			0				1			1		1			1												0	0	0					0			0									7											11			
altos-del-rosario	2024-12-31			2	2	0	0	2	2							0									0															0	0	0					0			0									2											2								0									0															0	0	0					0			0									2											2																																																																																																																															
alvarado	2024-12-31			6305	6305	0	92	520	520		9	5		2	3	6		3	3	49	2	1	44	2	430	2	1	400	27	14	6	1	5	4		1		2	79	9	1	66	63		3		3	29	41	406	432	2					2	3	374		1		2					2	3	4916		2		5		2	3	6		3	3	49	2	1	44	2	430	2	1	400	27	14	6	1	5	4		1		2	79	9	1	66	63		3		3	29	41	406	432	2					2	3	374		1		2					2	3	4916		2																																																																1		1		1		1		2			2		8			8												0	0	0					0		1	0	7								8											90			
amaga	2024-12-31			7823	7823	0	11	518	518		4	10		5	5	43		6	37	51	1		46	4	520	4		511	5	27	17	1	9	6		2	1		126	21	1	104	94		2	8	0	18	42	133	1062	7				3	4	4	331				28				5	23	42	6371	1			10		5	5	43		6	37	51	1		46	4	520	4		511	5	27	17	1	9	6		2	1		126	21	1	104	94		2	8	0	18	42	133	1062	7				3	4	4	331				28				5	23	42	6371	1																																																																					0				1			1		1			1												0	0	0					0		2	0	2								4											11			
amalfi	2024-12-31			38600	38600	0	218	2328	2328		8	56	7	16	33	1252	193	492	567	130	6		115	9	2555	19		2482	54	29	17	2	10	8		2			163	34	16	113	110		3		0	186	55	2420	2810	47			9	11	27	24	1100	6		1	660			196	37	427	251	26893	27		2	56	7	16	33	1252	193	492	567	130	6		115	9	2555	19		2482	54	29	17	2	10	8		2			163	34	16	113	110		3		0	186	55	2420	2810	47			9	11	27	24	1100	6		1	660			196	37	427	251	26893	27		2																																																																			0				1			1		38			38												0	0	0					0		1	0	38								8											218			
ambalema	2024-12-31			17038	17038	0	532	605	605		14	7		3	4	17		10	7	55	2	2	48	3	3433	61	3	3161	208	24	13	1	8	7		1		2	301	21	8	261	260		1		11	31	52	462	2399	8			1	1	6	4	414	1			53			3	2	48	13	14818	3			7		3	4	17		10	7	55	2	2	48	3	3433	61	3	3161	208	24	13	1	8	7		1		2	301	21	8	261	260		1		11	31	52	462	2399	8			1	1	6	4	414	1			53			3	2	48	13	14818	3																																																																	1		1		7		7		2			2		221			221												0	0	0					0		2	0	216								14											532			
anapoima	2024-12-31			24736	24736	0	817	622	622		10	4		2	2	4		2	2	55		1	51	3	2226		2	1968	256	35	23	1	10	7		2	1	1	213	40	4	167	164		2	1	2	11	50	582	1256	2					2	6	399	2			2					2	16	21548	5			4		2	2	4		2	2	55		1	51	3	2226		2	1968	256	35	23	1	10	7		2	1	1	213	40	4	167	164		2	1	2	11	50	582	1256	2					2	6	399	2			2					2	16	21548	5																																																																					0				1			1		57			57												0	0	0					0		2	0	71								10											817			
ancuya	2024-12-31			258	258	0	0	104	104							0				7			7		19			19		11	9		2	2					14	12	0	2	2				0	3	2	3	3	1					1		67				1					1		158								0				7			7		19			19		11	9		2	2					14	12	0	2	2				0	3	2	3	3	1					1		67				1					1		158																																																																																																																															
andalucia	2024-12-31			1375	1375	0	7	366	366		4	4	1	1	2	37	11	24	2	27	2		21	4	95	3		79	13	14	8		5	3		2		1	25	12	0	12	7		5		1	11	13	90	35	3					3		198	1	1		36					36		706	1	5		4	1	1	2	37	11	24	2	27	2		21	4	95	3		79	13	14	8		5	3		2		1	25	12	0	12	7		5		1	11	13	90	35	3					3		198	1	1		36					36		706	1	5																																																																				0				1			1		1			1												0	0	0					0		1	0	1								3											6			
andes	2024-12-31			19991	19991	0	10	1308	1308		5	41	1	9	31	435	1	95	339	108	7		94	7	2134	88	1	2036	9	55	42	1	12	7		5			412	93	1	318	306		12		0	84	46	612	1002	24				6	18	22	651	3		1	376				17	359	144	14345	5		1	41	1	9	31	435	1	95	339	108	7		94	7	2134	88	1	2036	9	55	42	1	12	7		5			412	93	1	318	306		12		0	84	46	612	1002	24				6	18	22	651	3		1	376				17	359	144	14345	5		1																																																																			0				1			1		1			1												0	0	0					0		1	0	1								5											10			
angelopolis	2024-12-31			8187	8187	0	0	691	691			14	1	4	9	177	1	52	124	54	2		48	4	389	2		383	4	19	12		7	6		1			52	17	0	35	34		1		0	47	27	363	499	7			1	2	4	4	347				93			1	2	90	19	6116	2			14	1	4	9	177	1	52	124	54	2		48	4	389	2		383	4	19	12		7	6		1			52	17	0	35	34		1		0	47	27	363	499	7			1	2	4	4	347				93			1	2	90	19	6116	2																																																																																																																														
angostura	2024-12-31			11359	11359	0	3	784	784		2	30	3	14	13	318	29	73	216	57	2		50	5	761	25		730	6	22	13	1	8	8					275	116	20	139	139				0	75	16	569	90	24			2	9	13	10	354				129			23	55	51	118	3117	1			30	3	14	13	318	29	73	216	57	2		50	5	761	25		730	6	22	13	1	8	8					275	116	20	139	139				0	75	16	569	90	24			2	9	13	10	354				129			23	55	51	118	3117	1																																																																					0									0															0	0	0					0			0									2											3			
anolaima	2024-12-31			9312	9312	0	29	932	932		2	8		2	6	36		3	33	58			57	1	752			751	1	62	47	1	14	9	1	3	1		236	72	2	162	156	1	3	2	0	40	33	201	532	9		2	1	1	7	5	438	1			19		3	1	1	17	60	7183	3			8		2	6	36		3	33	58			57	1	752			751	1	62	47	1	14	9	1	3	1		236	72	2	162	156	1	3	2	0	40	33	201	532	9		2	1	1	7	5	438	1			19		3	1	1	17	60	7183	3																																																																					0									0															0	0	0					0			0									2											29			
anori	2024-12-31			132956	132956	0	122	3095	3095		13	88	9	31	48	4369	1166	1490	1713	175	12	1	154	8	13968	28	1	13729	210	42	26	3	11	8		3		2	144	58	5	79	74		5		2	267	59	7766	8574	79			9	28	42	40	1582	18		1	2441			1169	111	1161	1506	98284	58		3	88	9	31	48	4369	1166	1490	1713	175	12	1	154	8	13968	28	1	13729	210	42	26	3	11	8		3		2	144	58	5	79	74		5		2	267	59	7766	8574	79			9	28	42	40	1582	18		1	2441			1169	111	1161	1506	98284	58		3																																																																			0				2			2		27			27												0	0	0					0		2	0	19								11											112			
anserma	2024-12-31			18636	18636	0	157	531	531		8	11		5	6	42		6	36	52	1		49	2	1684	1		1646	37	26	15		11	9		2			352	23	0	329	325		4		0	27	43	308	1459	5		1		2	3	4	388	2			5		1		2	3	33	15507	2			11		5	6	42		6	36	52	1		49	2	1684	1		1646	37	26	15		11	9		2			352	23	0	329	325		4		0	27	43	308	1459	5		1		2	3	4	388	2			5		1		2	3	33	15507	2																																																																					0				1			1		25			25												0	0	0					0		1	0	25								8											157			
ansermanuevo	2024-12-31			12112	12112	0	319	819	819		10	17		6	11	64		31	33	67	3		57	7	1060	9		931	120	15	8	1	5	4		1		1	228	23	1	194	192		2		10	57	52	208	964	14			1	2	11	10	493	3	1		141			2	103	36	42	9494	8	5		17		6	11	64		31	33	67	3		57	7	1060	9		931	120	15	8	1	5	4		1		1	228	23	1	194	192		2		10	57	52	208	964	14			1	2	11	10	493	3	1		141			2	103	36	42	9494	8	5																																																																				0				1			1		17			17												0	0	0					0		2	0	21								9											301			
anza	2024-12-31			1096	1096	0	1	288	288		1	3		2	1	27		25	2	27	1		21	5	87	1		81	5	6	1		5	5					11	1	0	10	10				0	15	21	72	100	3				1	2	2	215	1			27				1	26	2	865	1			3		2	1	27		25	2	27	1		21	5	87	1		81	5	6	1		5	5					11	1	0	10	10				0	15	21	72	100	3				1	2	2	215	1			27				1	26	2	865	1																																																																					0									0															0	0	0					0			0									1											1			
anzoategui	2024-12-31			4433	4433	0	6	598	598		1	24	1	7	16	100	4	28	68	58	5	1	51	1	355	14	1	337	3	12	8	1	3	3					30	12	4	14	14				0	50	14	350	99	19				5	14	8	339	2			78				18	60	80	2820	2			24	1	7	16	100	4	28	68	58	5	1	51	1	355	14	1	337	3	12	8	1	3	3					30	12	4	14	14				0	50	14	350	99	19				5	14	8	339	2			78				18	60	80	2820	2																																																																					0									0															0	0	0					0			0									1											6			
apartado	2024-12-31			12112	12099	11	173	804	804	6	14	11	1	6	4	54	8	29	17	85	4	1	75	5	1286	11	8	1216	51	34	25		9	5		4			213	71	0	142	138		4		0	21	69	101	1158	9				2	7	15	520	3			34				4	30	71	8611	16			11	1	6	4	53	8	29	16	85	4	1	75	5	1282	11	8	1212	51	34	25		9	5		4			213	71	0	142	138		4		0	21	69	101	1158	9				2	7	15	520	3			34				4	30	71	8599	16							0									0															0	0	0					0		4	0	9	1					1		5				3					3		8								0				2			2		43			43												0	0	0					0		2	0	21								13											170			
apia	2024-12-31			47248	47248	0	41	1046	1046		6	39	2	9	28	1414	3	160	1251	97	3		92	2	4454	80		4367	7	10	4		6	4		1	1		610	4	0	606	604		1	1	0	83	51	1761	3626	26			1	6	19	19	616	2			410			1	20	389	1292	37707	7			39	2	9	28	1414	3	160	1251	97	3		92	2	4454	80		4367	7	10	4		6	4		1	1		610	4	0	606	604		1	1	0	83	51	1761	3626	26			1	6	19	19	616	2			410			1	20	389	1292	37707	7																																																																					0				1			1		23			23												0	0	0					0		1	0	23								6											41			
apulo	2024-12-31			16961	16961	0	164	569	569		5	6		4	2	16		9	7	46		1	41	4	1712		1	1610	101	38	27	1	9	6		2	1	1	188	47	6	134	128		5	1	1	23	46	481	834	3			1	1	1	6	383	3			9			3	5	1	14	14830	3			6		4	2	16		9	7	46		1	41	4	1712		1	1610	101	38	27	1	9	6		2	1	1	188	47	6	134	128		5	1	1	23	46	481	834	3			1	1	1	6	383	3			9			3	5	1	14	14830	3																																																																					0				1			1		2			2												0	0	0					0		1	0	2								5											164			
aquitania	2024-12-31			24666	24666	0	236	880	880		7	34	3	16	15	1246	574	577	95	73	2		70	1	1166	21		1144	1	41	25	2	12	9	1	2		2	159	70	5	73	69	1	3		11	99	44	2357	3645	28	1		6	11	11	11	353				1195	2		51	649	495	972	14742				34	3	16	15	1246	574	577	95	73	2		70	1	1166	21		1144	1	41	25	2	12	9	1	2		2	159	70	5	73	69	1	3		11	99	44	2357	3645	28	1		6	11	11	11	353				1195	2		51	649	495	972	14742																																																																						0				1			1		125			125												0	0	0					0		3	0	137								6											235			
aracataca	2024-12-31			11569	11569	0	1820	941	941		24	34	3	12	19	2567	534	543	1490	58	1	2	49	6	212	2	3	195	12	37	26	1	6	5		1		4	838	32	585	16	15		1		205	83	28	504	115	22			1	11	10	19	472	6			607			1	26	580	51	3748	466			34	3	12	19	2567	534	543	1490	58	1	2	49	6	212	2	3	195	12	37	26	1	6	5		1		4	838	32	585	16	15		1		205	83	28	504	115	22			1	11	10	19	472	6			607			1	26	580	51	3748	466																																																																	7	1		6	1681	532		1149	1			1		1			1												0	0	0					0			0		2					2		20	2			540					540		1100	180		
aranzazu	2024-12-31			9391	9391	0	1	917	917		1	16	1	4	11	209	1	142	66	52			51	1	573			572	1	35	28		7	7					93	40	0	53	53				0	62	18	398	114	11		1	1	2	8	6	508	4	1		35		2	3	7	25	54	6544	6	5		16	1	4	11	209	1	142	66	52			51	1	573			572	1	35	28		7	7					93	40	0	53	53				0	62	18	398	114	11		1	1	2	8	6	508	4	1		35		2	3	7	25	54	6544	6	5																																																																				0				1			1		1			1												0	0	0					0		1	0	1								1											1			
aratoca	2024-12-31			3400	3400	0	4	371	371		2	11	1	5	5	91	10	22	59	36	1		34	1	210	1		208	1	23	17	1	5	4		1			47	23	2	22	21		1		0	24	36	183	315	6			1	3	2	6	240	1			15			10	3	2	27	2579	1			11	1	5	5	91	10	22	59	36	1		34	1	210	1		208	1	23	17	1	5	4		1			47	23	2	22	21		1		0	24	36	183	315	6			1	3	2	6	240	1			15			10	3	2	27	2579	1																																																																					0									0															0	0	0					0			0									2											4			
arauca-ara	2024-12-31			58564	58564	0	1704	1615	1615		16	19	2	6	11	511	10	62	439	109	8	2	86	13	6272	347	525	4917	483	59	37		16	12		4		6	935	99	0	446	433		13		390	12	68	44	3221	16			1	5	10	17	968	3			131			5	24	102	332	44690	3			19	2	6	11	511	10	62	439	109	8	2	86	13	6272	347	525	4917	483	59	37		16	12		4		6	935	99	0	446	433		13		390	12	68	44	3221	16			1	5	10	17	968	3			131			5	24	102	332	44690	3																																																																					0				2			2		87			87												0	0	0					0		3	0	98								15											1622			
arauquita	2024-12-31			7581	7581	0	66	1158	1158		13	22	2	7	13	131	2	64	65	97	8	2	76	11	603	24	8	534	37	59	37	1	12	9		3		9	290	140	16	101	92		9		33	12	28	16	158	18			1	3	14	9	759	7			79			1	53	25	15	4097	8			22	2	7	13	131	2	64	65	97	8	2	76	11	603	24	8	534	37	59	37	1	12	9		3		9	290	140	16	101	92		9		33	12	28	16	158	18			1	3	14	9	759	7			79			1	53	25	15	4097	8																																																																					0									0															0	0	0					0		1	0	2								12											63			
arbelaez	2024-12-31			3619	3619	0	14	614	614		3	11	1	3	7	21	2	7	12	50	1		48	1	290	3		284	3	54	43	1	10	6	1	3			136	54	19	63	57	1	5		0	35	32	138	218	11			1	4	6	7	369	2			19			1	10	8	15	2728	3			11	1	3	7	21	2	7	12	50	1		48	1	290	3		284	3	54	43	1	10	6	1	3			136	54	19	63	57	1	5		0	35	32	138	218	11			1	4	6	7	369	2			19			1	10	8	15	2728	3																																																																					0									0															0	0	0					0			0									3											14			
arboleda	2024-12-31			817	817	0	0	138	138							0				9			9		30			30		8	6		2	2					20	18	0	2	2				0	2	6	8	54							2	95	1									5	558	12							0				9			9		30			30		8	6		2	2					20	18	0	2	2				0	2	6	8	54							2	95	1									5	558	12																																																																																																																														
arboledas	2024-12-31			9143	9143	0	10	493	493		3	7	2		5	48	13		35	70	2	1	64	3	853	4	1	838	10	12	4		6	4		2		2	43	4	0	26	23		3		13	5	36	30	590	6			2		4	4	381	1			35			14		21	14	7104	1			7	2		5	48	13		35	70	2	1	64	3	853	4	1	838	10	12	4		6	4		2		2	43	4	0	26	23		3		13	5	36	30	590	6			2		4	4	381	1			35			14		21	14	7104	1																																																																					0									0															0	0	0					0			0									3											10			
arboletes	2024-12-31			1684	1597	8	74	485	479	4	19	5	2	1	2	24	2	15	7	44	2	1	36	5	135	5	1	119	10	46	35		10	8		1	1	1	110	84	0	25	18		6	1	1	7	37	20	129	4				1	3	8	289	1	1		5				1	4	19	1041	7	3		5	2	1	2	24	2	15	7	44	2	1	36	5	133	5	1	117	10	46	35		10	8		1	1	1	106	80	0	25	18		6	1	1	7	37	20	129	4				1	3	8	286	1	1		5				1	4	19	1005	7	2						0									0															0	0	0					0			0									2		1									3		1						0				1			1		1			1												0	0	0					0		1	0	2								16											59			
arcabuco	2024-12-31			29963	29963	0	1	1985	1985		1	49	4	18	27	268	5	97	166	119	2		116	1	2474	3		2469	2	69	54	4	11	7	2	2			189	98	34	57	49	2	6		0	159	32	1215	888	39			2	16	21	16	527	2			522			3	122	397	308	14130	6			49	4	18	27	268	5	97	166	119	2		116	1	2474	3		2469	2	69	54	4	11	7	2	2			189	98	34	57	49	2	6		0	159	32	1215	888	39			2	16	21	16	527	2			522			3	122	397	308	14130	6																																																																					0									0															0	0	0					0			0									1											1			
arenal	2024-12-31			52	52	0	0	39	39			1			1	1			1	9			6	3	11			7	4	1	1								1	1	0	0					0			0		1					1		25				1					1		29				1			1	1			1	9			6	3	11			7	4	1	1								1	1	0	0					0			0		1					1		25				1					1		29																																																																																																																															
argelia-ant	2024-12-31			466	466	0	0	220	220			8	1	2	5	10	1	3	6	18	1		14	3	30	1		26	3	4	2	1	1	1					5	2	1	2	2				0	31	6	36	15	6			1	2	3	3	92	3			8			1	3	4	4	193	3			8	1	2	5	10	1	3	6	18	1		14	3	30	1		26	3	4	2	1	1	1					5	2	1	2	2				0	31	6	36	15	6			1	2	3	3	92	3			8			1	3	4	4	193	3																																																																																																																														
argelia-cau	2024-12-31			6267	6267	0	10	458	458		5	13		2	11	85		15	70	54			53	1	791			786	5	4			4	4					10	0	0	10	10				0	27	18	184	183	5				2	3	7	342	1			34				16	18	53	5038	2			13		2	11	85		15	70	54			53	1	791			786	5	4			4	4					10	0	0	10	10				0	27	18	184	183	5				2	3	7	342	1			34				16	18	53	5038	2																																																																					0				1			1		1			1												0	0	0					0		1	0	1								5											10			
argelia-vac	2024-12-31			7034	7034	0	0	608	608			9		3	6	33		7	26	49	2		43	4	419	6		401	12	12	10		2	2					46	35	0	11	11				0	38	25	171	404	7				3	4	8	358	1	1		48				29	19	20	4698	3	1		9		3	6	33		7	26	49	2		43	4	419	6		401	12	12	10		2	2					46	35	0	11	11				0	38	25	171	404	7				3	4	8	358	1	1		48				29	19	20	4698	3	1																																																																																																																													
ariguani	2024-12-31			7537	7537	0	47	463	463		9	5		1	4	245		35	210	53	5	1	44	3	597	5	1	578	13	17	11		5	4		1		1	589	533	0	54	52		2		2	4	40	209	136	7				1	6	6	327	2			346				35	311	27	4258	2			5		1	4	245		35	210	53	5	1	44	3	597	5	1	578	13	17	11		5	4		1		1	589	533	0	54	52		2		2	4	40	209	136	7				1	6	6	327	2			346				35	311	27	4258	2																																																																					0									0															0	0	0					0			0									8											43			
arjona	2024-12-31			13676	13676	0	603	664	664		18	9	3	1	5	290	4	1	285	62	2	1	54	5	824	2	4	715	103	33	26	1	4	3		1		2	643	524	3	112	100		12		4	8	46	49	567	13				3	10	10	421	3	1		51				5	46	28	8795	76	5		9	3	1	5	290	4	1	285	62	2	1	54	5	824	2	4	715	103	33	26	1	4	3		1		2	643	524	3	112	100		12		4	8	46	49	567	13				3	10	10	421	3	1		51				5	46	28	8795	76	5																																																																2			2	112			112	2			2		41			41												0	0	0					0		3	0	39								15	1										506	72		
armenia-ant	2024-12-31			1099	1099	0	0	260	260			2		1	1	29		24	5	24	2		17	5	60	5		46	9	15	8	1	6	5	1				45	28	1	16	15	1			0	7	15	17	20	4				1	3		192	1			35				5	30		887	2			2		1	1	29		24	5	24	2		17	5	60	5		46	9	15	8	1	6	5	1				45	28	1	16	15	1			0	7	15	17	20	4				1	3		192	1			35				5	30		887	2																																																																																																																														
armenia-qui	2024-12-31			86032	86032	0	722	1185	1185		9	16		8	8	213		17	196	79	3		70	6	8282	29		7833	420	134	102	3	28	18	2	7	1	1	1460	231	4	1224	1192	5	26	1	1	49	55	615	6902	12				4	8	9	555	5			26				5	21	219	71841	12			16		8	8	213		17	196	79	3		70	6	8282	29		7833	420	134	102	3	28	18	2	7	1	1	1460	231	4	1224	1192	5	26	1	1	49	55	615	6902	12				4	8	9	555	5			26				5	21	219	71841	12																																																																					0				1			1		10			10												0	0	0					0		1	0	10								9											722			
armero	2024-12-31			46948	46948	0	653	1206	1206		11	12		7	5	580		565	15	78	1	2	69	6	3275	3	6	3033	233	82	65	1	15	13		2		1	2100	1796	1	302	292		10		1	49	57	1898	2195	11				3	8	9	683	5	1		326				250	76	43	33099	12	1		12		7	5	580		565	15	78	1	2	69	6	3275	3	6	3033	233	82	65	1	15	13		2		1	2100	1796	1	302	292		10		1	49	57	1898	2195	11				3	8	9	683	5	1		326				250	76	43	33099	12	1																																																																				0				2			2		51			51												0	0	0					0		2	0	58								11											653			
arroyohondo	2024-12-31			118	118	0	7	71	71		5	1			1	1			1	7			5	2	13			9	4	2			2	1		1			2	0	0	2	1		1		0	1	13	1	13	1					1	4	62				1					1	4	92				1			1	1			1	7			5	2	13			9	4	2			2	1		1			2	0	0	2	1		1		0	1	13	1	13	1					1	4	62				1					1	4	92																																																																						0									0															0	0	0					0			0									4											6			
astrea	2024-12-31			122	122	0	6	91	91		4	2		1	1	2		1	1	11			10	1	15			14	1	2			2	2					2	0	0	2	2				0	1	6	2	9								72											94				2		1	1	2		1	1	11			10	1	15			14	1	2			2	2					2	0	0	2	2				0	1	6	2	9								72											94																																																																						0				1			1		1			1												0	0	0					0		1	0	1								4											6			
ataco	2024-12-31			761	761	0	4	267	267		1	6		1	5	15		1	14	38		1	35	2	77		2	73	2	6	2		3	2		1		1	12	5	0	5	4		1		2	17	15	41	40	3				1	2	3	214	1			5				1	4	10	581	2			6		1	5	15		1	14	38		1	35	2	77		2	73	2	6	2		3	2		1		1	12	5	0	5	4		1		2	17	15	41	40	3				1	2	3	214	1			5				1	4	10	581	2																																																																					0									0															0	0	0					0			0									1											4			
atrato	2024-12-31			6447	6286	0	323	1015	1013		14	13	2	3	8	65	2	8	55	36		1	33	2	134		1	131	2	11	6		3	1		2		2	16	6	0	3	1		2		7	102	23	578	86	19			1	3	15	13	500	12	1	1	214			1	4	209	31	2426	195	1	1	13	2	3	8	64	2	8	54	36		1	33	2	134		1	131	2	11	6		3	1		2		2	16	6	0	3	1		2		7	102	23	550	86	19			1	3	15	13	498	12	1	1	214			1	4	209	28	2347	191	1	1																																																																			0									0															0	0	0					0			0									12											243			
ayapel	2024-12-31			30476	30475	0	1156	853	853		16	18	4	3	11	122	45	3	74	74	6	2	61	5	1745	128	5	1518	94	29	16	1	8	8				4	253	32	1	214	214				6	29	55	107	2189	7			2	1	4	13	532	2	1		86			4	1	81	188	13242	2	1		18	4	3	11	122	45	3	74	74	6	2	61	5	1745	128	5	1518	94	29	16	1	8	8				4	253	32	1	214	214				6	29	55	107	2189	7			2	1	4	13	532	2	1		86			4	1	81	188	13242	2	1																																																																1		1		1		1		3	1		2		151	1		150												0	0	0					0		2	0	180	1					1		14				1					1		1082			
bagado	2024-12-31			1933	1933	0	0	252	252			6		2	4	23		4	19	28			25	3	87			83	4	2	1		1	1					4	2	0	2	2				0	22	7	57	13	6				2	4	8	161				17				4	13	23	518				6		2	4	23		4	19	28			25	3	87			83	4	2	1		1	1					4	2	0	2	2				0	22	7	57	13	6				2	4	8	161				17				4	13	23	518																																																																																																																															
bahia-solano	2024-12-31			112194	92556	13388	3659	3649	3339	446	93	61	8	14	39	946	40	387	519	329	12	2	304	11	19170	271	17	18279	603	66	45		19	7	1	10	1	2	580	89	0	488	438	1	48	1	3	152	94	849	9320	53		1	5	15	33	41	1538	19		3	9434		1	65	8434	935	1085	68436	35		7	57	8	13	36	856	40	355	461	325	12	2	300	11	9538	222	17	8701	598	66	45		19	7	1	10	1	2	578	87	0	488	438	1	48	1	3	150	94	833	9298	50		1	4	14	32	41	1436	15		3	1048		1	62	140	846	908	63857	26		7	5	2		3	61		18	43	10	1		9		9512	42		9470												0	0	0					0		14	0	244	6			3	2	1	3	139	5			8343			10	8292	41	32	3122	9			2			2	2			2	4			4		698			698												0	0	0					0	1	4	1	292	3			1		2		51	4			5			1		4		2731	8		
bajo-baudo	2024-12-31			5108	4901	159	305	1230	1166	94	78	26	1	7	18	158	2	21	135	78	5		65	8	1289	17		256	1016	19	14		5	4		1			37	23	0	14	12		2		0	57	40	135	232	33			3	8	22	21	647	18		3	128			7	31	90	55	3219	29		5	24	1	7	16	156	2	21	133	76	5		63	8	1277	17		244	1016	19	14		5	4		1			37	23	0	14	12		2		0	57	40	135	232	30			2	8	20	21	605	13		3	123			6	30	87	55	3080	22		5	2			2	2			2	4			4		9			9												0	0	0					0		4	0	30	5			1	1	3	1	67	6			5			1	1	3	8	123	7							0				4			4		17			17												0	0	0					0		2	0	9	2			1	1		1	63	5			3			1	2		1	192	8		
balboa-cau	2024-12-31			1060	1060	0	7	203	203		2	3	1		2	9	2	5	2	17			16	1	60			59	1	1	1								2	2	0	0					0	4	11	8	53	2			1		1		160				3			2		1		840				3	1		2	9	2	5	2	17			16	1	60			59	1	1	1								2	2	0	0					0	4	11	8	53	2			1		1		160				3			2		1		840																																																																						0									0															0	0	0					0			0									2											7			
balboa-ris	2024-12-31			3397	3397	0	48	364	364		7	8		3	5	10		3	7	34	1		32	1	331	5		320	6	7	4		3	3					51	6	0	45	45				0	14	25	71	264	5			1		4	1	225	1			10			3		7	1	2644	1			8		3	5	10		3	7	34	1		32	1	331	5		320	6	7	4		3	3					51	6	0	45	45				0	14	25	71	264	5			1		4	1	225	1			10			3		7	1	2644	1																																																																					0				1			1		3			3												0	0	0					0		1	0	3								7											48			
baranoa	2024-12-31			4527	4527	0	116	419	419		11	5	1	2	2	6	1	3	2	51	2	1	42	6	433	5	1	407	20	20	12	1	7	6		1			361	315	1	45	44		1		0	4	30	26	224	6				3	3	4	290	2	1		52				4	48	39	3584	4	1		5	1	2	2	6	1	3	2	51	2	1	42	6	433	5	1	407	20	20	12	1	7	6		1			361	315	1	45	44		1		0	4	30	26	224	6				3	3	4	290	2	1		52				4	48	39	3584	4	1																																																																				0									0															0	0	0					0			0									9											106			
baraya	2024-12-31			2814	2814	0	60	604	604		7	4		1	3	10		1	9	51	1		46	4	248	1		221	26	15	11		4	3		1			28	12	0	16	14		2		0	13	18	66	103	5					5	3	335				34					34	18	1916				4		1	3	10		1	9	51	1		46	4	248	1		221	26	15	11		4	3		1			28	12	0	16	14		2		0	13	18	66	103	5					5	3	335				34					34	18	1916																																																																						0				1			1		6			6												0	0	0					0		1	0	6								7											60			
barbacoas	2024-12-31			194261	194261	0	119	2900	2900		10	62	6	25	31	2704	8	848	1848	136	3		127	6	34538	4		32924	1610	43	33	1	9	6		3			112	49	1	62	59		3		0	175	44	577	2912	54		3	4	20	30	34	1178	10		1	1979		14	6	983	990	2865	157604	16		2	62	6	25	31	2704	8	848	1848	136	3		127	6	34538	4		32924	1610	43	33	1	9	6		3			112	49	1	62	59		3		0	175	44	577	2912	54		3	4	20	30	34	1178	10		1	1979		14	6	983	990	2865	157604	16		2																																																																			0				1			1		10			10												0	0	0					0		1	0	10								9											117			
barbosa-ant	2024-12-31			42077	42077	0	272	1198	1198		6	10	1	1	8	91	2	1	88	89	4	1	78	6	2395	4	1	2219	171	60	40	2	18	11		7			915	268	2	645	634		11		0	58	57	623	3275	12			1	2	9	12	621	2	1		111			2	5	104	35	30213	2	9		10	1	1	8	91	2	1	88	89	4	1	78	6	2395	4	1	2219	171	60	40	2	18	11		7			915	268	2	645	634		11		0	58	57	623	3275	12			1	2	9	12	621	2	1		111			2	5	104	35	30213	2	9																																																																				0				1			1		5			5												0	0	0					0		1	0	5								6											272			
barbosa-san	2024-12-31			852	852	0	2	221	221		2	1		1		1		1		17			16	1	43			42	1	4	1		3	3					14	1	0	13	13				0	5	16	27	48	2					2	2	173				2					2	3	644				1		1		1		1		17			16	1	43			42	1	4	1		3	3					14	1	0	13	13				0	5	16	27	48	2					2	2	173				2					2	3	644																																																																						0									0															0	0	0					0			0									2											2			
barichara	2024-12-31			11037	11037	0	14	677	677		4	11	1	4	6	105	52	11	42	59		1	57	1	506		1	504	1	51	38	2	10	6		4		1	114	53	6	54	50		4		1	15	42	476	801	11			1	1	9	5	415	3			72			52	1	19	13	9194	3			11	1	4	6	105	52	11	42	59		1	57	1	506		1	504	1	51	38	2	10	6		4		1	114	53	6	54	50		4		1	15	42	476	801	11			1	1	9	5	415	3			72			52	1	19	13	9194	3																																																																					0				1			1		2			2												0	0	0					0		1	0	2								4											14			
barranca-de-upia	2024-12-31			10382	10382	0	55	571	571		10	7		2	5	39		11	28	65	2	2	55	6	655	10	23	553	69	17	7		6	5		1		4	127	29	0	70	67		3		28	11	22	27	290	9					9	5	424	2			34					34	34	4834	17			7		2	5	39		11	28	65	2	2	55	6	655	10	23	553	69	17	7		6	5		1		4	127	29	0	70	67		3		28	11	22	27	290	9					9	5	424	2			34					34	34	4834	17																																																																					0									0															0	0	0					0		1	0	1								9											54			
barrancabermeja	2024-12-31			125438	125438	0	6108	2253	2253		20	56	9	19	28	3340	467	1368	1505	125	7	3	104	11	12836	324	329	8481	3702	103	63	3	33	24		9		4	4646	2395	53	1540	916		624		658	115	66	4742	4225	37			4	10	23	24	1180	14	1	2	2124			86	1540	498	567	83819	607	16	50	56	9	19	28	3340	467	1368	1505	125	7	3	104	11	12836	324	329	8481	3702	103	63	3	33	24		9		4	4646	2395	53	1540	916		624		658	115	66	4742	4225	37			4	10	23	24	1180	14	1	2	2124			86	1540	498	567	83819	607	16	50																																																															2		2		3		3		4	1	1	2		145	2	1	142												0	0	0					0		3	0	161	2					2		15				3					3		6099			
barrancas	2024-12-31			52647	52635	1	254	1295	1289	1	19	23	2	9	12	1211	6	939	266	102	5	2	86	9	3361	198	28	2954	181	52	37	1	11	10		1		3	360	178	1	103	99		4		78	29	52	1116	803	21			1	7	13	15	699	8			330			1	117	212	365	23663	199			23	2	9	12	1211	6	939	266	102	5	2	86	9	3361	198	28	2954	181	52	37	1	11	10		1		3	360	178	1	103	99		4		78	29	52	1116	803	21			1	7	13	15	699	8			330			1	117	212	365	23663	199							0									0															0	0	0					0			0																								2	1		1	6	5		1	2			2		12			12												0	0	0					0		3	0	4	1					1		14				5					5		155			
barranco-de-loba	2024-12-31			84	84	0	0	19	19			1			1	52			52						0															0	0	0					0	2		53									10	1										14	52			1			1	52			52						0															0	0	0					0	2		53									10	1										14	52																																																																																																																														
barrancominas	2024-12-31			46705	46705	0	478	542	542		11	5	2	2	1	116	2	90	24	53	4		46	3	4329	429		3779	121	8	5		2	2				1	1623	1523	0	69	69				31		28	0	952	4			1	1	2	6	393				85			1	80	4	129	40260				5	2	2	1	116	2	90	24	53	4		46	3	4329	429		3779	121	8	5		2	2				1	1623	1523	0	69	69				31		28	0	952	4			1	1	2	6	393				85			1	80	4	129	40260																																																																						0				1			1		149			149												0	0	0					0		1	0	149								9											474			
barranquilla	2024-12-31			29699	29697	44	1769	1125	1125	26	39	28	4	7	17	383	24	34	325	96	4	3	82	7	2219	54	13	2097	55	110	86	2	18	11	1	6		4	1335	273	16	1035	1004	4	27		11	17	86	187	5020	25			1	7	17	16	537	6			481			3	38	440	648	23078	54			28	4	7	17	383	24	34	325	96	4	3	82	7	2219	54	13	2097	55	110	86	2	18	11	1	6		4	1335	273	16	1035	1004	4	27		11	17	86	187	5020	25			1	7	17	16	537	6			481			3	38	440	648	23077	54			1			1	1			1	1			1		1			1												0	0	0					0		14	0	20	1					1	4	19				2					2	6	32				5		2	3	56		8	48	5		1	4		168		3	165												0	0	0					0		4	0	204	2				1	1		31	1			4				1	3		1514	46		
becerril	2024-12-31			7374	7374	0	108	851	851		13	17	1	5	11	62	1	32	29	84	3	1	70	10	745	17	9	620	99	45	31	1	11	6	1	4		2	162	89	1	65	58	1	6		7	22	39	49	267	13		1		3	10	10	534	8		1	146		1		25	121	87	5149	24		1	17	1	5	11	62	1	32	29	84	3	1	70	10	745	17	9	620	99	45	31	1	11	6	1	4		2	162	89	1	65	58	1	6		7	22	39	49	267	13		1		3	10	10	534	8		1	146		1		25	121	87	5149	24		1																																																																			0				2			2		4			4												0	0	0					0		1	0	1								11											104			
belalcazar	2024-12-31			1486	1486	0	33	319	319		9	1			1	1			1	31			29	2	164			159	5	13	6	1	6	6					49	7	21	21	21				0	16	19	42	101								250		1									1189		1		1			1	1			1	31			29	2	164			159	5	13	6	1	6	6					49	7	21	21	21				0	16	19	42	101								250		1									1189		1																																																																				0				1			1		2			2												0	0	0					0		2	0	3								9											33			
belen-boy	2024-12-31			7715	7715	0	0	643	643			19	2	7	10	497	3	381	113	26			26		273			273		20	14	1	5	4		1			223	193	19	11	10		1		0	75	11	1229	27	12			3	5	4	6	194				425			7	379	39	34	2847				19	2	7	10	497	3	381	113	26			26		273			273		20	14	1	5	4		1			223	193	19	11	10		1		0	75	11	1229	27	12			3	5	4	6	194				425			7	379	39	34	2847																																																																																																																															
belen-de-los-andaquies	2024-12-31			91726	91726	0	68	3162	3162		8	24	3	6	15	74	7	13	54	143	6	1	130	6	1173	36	1	1029	107	39	26		11	7		4		2	280	128	0	107	96		11		45	79	34	488	426	23			2	3	18	15	1235	15		1	70			6	5	59	110	11093	85		1	24	3	6	15	74	7	13	54	143	6	1	130	6	1173	36	1	1029	107	39	26		11	7		4		2	280	128	0	107	96		11		45	79	34	488	426	23			2	3	18	15	1235	15		1	70			6	5	59	110	11093	85		1																																																																			0				1			1		12			12												0	0	0					0		1	0	12								7											53			
belen-de-umbria	2024-12-31			6702	6702	0	38	482	482		5	18	2	6	10	104	2	35	67	53	1		51	1	690	2		643	45	14	7		7	5		1	1		87	8	0	79	77		1	1	0	40	40	165	411	12			1	3	8	9	351				58			1	3	54	53	5444				18	2	6	10	104	2	35	67	53	1		51	1	690	2		643	45	14	7		7	5		1	1		87	8	0	79	77		1	1	0	40	40	165	411	12			1	3	8	9	351				58			1	3	54	53	5444																																																																						0				1			1		4			4												0	0	0					0		1	0	4								5											38			
belen-nar	2024-12-31			39	39	0	1	27	27		1					0				1			1		1			1												0	0	0					0		3	0	5								25											32								0				1			1		1			1												0	0	0					0		3	0	5								25											32																																																																						0									0															0	0	0					0			0									1											1			
bello	2024-12-31			45601	45601	0	208	1944	1944		9	36	8	6	22	230	23	57	150	118	3	1	107	7	4106	75	1	4016	14	178	142	3	32	18	1	12	1	1	1927	826	15	1083	984	1	83	15	3	115	56	751	3524	25			5	3	17	11	760	5		1	113			19	7	87	361	33994	12		1	36	8	6	22	230	23	57	150	118	3	1	107	7	4106	75	1	4016	14	178	142	3	32	18	1	12	1	1	1927	826	15	1083	984	1	83	15	3	115	56	751	3524	25			5	3	17	11	760	5		1	113			19	7	87	361	33994	12		1																																																																			0				1			1		21			21												0	0	0					0		2	0	25								8											207			
belmira	2024-12-31			23723	23723	0	13	1269	1269		4	43	2	8	33	265	21	53	191	91	3		84	4	655	16		635	4	32	21	2	9	8		1			141	112	2	27	24		3		0	112	26	776	305	31	1		3	7	21	14	461	1			186	2		46	52	88	63	5367	2			43	2	8	33	265	21	53	191	91	3		84	4	655	16		635	4	32	21	2	9	8		1			141	112	2	27	24		3		0	112	26	776	305	31	1		3	7	21	14	461	1			186	2		46	52	88	63	5367	2																																																																					0				1			1		1			1												0	0	0					0		1	0	1								4											13			
beltran	2024-12-31			5453	5453	0	35	646	646		6	14	3	5	6	63	16	34	13	50	1	1	45	3	269	3	7	252	7	43	32	1	9	7		2		1	184	118	2	63	57		6		1	31	32	208	154	15			3	4	8	2	407	2			62			19	25	18	5	2536	9			14	3	5	6	63	16	34	13	50	1	1	45	3	269	3	7	252	7	43	32	1	9	7		2		1	184	118	2	63	57		6		1	31	32	208	154	15			3	4	8	2	407	2			62			19	25	18	5	2536	9																																																																					0				1			1		5			5												0	0	0					0		1	0	5								5											33			
berbeo	2024-12-31			1748	1748	0	5	129	129		3	2		1	1	3		1	2	13			12	1	31			30	1	5	2		3	2		1			17	2	0	15	14		1		0	6	13	25	22	5				1	4	2	106	1			18				1	17	9	1644	1			2		1	1	3		1	2	13			12	1	31			30	1	5	2		3	2		1			17	2	0	15	14		1		0	6	13	25	22	5				1	4	2	106	1			18				1	17	9	1644	1																																																																					0									0															0	0	0					0			0									3											5			
betania	2024-12-31			3972	3972	0	2	779	779		1	27	2	8	17	122	7	61	54	59	5		47	7	260	6	1	244	9	14	5		9	7		2			49	8	0	41	39		2		0	77	30	313	303	19		1	2	6	11	14	400	2			46		1	7	11	28	47	2585	2			27	2	8	17	122	7	61	54	59	5		47	7	260	6	1	244	9	14	5		9	7		2			49	8	0	41	39		2		0	77	30	313	303	19		1	2	6	11	14	400	2			46		1	7	11	28	47	2585	2																																																																					0									0															0	0	0					0			0									1											2			
beteitiva	2024-12-31			185	185	0	0	77	77			1			1	1			1	14			14		38			38		1			1	1					1	0	0	1	1				0	2	5	5	11							1	66										3	161				1			1	1			1	14			14		38			38		1			1	1					1	0	0	1	1				0	2	5	5	11							1	66										3	161																																																																																																																															
betulia-ant	2024-12-31			1283	1283	0	0	278	278			8		4	4	16		11	5	26	2		19	5	55	3		46	6	11	7		4	4					27	19	0	8	8				0	13	16	24	33	6				2	4	4	194	1			11				2	9	6	412	1			8		4	4	16		11	5	26	2		19	5	55	3		46	6	11	7		4	4					27	19	0	8	8				0	13	16	24	33	6				2	4	4	194	1			11				2	9	6	412	1																																																																																																																														
betulia-san	2024-12-31			112536	112536	0	289	1388	1388		10	53	6	17	30	766	21	298	447	133	3	2	118	10	15184	32	32	14546	574	22	8	1	9	6		3		4	512	263	10	201	180		21		38	93	63	4133	10351	39			5	11	23	23	978	10			573			41	39	493	685	95694	122			53	6	17	30	766	21	298	447	133	3	2	118	10	15184	32	32	14546	574	22	8	1	9	6		3		4	512	263	10	201	180		21		38	93	63	4133	10351	39			5	11	23	23	978	10			573			41	39	493	685	95694	122																																																																					0				2			2		27			27												0	0	0					0		1	0	24								10											289			
bituima	2024-12-31			6625	6625	0	9	280	280		2	3		1	2	10		1	9	29	1		27	1	486	1		480	5	7	5		2	2					153	6	0	147	147				0	6	21	231	366	2					2	2	231				2					2	20	5836				3		1	2	10		1	9	29	1		27	1	486	1		480	5	7	5		2	2					153	6	0	147	147				0	6	21	231	366	2					2	2	231				2					2	20	5836																																																																						0									0															0	0	0					0			0									2											9			
boavita	2024-12-31			511	511	0	0	222	222			3	1	1	1	11	4	5	2	12			12		21			21		25	17		8	6	1	1			28	18	0	10	8	1	1		0	12	7	30	15	1			1			2	117	1			4			4			6	252	2			3	1	1	1	11	4	5	2	12			12		21			21		25	17		8	6	1	1			28	18	0	10	8	1	1		0	12	7	30	15	1			1			2	117	1			4			4			6	252	2																																																																																																																														
bochalema	2024-12-31			4058	4058	0	26	494	494		6	1			1	6			6	37			36	1	316			313	3	10	4	1	5	3		2			77	4	1	72	70		2		0	7	29	8	348	2				1	1	3	317	2			10				2	8	11	2991	6			1			1	6			6	37			36	1	316			313	3	10	4	1	5	3		2			77	4	1	72	70		2		0	7	29	8	348	2				1	1	3	317	2			10				2	8	11	2991	6																																																																					0				1			1		4			4												0	0	0					0		1	0	4								6											26			
bojaca	2024-12-31			13484	13484	0	11	1043	1043		3	19	1	10	8	73	2	30	41	68	1		67		1261	1		1260		44	32	1	11	8	1	2			236	52	2	182	174	1	7		0	71	46	194	701	15		2		6	9	10	443	3			34		2		12	22	143	10049	10			19	1	10	8	73	2	30	41	68	1		67		1261	1		1260		44	32	1	11	8	1	2			236	52	2	182	174	1	7		0	71	46	194	701	15		2		6	9	10	443	3			34		2		12	22	143	10049	10																																																																					0									0															0	0	0					0			0									3											11			
bojaya	2024-12-31			3055	3053	2	17	830	829	1	5	21	2	5	14	582	527	12	43	52	2		47	3	685	8		670	7	11	6		4	2		2		1	19	7	0	10	6		4		2	70	22	645	58	17			2	4	11	11	426	6			568			527	8	33	33	1061	12			21	2	5	14	582	527	12	43	52	2		47	3	685	8		670	7	11	6		4	2		2		1	19	7	0	10	6		4		2	70	22	645	58	17			2	4	11	11	425	6			568			527	8	33	33	1059	12							0									0															0	0	0					0			0									1											2								0				2			2		3			3												0	0	0					0		1	0	2								5											17			
bolivar-cau	2024-12-31			3780	3780	0	1	456	456		1	12	1	2	9	84	1	7	76	45	3		42		214	5		209		14	9		5	4		1			18	12	0	6	5		1		0	19	14	137	77	12				4	8	3	294	2			218				93	125	12	1890	3			12	1	2	9	84	1	7	76	45	3		42		214	5		209		14	9		5	4		1			18	12	0	6	5		1		0	19	14	137	77	12				4	8	3	294	2			218				93	125	12	1890	3																																																																					0									0															0	0	0					0			0									1											1			
bolivar-san	2024-12-31			21992	21992	0	119	769	769		10	16	3	6	7	203	102	70	31	85	2	2	74	7	1489	3	3	1326	157	13	5		5	4		1		3	129	7	0	119	118		1		3	56	44	463	590	16			3	7	6	15	562	3			181			102	68	11	102	7528	7			16	3	6	7	203	102	70	31	85	2	2	74	7	1489	3	3	1326	157	13	5		5	4		1		3	129	7	0	119	118		1		3	56	44	463	590	16			3	7	6	15	562	3			181			102	68	11	102	7528	7																																																																					0				1			1		3			3												0	0	0					0		1	0	3								10											119			
bolivar-vac	2024-12-31			7009	7009	0	57	647	647		10	15		8	7	40		27	13	51			47	4	658			645	13	20	11	2	6	4		2		1	132	18	3	110	108		2		1	47	35	230	521	10				6	4	6	434	2			18				10	8	9	5538	2			15		8	7	40		27	13	51			47	4	658			645	13	20	11	2	6	4		2		1	132	18	3	110	108		2		1	47	35	230	521	10				6	4	6	434	2			18				10	8	9	5538	2																																																																					0				1			1		17			17												0	0	0					0		2	0	19								9											53			
bosconia	2024-12-31			12377	12377	0	36	467	467		10	8		4	4	1207		85	1122	44		1	38	5	2676		3	2654	19	28	20		7	7				1	212	172	0	38	38				2	3	16	1121	90	10				3	7	1	309	1			1374				112	1262	306	6981	1			8		4	4	1207		85	1122	44		1	38	5	2676		3	2654	19	28	20		7	7				1	212	172	0	38	38				2	3	16	1121	90	10				3	7	1	309	1			1374				112	1262	306	6981	1																																																																					0				1			1		6			6												0	0	0					0		1	0	6								9											34			
briceno-ant	2024-12-31			209056	209056	0	205	1262	1262		9	45	3	13	29	2396	10	681	1705	123	6	1	109	7	95924	563	51	95147	163	25	13	1	8	7		1		3	205	90	9	31	30		1		75	145	52	5790	2528	36			3	7	26	21	693	7			2078			338	138	1602	638	37616	589			45	3	13	29	2396	10	681	1705	123	6	1	109	7	95924	563	51	95147	163	25	13	1	8	7		1		3	205	90	9	31	30		1		75	145	52	5790	2528	36			3	7	26	21	693	7			2078			338	138	1602	638	37616	589																																																																					0				1			1		4			4												0	0	0					0		1	0	4								9											205			
briceno-boy	2024-12-31			119	119	0	0	53	53							0				5			5		5			5		2	1		1	1					2	1	0	1	1				0	3	4	4	5							1	28										1	32								0				5			5		5			5		2	1		1	1					2	1	0	1	1				0	3	4	4	5							1	28										1	32																																																																																																																															
bucaramanga	2024-12-31			60275	60275	0	133	2231	2231		11	42	7	17	18	322	158	28	136	130	6	2	116	6	6197	6	11	6162	18	246	208	2	34	19	2	12	1	2	2213	1700	88	413	302	4	87	20	12	111	58	1032	6383	27		2	3	10	14	16	937	4	1	1	253		4	150	69	34	138	46682	15	3	1	42	7	17	18	322	158	28	136	130	6	2	116	6	6197	6	11	6162	18	246	208	2	34	19	2	12	1	2	2213	1700	88	413	302	4	87	20	12	111	58	1032	6383	27		2	3	10	14	16	937	4	1	1	253		4	150	69	34	138	46682	15	3	1																																																																			0				1			1		9			9												0	0	0					0		1	0	9								10											130			
bucarasica	2024-12-31			112	112	0	0	48	48							0				2			2		2			2												0	0	0					0	1	4	1	5								36	1										42	2							0				2			2		2			2												0	0	0					0	1	4	1	5								36	1										42	2																																																																																																																														
buenaventura	2024-12-31			348183	329791	13460	6442	6349	5532	1182	192	134	18	30	86	3686	577	860	2249	293	14	2	263	14	30342	193	5	28835	1309	72	53	2	15	7		7	1	2	1091	149	10	927	827		99	1	5	492	103	5860	18140	177			23	46	108	74	2429	70		4	4602			785	1587	2230	3410	247232	314		108	109	14	29	66	3019	569	845	1605	248	10	2	222	14	26825	143	5	25368	1309	71	53	2	15	7		7	1	1	1085	144	10	927	827		99	1	4	487	103	5811	18123	127			17	32	78	66	2124	52		4	3692			564	1152	1976	3271	237765	258		108	33	3	4	26	768	7	42	719	53	5		48		3495	49		3446												0	0	0					0		29	0	315	62			10	15	37	16	459	23			918			221	435	262	142	9575	56			8	3		5	264	72		192	12			12		595			595												0	0	0					0	1	5	3	276	14			3	3	8	3	122	7			302			191	97	14	5	5009	32		
buenavista-boy	2024-12-31			120	120	0	0	76	76			2		1	1	2		1	1	4			4		4			4		1	1								1	1	0	0					0	3	2	14	2	1				1		1	51				1				1		1	65				2		1	1	2		1	1	4			4		4			4		1	1								1	1	0	0					0	3	2	14	2	1				1		1	51				1				1		1	65																																																																																																																															
buenavista-cor	2024-12-31			9821	9821	0	335	477	477		11	6	1		5	34	6		28	68	4	1	58	5	1518	21	1	1407	89	5	2		3	2		1			135	2	0	133	131		2		0	8	52	129	1105	5				1	4	6	409		1		9				1	8	72	8717		1		6	1		5	34	6		28	68	4	1	58	5	1518	21	1	1407	89	5	2		3	2		1			135	2	0	133	131		2		0	8	52	129	1105	5				1	4	6	409		1		9				1	8	72	8717		1																																																																				0				2			2		17			17												0	0	0					0		2	0	17								11											335			
buenavista-qui	2024-12-31			11720	11720	0	6	496	496		3	7		2	5	28		5	23	33	1		31	1	1046	1		1043	2	30	23		7	6		1			274	168	0	106	105		1		0	21	35	71	762	5				2	3	4	279				6				2	4	26	8785				7		2	5	28		5	23	33	1		31	1	1046	1		1043	2	30	23		7	6		1			274	168	0	106	105		1		0	21	35	71	762	5				2	3	4	279				6				2	4	26	8785																																																																						0									0															0	0	0					0			0									3											6			
buenavista-suc	2024-12-31			122	122	0	0	57	57			1			1	1			1	2			1	1	4			3	1	1	1								5	5	0	0					0	5	3	8	4	1				1			44	1			1				1			76	1			1			1	1			1	2			1	1	4			3	1	1	1								5	5	0	0					0	5	3	8	4	1				1			44	1			1				1			76	1																																																																																																																														
buenos-aires	2024-12-31			783	782	0	25	254	254		6	5		2	3	10		3	7	19			17	2	52			36	16	17	5	2	9	6		3		1	28	9	2	16	13		3		1	26	18	44	56	4			1	1	2	4	187	1			11			5	1	5	6	586	1			5		2	3	9		3	6	19			17	2	52			36	16	17	5	2	9	6		3		1	28	9	2	16	13		3		1	26	18	43	56	4			1	1	2	4	187	1			10			4	1	5	6	586	1																																																																					0									0															0	0	0					0			0									5											18			
buesaco	2024-12-31			5262	5262	0	0	600	600			4		1	3	24		1	23	46	2		44		638	3		635		19	14		5	4		1			28	21	0	7	6		1		0	19	18	51	246	3				2	1	4	292	1			4				2	2	5	4035	28			4		1	3	24		1	23	46	2		44		638	3		635		19	14		5	4		1			28	21	0	7	6		1		0	19	18	51	246	3				2	1	4	292	1			4				2	2	5	4035	28																																																																																																																														
bugalagrande	2024-12-31			6740	6740	0	279	792	792		11	19	1	5	13	158	12	114	32	49	3		41	5	508	8		435	65	34	18	4	10	6		3	1	2	172	32	4	125	121		3	1	11	43	54	206	603	11			1	1	9	6	460	1			35			1	1	33	40	4788	7			19	1	5	13	158	12	114	32	49	3		41	5	508	8		435	65	34	18	4	10	6		3	1	2	172	32	4	125	121		3	1	11	43	54	206	603	11			1	1	9	6	460	1			35			1	1	33	40	4788	7																																																																					0				1			1		31			31												0	0	0					0		1	0	31								10											241			
buritica	2024-12-31			275790	275790	0	202	895	895		9	24	2	5	17	2933	713	408	1812	74	4	2	62	6	21028	314	7	20670	37	30	11	3	11	9		2		5	14416	8406	32	2454	2357		97		3524	73	38	3759	1286	24			2	2	20	4	619	4			2747			1249	762	736	23	241590	188			24	2	5	17	2933	713	408	1812	74	4	2	62	6	21028	314	7	20670	37	30	11	3	11	9		2		5	14416	8406	32	2454	2357		97		3524	73	38	3759	1286	24			2	2	20	4	619	4			2747			1249	762	736	23	241590	188																																																																					0				1			1		23			23												0	0	0					0		1	0	23								8											196			
busbanza	2024-12-31			147	147	0	0	47	47							0				1			1		2			2		2	1		1	1					4	2	0	2	2				0	1	2	2	5							1	20										3	36								0				1			1		2			2		2	1		1	1					4	2	0	2	2				0	1	2	2	5							1	20										3	36																																																																																																																															
cabrera-cun	2024-12-31			5493	5493	0	0	606	606			22	3	6	13	224	29	108	87	57	1		56		346	1		345		13	8	1	4	4					27	21	1	5	5				0	87	6	1093	10	21			3	7	11	8	280	2			207			28	121	58	109	2363	6			22	3	6	13	224	29	108	87	57	1		56		346	1		345		13	8	1	4	4					27	21	1	5	5				0	87	6	1093	10	21			3	7	11	8	280	2			207			28	121	58	109	2363	6																																																																																																																														
cabrera-san	2024-12-31			184	184	0	0	77	77			3	1		2	4	1		3	6			6		10			10		2	2								2	2	0	0					0	5	5	9	12	1			1			1	66				1			1			2	147				3	1		2	4	1		3	6			6		10			10		2	2								2	2	0	0					0	5	5	9	12	1			1			1	66				1			1			2	147																																																																																																																															
cabuyaro	2024-12-31			15917	15917	0	222	904	904		12	17	2	3	12	106	2	22	82	83	6	2	67	8	1203	49	48	1005	101	20	6		9	6		3		5	211	31	0	130	125		5		50	10	43	34	439	15			1	2	12	12	616	2			77			1	5	71	67	9589	3			17	2	3	12	106	2	22	82	83	6	2	67	8	1203	49	48	1005	101	20	6		9	6		3		5	211	31	0	130	125		5		50	10	43	34	439	15			1	2	12	12	616	2			77			1	5	71	67	9589	3																																																																					0				1			1		1			1												0	0	0					0		1	0	1								11											214			
cacahual	2024-12-31			2986	2986	0	46	669	669		6					0				26	2		24		124	5		119		4	3		1	1					36	35	0	1	1				0	6	15	10	67	9				1	8	10	412	1			41				1	40	58	1779	2							0				26	2		24		124	5		119		4	3		1	1					36	35	0	1	1				0	6	15	10	67	9				1	8	10	412	1			41				1	40	58	1779	2																																																																					0				1			1		10			10												0	0	0					0		1	0	10								6											46			
caceres	2024-12-31			43434	43434	0	55	896	896		11	29	6	4	19	30978	5952	640	24386	76	7	1	59	9	320	39	2	250	29	21	9	1	8	6		2		3	758	15	37	70	66		4		636	80	31	26482	385	17			3	3	11	12	564	8			12186			2301	5922	3963	1943	8615	13338			29	6	4	19	30978	5952	640	24386	76	7	1	59	9	320	39	2	250	29	21	9	1	8	6		2		3	758	15	37	70	66		4		636	80	31	26482	385	17			3	3	11	12	564	8			12186			2301	5922	3963	1943	8615	13338																																																																	1	1			6	6			1			1		1			1												0	0	0					0	1	2	5	2	1					1		10				6					6		49			
cachipay	2024-12-31			4148	4148	0	14	613	613		7	4		4		10		10		39			38	1	284			283	1	59	48	1	10	7	1	2			170	79	1	90	85	1	4		0	15	29	56	250	5		1		3	2	5	331	1			18		1		9	9	8	2883	4			4		4		10		10		39			38	1	284			283	1	59	48	1	10	7	1	2			170	79	1	90	85	1	4		0	15	29	56	250	5		1		3	2	5	331	1			18		1		9	9	8	2883	4																																																																					0				1			1		1			1												0	0	0					0		1	0	1								6											13			
cachira	2024-12-31			1395	1395	0	6	366	366		4	13	1	3	9	55	4	5	46	47	2		42	3	112	5		104	3	7	5	1	1	1					8	6	1	1	1				0	26	11	67	38	8				2	6	6	239	3			24				4	20	30	631	8			13	1	3	9	55	4	5	46	47	2		42	3	112	5		104	3	7	5	1	1	1					8	6	1	1	1				0	26	11	67	38	8				2	6	6	239	3			24				4	20	30	631	8																																																																					0									0															0	0	0					0			0									4											6			
cacota	2024-12-31			577	577	0	1	134	134		1	6	1	1	4	79	2	1	76	16	1		15		47	2		45		4	2		2	1		1			6	3	0	3	2		1		0	8	5	114	22	5					5	1	77	1			78					78	4	305	4			6	1	1	4	79	2	1	76	16	1		15		47	2		45		4	2		2	1		1			6	3	0	3	2		1		0	8	5	114	22	5					5	1	77	1			78					78	4	305	4																																																																					0				1			1		1			1												0	0	0					0		1	0	1								1											1			
caicedo	2024-12-31			6281	6281	0	0	703	703			18		8	10	205		47	158	58	1		52	5	350	1		342	7	26	20	1	5	5					32	24	1	7	7				0	65	16	696	147	14				6	8	7	347	3			175				41	134	35	2818	6			18		8	10	205		47	158	58	1		52	5	350	1		342	7	26	20	1	5	5					32	24	1	7	7				0	65	16	696	147	14				6	8	7	347	3			175				41	134	35	2818	6																																																																																																																														
caicedonia	2024-12-31			14494	14494	0	122	582	582		9	11	2	3	6	29	6	7	16	56	2		48	6	1731	4		1687	40	26	14	1	11	6		5			202	20	2	180	172		8		0	23	50	108	1174	6			1	1	4	6	371	3			14			4	2	8	12	12395	18			11	2	3	6	29	6	7	16	56	2		48	6	1731	4		1687	40	26	14	1	11	6		5			202	20	2	180	172		8		0	23	50	108	1174	6			1	1	4	6	371	3			14			4	2	8	12	12395	18																																																																					0				1			1		30			30												0	0	0					0		2	0	31								8											120			
caimito	2024-12-31			244	244	0	34	148	148		30	9	1	1	7	14	1	1	12	16		2	12	2	26		2	19	5	6	2	1	2	2				1	9	3	1	4	4				1		19	0	30	3					3	4	118	2			3					3	5	189	2			9	1	1	7	14	1	1	12	16		2	12	2	26		2	19	5	6	2	1	2	2				1	9	3	1	4	4				1		19	0	30	3					3	4	118	2			3					3	5	189	2																																																																	8	1	1	6	8	1	1	6	3		1	2		4		1	3												0	0	0					0		2	0	3	2					2	1	25	1			2					2	1	29	1		
cajamarca	2024-12-31			172062	172062	0	27	1632	1632		3	48	5	17	26	5222	575	1522	3125	127	7		117	3	17172	777		16093	302	54	42	1	11	9		2			1724	163	497	1064	1057		7		0	122	43	5856	2995	40		1	3	11	26	14	706	9			3058		6	12	605	2441	1030	82392	82			48	5	17	26	5222	575	1522	3125	127	7		117	3	17172	777		16093	302	54	42	1	11	9		2			1724	163	497	1064	1057		7		0	122	43	5856	2995	40		1	3	11	26	14	706	9			3058		6	12	605	2441	1030	82392	82																																																																					0				1			1		5			5												0	0	0					0		1	0	5								3											27			
cajibio	2024-12-31			13598	13598	0	125	583	583		7	5		3	2	11		9	2	61			60	1	652			651	1	26	15		11	10		1			262	22	0	240	239		1		0	34	44	123	966	2				1	1	5	361	2			6				3	3	126	10354	2			5		3	2	11		9	2	61			60	1	652			651	1	26	15		11	10		1			262	22	0	240	239		1		0	34	44	123	966	2				1	1	5	361	2			6				3	3	126	10354	2																																																																	1		1		5		5		2			2		35			35												0	0	0					0		1	0	30								7											125			
cajica	2024-12-31			15003	15003	0	180	392	392		4	7		5	2	10		7	3	38	1		37		1435	2		1433		72	56	4	10	6	1	3		2	717	154	11	504	494	3	7		48	15	59	370	2649	5		1		1	4	8	200	1			22		2		1	21	502	12490	1			7		5	2	10		7	3	38	1		37		1435	2		1433		72	56	4	10	6	1	3		2	717	154	11	504	494	3	7		48	15	59	370	2649	5		1		1	4	8	200	1			22		2		1	21	502	12490	1																																																																					0				1			1		62			62												0	0	0					0		1	0	62								4											180			
calamar-bol	2024-12-31			394	393	0	18	171	170		8	3			3	5			5	10			9	1	34			29	5	7	2		4	3		1		1	12	3	0	8	7		1		1		16	0	30	2					2		105				2					2		271				3			3	5			5	10			9	1	34			29	5	7	2		4	3		1		1	12	3	0	8	7		1		1		16	0	30	2					2		104				2					2		270																																																																						0				1			1		1			1												0	0	0					0		1	0	1								7											17			
calamar-guv	2024-12-31			10234	10234	0	36	1478	1478		7	7		1	6	136		9	127	80	7		68	5	1382	97		1199	86	12	9		3	2		1			61	25	0	36	34		2		0	22	32	57	313	14				1	13	10	941	3			159				7	152	45	7560	7			7		1	6	136		9	127	80	7		68	5	1382	97		1199	86	12	9		3	2		1			61	25	0	36	34		2		0	22	32	57	313	14				1	13	10	941	3			159				7	152	45	7560	7																																																																					0									0															0	0	0					0			0									6											34			
calarca	2024-12-31			59699	59699	0	1140	1577	1577		8	55	3	23	29	698	10	282	406	115	5		107	3	6610	34		6291	285	99	79		20	14	1	4	1		956	145	0	811	796	5	9	1	0	139	59	788	4205	39		2	1	15	23	14	791	5			278		2	1	43	234	195	47496	9			55	3	23	29	698	10	282	406	115	5		107	3	6610	34		6291	285	99	79		20	14	1	4	1		956	145	0	811	796	5	9	1	0	139	59	788	4205	39		2	1	15	23	14	791	5			278		2	1	43	234	195	47496	9																																																																					0				1			1		199			199												0	0	0					0		1	0	199								7											1094			
caldas-ant	2024-12-31			54410	54410	0	52	1832	1832		8	39	4	12	23	1154	13	141	1000	126	6		115	5	2662	20		2629	13	59	42		17	12		4	1		920	88	0	832	813		18	1	0	178	48	2658	3041	28			4	6	18	14	726	5			1017			13	11	993	71	39911	17			39	4	12	23	1154	13	141	1000	126	6		115	5	2662	20		2629	13	59	42		17	12		4	1		920	88	0	832	813		18	1	0	178	48	2658	3041	28			4	6	18	14	726	5			1017			13	11	993	71	39911	17																																																																					0				2			2		12			12												0	0	0					0		2	0	8								8											52			
caldas-boy	2024-12-31			318	318	0	0	103	103			3	2		1	3	2		1	9			9		26			26		2			1	1				1	2	0	0	1	1				1	8	3	9	11	3			2	1		1	63				3			2	1		5	194				3	2		1	3	2		1	9			9		26			26		2			1	1				1	2	0	0	1	1				1	8	3	9	11	3			2	1		1	63				3			2	1		5	194																																																																																																																															
caldono	2024-12-31			2208	2208	0	8	430	430		2	5		2	3	9		4	5	18			18		143			143		19	13		6	6					39	16	0	23	23				0	20	15	38	89	4				2	2		241				8				4	4		1349				5		2	3	9		4	5	18			18		143			143		19	13		6	6					39	16	0	23	23				0	20	15	38	89	4				2	2		241				8				4	4		1349																																																																						0									0															0	0	0					0			0									2											8			
cali	2024-12-31			711794	711794	0	5477	4999	4999		20	111	14	36	61	5239	48	371	4820	279	9	2	257	11	102940	160	6	101058	1716	402	337	5	54	35		18	1	6	9329	2513	119	6681	6374		231	76	16	346	77	21729	36636	84		1	12	24	48	35	1630	19	1		629		1	33	222	374	5388	576445	75	1		111	14	36	61	5239	48	371	4820	279	9	2	257	11	102940	160	6	101058	1716	402	337	5	54	35		18	1	6	9329	2513	119	6681	6374		231	76	16	346	77	21729	36636	84		1	12	24	48	35	1630	19	1		629		1	33	222	374	5388	576445	75	1																																																																1		1		2		2		2			2		249			249												0	0	0					0	1	2	2	255								15											5405			
california	2024-12-31			3240	3240	0	0	693	693			23	3	9	11	112	5	57	50	43	2		41		197	2		195		19	15		4	2	1	1			27	19	0	8	4	2	2		0	63	17	145	109	19			1	5	13	7	327				63			1	13	49	14	1473				23	3	9	11	112	5	57	50	43	2		41		197	2		195		19	15		4	2	1	1			27	19	0	8	4	2	2		0	63	17	145	109	19			1	5	13	7	327				63			1	13	49	14	1473																																																																																																																															
calima	2024-12-31			118972	118970	0	918	2090	2090		14	59	7	17	35	1327	28	224	1075	162	4	1	147	10	12859	22	1	11838	998	41	26	2	10	7		3		3	608	34	17	547	543		4		10	154	62	4024	7660	50			7	15	28	34	1032	14		1	262			19	85	158	2320	94593	29		2	59	7	17	35	1327	28	224	1075	162	4	1	147	10	12859	22	1	11838	998	41	26	2	10	7		3		3	608	34	17	547	543		4		10	154	62	4024	7660	50			7	15	28	34	1032	14		1	262			19	85	158	2320	94593	29		2																																																																			0				1			1		245			245												0	0	0					0		3	0	252								12											893			
caloto	2024-12-31			2041	2041	0	35	288	288		7	1			1	2			2	18			16	2	188			159	29	16	7	1	8	8					54	7	1	46	46				0	19	21	42	115	3				1	2	1	221	1			6				1	5	3	1704	1			1			1	2			2	18			16	2	188			159	29	16	7	1	8	8					54	7	1	46	46				0	19	21	42	115	3				1	2	1	221	1			6				1	5	3	1704	1																																																																					0									0															0	0	0					0			0									6											34			
campamento	2024-12-31			3238	3238	0	0	759	759			11	1	4	6	22	1	5	16	66	4	1	55	6	246	6	2	227	11	18	8		9	7	1	1		1	25	10	0	13	11	1	1		2	49	27	107	224	10			1	2	7	7	438	3			21			1	2	18	16	2011	4			11	1	4	6	22	1	5	16	66	4	1	55	6	246	6	2	227	11	18	8		9	7	1	1		1	25	10	0	13	11	1	1		2	49	27	107	224	10			1	2	7	7	438	3			21			1	2	18	16	2011	4																																																																																																																														
campo-de-la-cruz	2024-12-31			74	74	0	10	39	39		5					0				4			4		7			7		2	1		1	1					6	1	0	5	5				0		5	0	7	1					1		30				1					1		58								0				4			4		7			7		2	1		1	1					6	1	0	5	5				0		5	0	7	1					1		30				1					1		58																																																																						0									0															0	0	0					0		1	0	1								4											9			
campoalegre	2024-12-31			2989	2989	0	69	377	377		7	3		1	2	3		1	2	32			30	2	252			222	30	17	12		5	4		1			64	13	0	51	50		1		0	19	31	64	223	3				1	2	3	249	1			6				1	5	6	2396	1			3		1	2	3		1	2	32			30	2	252			222	30	17	12		5	4		1			64	13	0	51	50		1		0	19	31	64	223	3				1	2	3	249	1			6				1	5	6	2396	1																																																																					0				1			1		10			10												0	0	0					0		1	0	10								7											69			
campohermoso	2024-12-31			1743	1742	0	7	324	324		3	7		4	3	14		6	8	30			29	1	121			118	3	11	7	1	3	3					32	8	1	23	23				0	13	17	55	121	10				3	7	5	243	2			31				5	26	37	1281	7			7		4	3	14		6	8	30			29	1	121			118	3	11	7	1	3	3					32	8	1	23	23				0	13	17	55	121	10				3	7	5	243	2			31				5	26	37	1280	7																																																																					0				1			1		1			1												0	0	0					0		1	0	1								3											7			
canalete	2024-12-31			1900	1900	0	1	281	281		1	6	1	1	4	18	9	4	5	19	2		17		45	12		33		7	5		2	2					13	8	0	5	5				0	9	15	25	23	4				1	3	4	207	1			17				3	14	14	1201	1			6	1	1	4	18	9	4	5	19	2		17		45	12		33		7	5		2	2					13	8	0	5	5				0	9	15	25	23	4				1	3	4	207	1			17				3	14	14	1201	1																																																																					0									0															0	0	0					0			0									1											1			
canasgordas	2024-12-31			9927	9927	0	98	579	579		3	12	2	6	4	85	2	8	75	70	3		63	4	1206	101		1090	15	10	4	1	5	3		2			43	7	2	34	32		2		0	30	50	184	2275	10			2	2	6	4	389	1			82			2	3	77	75	8193	8			12	2	6	4	85	2	8	75	70	3		63	4	1206	101		1090	15	10	4	1	5	3		2			43	7	2	34	32		2		0	30	50	184	2275	10			2	2	6	4	389	1			82			2	3	77	75	8193	8																																																																					0				1			1		95			95												0	0	0					0		1	0	95								3											98			
candelaria-atl	2024-12-31			11	11	0	0	7	7							0									0															0	0	0					0		1	0	1								4											6								0									0															0	0	0					0		1	0	1								4											6																																																																																																																															
candelaria-vac	2024-12-31			1645	1645	0	33	216	216		9	6	1	1	4	9	1	2	6	20	1		16	3	132	1		119	12	12	9		3	3					59	10	0	49	49				0	8	13	17	81	4				1	3	3	155	1			5				1	4	5	1180	12			6	1	1	4	9	1	2	6	20	1		16	3	132	1		119	12	12	9		3	3					59	10	0	49	49				0	8	13	17	81	4				1	3	3	155	1			5				1	4	5	1180	12																																																																					0									0															0	0	0					0			0									8											31			
cantagallo	2024-12-31			4388	4388	0	75	855	855		10	28	4	8	16	78	4	8	66	52	1	1	44	6	284	1	1	264	18	26	14	1	9	6		3		2	49	18	2	25	18		7		4	73	21	251	164	15			3	6	6	11	575	10		1	33			14	7	12	36	2809	30		1	28	4	8	16	78	4	8	66	52	1	1	44	6	284	1	1	264	18	26	14	1	9	6		3		2	49	18	2	25	18		7		4	73	21	251	164	15			3	6	6	11	575	10		1	33			14	7	12	36	2809	30		1																																																																			0				2			2		19			19												0	0	0					0		1	0	13								9											74			
caparrapi	2024-12-31			4138	4138	0	13	628	628		5	15	1	7	7	38	2	17	19	44		2	42		255		3	252		21	11	1	8	6		2		1	51	27	1	21	18		3		2	39	26	187	147	11			1	4	6	3	425	1			28			2	8	18	9	2662	1			15	1	7	7	38	2	17	19	44		2	42		255		3	252		21	11	1	8	6		2		1	51	27	1	21	18		3		2	39	26	187	147	11			1	4	6	3	425	1			28			2	8	18	9	2662	1																																																																					0									0															0	0	0					0			0									4											12			
capitanejo	2024-12-31			337	337	0	0	134	134			2		1	1	4		1	3	4			4		15			15		16	12		4	3		1			21	16	0	5	4		1		0	9	8	13	28							2	76										2	224				2		1	1	4		1	3	4			4		15			15		16	12		4	3		1			21	16	0	5	4		1		0	9	8	13	28							2	76										2	224																																																																																																																															
caqueza	2024-12-31			3655	3655	0	10	616	616		3	9		3	6	22		11	11	47	1		45	1	166	1		163	2	50	37	3	10	5		5			264	55	4	205	196		9		0	29	27	108	274	9				2	7	6	322				24				9	15	23	2741				9		3	6	22		11	11	47	1		45	1	166	1		163	2	50	37	3	10	5		5			264	55	4	205	196		9		0	29	27	108	274	9				2	7	6	322				24				9	15	23	2741																																																																						0									0															0	0	0					0			0									3											10			
caracoli	2024-12-31			5381	5381	0	47	506	506		5	11	1	2	8	17	1	5	11	68	2		60	6	714	3		681	30	7			6	6				1	29	0	0	28	28				1	24	35	103	460	9			2	1	6	3	410	3			12			2	2	8	6	4715	3			11	1	2	8	17	1	5	11	68	2		60	6	714	3		681	30	7			6	6				1	29	0	0	28	28				1	24	35	103	460	9			2	1	6	3	410	3			12			2	2	8	6	4715	3																																																																					0				1			1		1			1												0	0	0					0		1	0	1								5											47			
caramanta	2024-12-31			2132	2132	0	0	574	574			9		5	4	70		11	59	43	3		35	5	101	5		91	5	11	5		6	5		1			47	16	0	31	30		1		0	47	15	123	99	6		1		2	4	4	292	1			15		7		6	9	13	1154	1			9		5	4	70		11	59	43	3		35	5	101	5		91	5	11	5		6	5		1			47	16	0	31	30		1		0	47	15	123	99	6		1		2	4	4	292	1			15		7		6	9	13	1154	1																																																																																																																														
carcasi	2024-12-31			1906	1906	0	0	159	159			5	1		4	26	1		25	10	1		9		44	1		43		4	1	1	2	2					48	1	22	25	25				0	22	1	198	1	6					6	1	66				31					31	2	464				5	1		4	26	1		25	10	1		9		44	1		43		4	1	1	2	2					48	1	22	25	25				0	22	1	198	1	6					6	1	66				31					31	2	464																																																																																																																															
carepa	2024-12-31			21952	21952	0	280	914	914		13	20	2	3	15	91	18	12	61	94	4	1	81	8	2696	22	6	2518	150	25	17	1	7	3		4			178	42	1	135	121		14		0	23	79	132	2819	14				3	11	13	623	8		1	42				3	39	145	16733	11		1	20	2	3	15	91	18	12	61	94	4	1	81	8	2696	22	6	2518	150	25	17	1	7	3		4			178	42	1	135	121		14		0	23	79	132	2819	14				3	11	13	623	8		1	42				3	39	145	16733	11		1																																																															1			1	1			1	2			2		68			68												0	0	0					0		2	0	22								12											263			
carmen-de-apicala	2024-12-31			3277	3277	0	133	373	373		7	2		1	1	2		1	1	33	1	1	29	2	341	1	2	304	34	18	13	1	3	2		1		1	59	13	3	39	36		3		4	17	23	62	208								270											2691				2		1	1	2		1	1	33	1	1	29	2	341	1	2	304	34	18	13	1	3	2		1		1	59	13	3	39	36		3		4	17	23	62	208								270											2691																																																																						0				1			1		17			17												0	0	0					0		1	0	17								7											133			
carmen-de-carupa	2024-12-31			1817	1817	0	1	484	484		1	13	2	6	5	41	14	18	9	39			39		103			103		20	10	3	6	5		1		1	41	17	3	19	17		2		2	58	16	232	43	10			3	5	2	5	237	2			36			15	17	4	22	842	2			13	2	6	5	41	14	18	9	39			39		103			103		20	10	3	6	5		1		1	41	17	3	19	17		2		2	58	16	232	43	10			3	5	2	5	237	2			36			15	17	4	22	842	2																																																																					0									0															0	0	0					0			0									1											1			
carmen-del-darien	2024-12-31			3474	3474	0	64	542	542		14	21	1	5	15	71	2	12	57	68	7	2	51	8	247	28	2	183	34	13	7		3	3				3	28	7	0	18	18				3	23	29	30	155	12			1		11	9	304	5		1	18			2		16	32	1595	11		1	21	1	5	15	71	2	12	57	68	7	2	51	8	247	28	2	183	34	13	7		3	3				3	28	7	0	18	18				3	23	29	30	155	12			1		11	9	304	5		1	18			2		16	32	1595	11		1																																																															1		1		1		1		3	1		2		10	1		9												0	0	0					0		2	0	19	1					1		13				1					1		63			
carolina	2024-12-31			28757	28757	0	23	1225	1225		6	31	2	8	21	669	9	81	579	102	3		93	6	1887	5		1870	12	35	19	1	15	13		1	1		2834	2655	31	148	146		1	1	0	113	28	1812	241	20	1		1	3	16	9	567	3			202	2		8	57	137	185	8730	42			31	2	8	21	669	9	81	579	102	3		93	6	1887	5		1870	12	35	19	1	15	13		1	1		2834	2655	31	148	146		1	1	0	113	28	1812	241	20	1		1	3	16	9	567	3			202	2		8	57	137	185	8730	42																																																																					0				1			1		1			1												0	0	0					0		1	0	1								6											23			
cartagena-de-indias	2024-12-31			262138	134368	94901	8660	2543	2351	315	93	65	11	15	39	1681	287	698	696	161	12	2	136	11	43971	379	22	43275	295	178	139	4	32	19		12	1	3	4612	1160	30	3416	3306		106	4	6	27	109	769	20921	63			22	14	27	40	1006	20	1		49028			18901	22777	7350	7072	137189	397	3		53	9	11	33	1054	105	425	524	125	12	2	100	11	11521	376	22	10829	294	178	139	4	32	19		12	1	3	4590	1151	19	3414	3304		106	4	6	27	109	766	20921	36			4	11	21	29	932	16	1		1046			18	48	980	1651	105762	35	3		18	6	3	9	631	180	279	172	40	1		39		32444	3		32441		2	1	1							13	2	11	0					0		10	0	73	33			21	4	8	16	128	7			47980			18883	22725	6372	5426	31511	362			13	1	1	11	152	4	70	78	4			4		702			702												0	0	0					0		5	0	982	4				1	3	2	63	3			16				1	15	12	7570	34		
cartagena-del-chaira	2024-12-31			10124	10123	0	186	995	995		10	10		3	7	46		7	39	91	4	1	81	5	1318	46	1	1186	85	14	7		4	3		1		3	140	8	0	77	76		1		55	3	29	5	332	10					10	9	670	2			26					26	64	7879	5			10		3	7	46		7	39	91	4	1	81	5	1318	46	1	1186	85	14	7		4	3		1		3	140	8	0	77	76		1		55	3	29	5	332	10					10	9	670	2			26					26	64	7878	5																																																																					0				1			1		12			12												0	0	0					0		1	0	12								9											182			
cartago	2024-12-31			70600	70600	0	2899	1041	1041		10	17	1	4	12	175	2	136	37	54	3		49	2	8114	34		7277	803	65	44	4	16	10		6		1	1642	64	6	1571	1563		8		1	59	52	972	4878	13			2	2	9	9	465	7			118			3	4	111	197	60616	14			17	1	4	12	175	2	136	37	54	3		49	2	8114	34		7277	803	65	44	4	16	10		6		1	1642	64	6	1571	1563		8		1	59	52	972	4878	13			2	2	9	9	465	7			118			3	4	111	197	60616	14																																																																					0				1			1		19			19												0	0	0					0		2	0	27								9											2760			
caruru	2024-12-31			2602	2602	0	18	969	969		8					0				63	2		59	2	251	16		229	6	5	3		2	2					7	3	0	4	4				0	12	19	22	34	4					4	7	573				7					7	10	1577								0				63	2		59	2	251	16		229	6	5	3		2	2					7	3	0	4	4				0	12	19	22	34	4					4	7	573				7					7	10	1577																																																																						0									0															0	0	0					0			0									8											18			
casabianca	2024-12-31			3278	3278	0	4	458	458		2	13	1	4	8	78	10	7	61	56	2		54		323	11		312		4	2		2	2					18	2	0	16	16				0	16	26	153	102	7				1	6	7	328	2			112				1	111	34	2398	4			13	1	4	8	78	10	7	61	56	2		54		323	11		312		4	2		2	2					18	2	0	16	16				0	16	26	153	102	7				1	6	7	328	2			112				1	111	34	2398	4																																																																					0				1			1		3			3												0	0	0					0		1	0	3								2											4			
castilla-la-nueva	2024-12-31			12357	12357	0	974	627	627		12	9		1	8	367		1	366	49	2	2	39	6	972	23	8	880	61	16	8	1	5	4		1		2	3361	2850	2	507	161		346		2	24	31	160	299	9				1	8	7	412	4			449				1	448	66	6455	79			9		1	8	367		1	366	49	2	2	39	6	972	23	8	880	61	16	8	1	5	4		1		2	3361	2850	2	507	161		346		2	24	31	160	299	9				1	8	7	412	4			449				1	448	66	6455	79																																																																					0				1			1		6			6												0	0	0					0		1	0	6								11											969			
caucasia	2024-12-31			118009	118008	0	183	1152	1152		16	41	8	8	25	49105	5019	794	43292	81	6	1	63	11	708	49	16	547	96	46	29	1	12	9		3		4	3326	85	362	619	614		5		2260	84	48	49969	329	26			4	7	15	16	736	11			13029			2542	4942	5545	3392	46413	25457			41	8	8	25	49105	5019	794	43292	81	6	1	63	11	708	49	16	547	96	46	29	1	12	9		3		4	3326	85	362	619	614		5		2260	84	48	49969	329	26			4	7	15	16	736	11			13029			2542	4942	5545	3392	46412	25457																																																																	1	1			47	47			2			2		12			12												0	0	0					0	1	2	8	12	1					1		14				47					47		135			
cepita	2024-12-31			469	469	0	8	149	149		2	5	1	3	1	17	4	11	2	9	1		8		32	1		31		13	9		3	3				1	18	11	0	6	6				1	12	8	38	28	3			1	2		1	92				14			4	10		1	273				5	1	3	1	17	4	11	2	9	1		8		32	1		31		13	9		3	3				1	18	11	0	6	6				1	12	8	38	28	3			1	2		1	92				14			4	10		1	273																																																																						0									0															0	0	0					0			0									2											8			
cerete	2024-12-31			16207	16204	0	445	506	506		13	8	4	2	2	298	56	110	132	44	1		41	2	1999	2		1906	91	52	42		10	8		2			382	126	0	256	244		12		0	8	44	13	1492	6				3	3	2	310	2	1	1	216				98	118	2	13577	5	2	8	8	4	2	2	298	56	110	132	44	1		41	2	1999	2		1906	91	52	42		10	8		2			382	126	0	256	244		12		0	8	44	13	1492	6				3	3	2	310	2	1	1	216				98	118	2	13577	5	2	8																																																																			0				2			2		9			9												0	0	0					0		1	0	3								11											428			
cerinza	2024-12-31			6586	6586	0	0	481	481			15	1	6	8	215	7	80	128	25			25		226			226		15	10	1	4	3		1			121	89	22	10	8		2		0	60	7	992	36	11			2	5	4	7	141	1			174			11	79	84	52	2304	2			15	1	6	8	215	7	80	128	25			25		226			226		15	10	1	4	3		1			121	89	22	10	8		2		0	60	7	992	36	11			2	5	4	7	141	1			174			11	79	84	52	2304	2																																																																																																																														
cerrito	2024-12-31			2286	2286	0	1	383	383		1	12	3	5	4	114	79	13	22	19	1		18		297	68		229		8	7		1	1					11	10	0	1	1				0	27	8	111	46	10			2	3	5	3	119	1			111			11	11	89	39	1110	1			12	3	5	4	114	79	13	22	19	1		18		297	68		229		8	7		1	1					11	10	0	1	1				0	27	8	111	46	10			2	3	5	3	119	1			111			11	11	89	39	1110	1																																																																					0				1			1		1			1												0	0	0					0		1	0	1								1											1			
cerro-de-san-antonio	2024-12-31			184	184	0	15	88	88		6	11	2		9	25	3		22	9			7	2	18			11	7	2			1	1				1	4	0	0	2	2				2	10	8	26	11	5			1	1	3	2	65	1			10			1	1	8	6	127	3			11	2		9	25	3		22	9			7	2	18			11	7	2			1	1				1	4	0	0	2	2				2	10	8	26	11	5			1	1	3	2	65	1			10			1	1	8	6	127	3																																																																	1	1			2	2								0															0	0	0					0			0		1					1		4				2					2		12			
certegui	2024-12-31			1029	1029	0	249	253	253		3	5	1	2	2	12	2	7	3	16	1		12	3	31	5		20	6	1								1	7	0	0	0					7	35	1	86	1	6			1	1	4	2	106	4			13			2	6	5	3	504	6			5	1	2	2	12	2	7	3	16	1		12	3	31	5		20	6	1								1	7	0	0	0					7	35	1	86	1	6			1	1	4	2	106	4			13			2	6	5	3	504	6																																																																					0									0															0	0	0					0			0									2											136			
chachagui	2024-12-31			3806	3806	0	6	510	510		2	6		1	5	37		1	36	42			42		270			270		25	21		4	2	1	1			53	30	0	23	21	1	1		0	15	31	39	308	2					2	1	292	1			2					2	2	2841	4			6		1	5	37		1	36	42			42		270			270		25	21		4	2	1	1			53	30	0	23	21	1	1		0	15	31	39	308	2					2	1	292	1			2					2	2	2841	4																																																																					0									0															0	0	0					0			0									2											6			
chaguani	2024-12-31			1440	1440	0	15	265	265		3	6		3	3	33		29	4	23	1		20	2	152	1		128	23	8	6		2	1		1			19	9	0	10	9		1		0	12	17	83	82	4				2	2	1	186	1			30				28	2	1	1142	1			6		3	3	33		29	4	23	1		20	2	152	1		128	23	8	6		2	1		1			19	9	0	10	9		1		0	12	17	83	82	4				2	2	1	186	1			30				28	2	1	1142	1																																																																					0									0															0	0	0					0			0									3											15			
chalan	2024-12-31			10516	10516	0	22	487	487		3	8	3	2	3	30	21	2	7	56	3		47	6	5197	57		589	4551	12	10		2	2					42	20	0	22	22				0	10	25	63	148	10				4	6	5	357	1			20				5	15	76	8423	13			8	3	2	3	30	21	2	7	56	3		47	6	5197	57		589	4551	12	10		2	2					42	20	0	22	22				0	10	25	63	148	10				4	6	5	357	1			20				5	15	76	8423	13																																																																					0									0															0	0	0					0			0									3											22			
chameza	2024-12-31			11596	11596	0	19	548	548		4	8		4	4	80		11	69	79	1	1	74	3	1436	8	2	1400	26	4	1		2	2				1	118	1	0	115	115				2	20	45	141	777	9				3	6	9	452	3			85				12	73	75	9728	10			8		4	4	80		11	69	79	1	1	74	3	1436	8	2	1400	26	4	1		2	2				1	118	1	0	115	115				2	20	45	141	777	9				3	6	9	452	3			85				12	73	75	9728	10																																																																					0				1			1		2			2												0	0	0					0		1	0	2								4											19			
chaparral	2024-12-31			10894	10894	0	23	1055	1055		5	31	3	5	23	189	6	50	133	92	6	1	76	9	804	87	1	668	48	15	11		4	3		1			44	12	0	32	29		3		0	96	31	569	298	24			2	4	18	15	700				156			5	41	110	100	6019	2			31	3	5	23	189	6	50	133	92	6	1	76	9	804	87	1	668	48	15	11		4	3		1			44	12	0	32	29		3		0	96	31	569	298	24			2	4	18	15	700				156			5	41	110	100	6019	2																																																																					0				1			1		1			1												0	0	0					0		1	0	1								5											23			
charala	2024-12-31			23693	23693	0	51	1947	1947		4	70	11	17	42	1452	38	243	1171	132	3		126	3	2004	82		1819	103	38	28		10	7		3			81	39	0	42	39		3		0	185	49	2341	1047	65			9	14	42	17	780	12			1521			36	279	1206	194	12837	97			70	11	17	42	1452	38	243	1171	132	3		126	3	2004	82		1819	103	38	28		10	7		3			81	39	0	42	39		3		0	185	49	2341	1047	65			9	14	42	17	780	12			1521			36	279	1206	194	12837	97																																																																					0				1			1		2			2												0	0	0					0		1	0	2								4											51			
charta	2024-12-31			1227	1227	0	0	347	347			7	1	2	4	24	2	2	20	36	1		35		123	2		121		15	12		3	2	1				17	12	0	5	2	3			0	13	10	28	37	5				1	4	4	174	1			13				1	12	25	706	3			7	1	2	4	24	2	2	20	36	1		35		123	2		121		15	12		3	2	1				17	12	0	5	2	3			0	13	10	28	37	5				1	4	4	174	1			13				1	12	25	706	3																																																																																																																														
chia	2024-12-31			11988	11988	0	83	889	889		4	13	2	5	6	58	5	7	46	70	2		67	1	1005	4		999	2	141	116	4	21	13	2	6			869	337	30	502	470	6	26		0	55	51	365	1068	11		2		5	6	9	338				34		6		21	13	278	8856				13	2	5	6	58	5	7	46	70	2		67	1	1005	4		999	2	141	116	4	21	13	2	6			869	337	30	502	470	6	26		0	55	51	365	1068	11		2		5	6	9	338				34		6		21	13	278	8856																																																																						0				1			1		19			19												0	0	0					0		1	0	19								3											81			
chigorodo	2024-12-31			5036	5036	0	71	917	917		12	24	5	7	12	66	17	26	23	76	5	1	65	5	566	12	3	505	46	23	14		8	5		3		1	70	23	0	46	41		5		1	53	39	136	357	20			4	5	11	10	567	2		1	41			6	8	27	49	3628	8		1	24	5	7	12	66	17	26	23	76	5	1	65	5	566	12	3	505	46	23	14		8	5		3		1	70	23	0	46	41		5		1	53	39	136	357	20			4	5	11	10	567	2		1	41			6	8	27	49	3628	8		1																																																																			0				1			1		3			3												0	0	0					0		1	0	4								10											68			
chima-cor	2024-12-31			295	295	0	4	149	149		3	3		2	1	11		10	1	14			13	1	27			23	4	6	5		1	1					8	7	0	1	1				0	2	10	6	18	2				1	1	1	112		1		5				1	4	1	186		2		3		2	1	11		10	1	14			13	1	27			23	4	6	5		1	1					8	7	0	1	1				0	2	10	6	18	2				1	1	1	112		1		5				1	4	1	186		2																																																																				0									0															0	0	0					0			0									2											3			
chima-san	2024-12-31			786	786	0	2	196	196		2	1			1	1			1	21			21		63			63		3	2		1	1					5	4	0	1	1				0	3	24	14	64	2					2	2	167				2					2	2	662				1			1	1			1	21			21		63			63		3	2		1	1					5	4	0	1	1				0	3	24	14	64	2					2	2	167				2					2	2	662																																																																						0									0															0	0	0					0			0									2											2			
chimichagua	2024-12-31			4890	4890	0	63	866	866		13	17	1	7	9	64	1	39	24	47		2	41	4	202		2	177	23	38	23	2	10	6		4		3	110	37	10	30	21		9		33	30	25	166	126	15			1	5	9	8	520	4			40			6	10	24	24	3017	12			17	1	7	9	64	1	39	24	47		2	41	4	202		2	177	23	38	23	2	10	6		4		3	110	37	10	30	21		9		33	30	25	166	126	15			1	5	9	8	520	4			40			6	10	24	24	3017	12																																																																					0				1			1		8			8												0	0	0					0		2	0	10								12											62			
chinacota	2024-12-31			4569	4569	0	23	520	520		3	9		3	6	13		4	9	44			43	1	283			255	28	13	8		4	3		1		1	73	12	0	57	56		1		4	17	38	35	308	8				2	6	5	362	2			11				3	8	19	3382	5			9		3	6	13		4	9	44			43	1	283			255	28	13	8		4	3		1		1	73	12	0	57	56		1		4	17	38	35	308	8				2	6	5	362	2			11				3	8	19	3382	5																																																																					0				1			1		1			1												0	0	0					0		1	0	1								3											23			
chinavita	2024-12-31			1293	1293	0	0	272	272			11	2	2	7	35	2	2	31	20	2		18		89	15		74		3	1		2	2					24	2	0	22	22				0	25	7	53	34	10			1	1	8	5	133				34			1	1	32	25	476				11	2	2	7	35	2	2	31	20	2		18		89	15		74		3	1		2	2					24	2	0	22	22				0	25	7	53	34	10			1	1	8	5	133				34			1	1	32	25	476																																																																																																																															
chinchina	2024-12-31			127817	127817	0	6327	1195	1195		13	20	2	6	12	80	5	36	39	92	3		84	5	9858	11		9600	247	107	80	3	24	17	2	4	1		2478	314	3	2161	2144	2	12	3	0	40	78	804	15220	11			1	2	8	13	621				449			2	8	439	545	107996				20	2	6	12	80	5	36	39	92	3		84	5	9858	11		9600	247	107	80	3	24	17	2	4	1		2478	314	3	2161	2144	2	12	3	0	40	78	804	15220	11			1	2	8	13	621				449			2	8	439	545	107996																																																																		1		1		3		3		2			2		1176			1176		1			1	1					1	0	0	1	1				0		3	0	1189								11											5318			
chinu	2024-12-31			4946	4946	0	83	388	388		13	3		1	2	13		6	7	55	3		49	3	610	5		569	36	10	5		4	2		2		1	95	10	0	84	82		2		1	1	62	6	515	2					2	8	318				2					2	47	3909				3		1	2	13		6	7	55	3		49	3	610	5		569	36	10	5		4	2		2		1	95	10	0	84	82		2		1	1	62	6	515	2					2	8	318				2					2	47	3909																																																																						0				2			2		4			4												0	0	0					0		2	0	5								12											82			
chipaque	2024-12-31			5072	5072	0	2	581	581		2	9	1	3	5	119	1	18	100	37	1		36		449	1		448		31	20	1	10	7		3			117	28	2	87	75		12		0	57	18	780	120	10		2	1	3	6	9	249	2			120		6	1	18	101	105	2923	3			9	1	3	5	119	1	18	100	37	1		36		449	1		448		31	20	1	10	7		3			117	28	2	87	75		12		0	57	18	780	120	10		2	1	3	6	9	249	2			120		6	1	18	101	105	2923	3																																																																					0									0															0	0	0					0			0									2											2			
chipata	2024-12-31			189	189	0	0	97	97							0				14			14		17			17		1	1								1	1	0	0					0	4	10	10	14	1					1	1	68	1			1					1	1	129	1							0				14			14		17			17		1	1								1	1	0	0					0	4	10	10	14	1					1	1	68	1			1					1	1	129	1																																																																																																																														
chiquinquira	2024-12-31			1331	1331	0	3	284	284		1	6	2		4	25	6		19	21			21		126			126		19	13	1	3	2		1		2	57	19	6	29	28		1		3	12	12	43	70	5		1	1	2	2	1	149				12		3	4	3	5	25	955				6	2		4	25	6		19	21			21		126			126		19	13	1	3	2		1		2	57	19	6	29	28		1		3	12	12	43	70	5		1	1	2	2	1	149				12		3	4	3	5	25	955																																																																						0				1			1		3			3												0	0	0					0		1	0	3								1											3			
chiquiza	2024-12-31			4123	4123	0	1	468	468		1	17	2	3	12	55	2	7	46	47	1		45	1	431	1		429	1	15	10	1	4	3		1			23	16	1	6	5		1		0	56	14	177	88	14			2	5	7	5	241	2			30			2	9	19	71	2767	12			17	2	3	12	55	2	7	46	47	1		45	1	431	1		429	1	15	10	1	4	3		1			23	16	1	6	5		1		0	56	14	177	88	14			2	5	7	5	241	2			30			2	9	19	71	2767	12																																																																					0									0															0	0	0					0			0									1											1			
chiriguana	2024-12-31			2010	2010	0	37	413	413		11	8	1	4	3	10	1	5	4	50	1	1	43	5	208	1	1	175	31	10	9		1	1					25	9	0	16	16				0	10	20	19	107	4				2	2	6	308	2			6				3	3	7	1633	2			8	1	4	3	10	1	5	4	50	1	1	43	5	208	1	1	175	31	10	9		1	1					25	9	0	16	16				0	10	20	19	107	4				2	2	6	308	2			6				3	3	7	1633	2																																																																					0				2			2		2			2												0	0	0					0		1	0	1								10											35			
chiscas	2024-12-31			672	672	0	0	304	304			6		1	5	13		1	12	14	1		13		29	7		22		11	10		1	1					15	14	0	1	1				0	39	5	75	9	7			1	2	4	3	123				15			1	3	11	4	255				6		1	5	13		1	12	14	1		13		29	7		22		11	10		1	1					15	14	0	1	1				0	39	5	75	9	7			1	2	4	3	123				15			1	3	11	4	255																																																																																																																															
chita	2024-12-31			1032	1032	0	0	288	288			11	3	4	4	31	14	10	7	8	1		7		11	3		8		7	5		2		2				7	5	0	2		2			0	29	4	72	15	10			2	5	3	1	72	2			30			13	11	6	3	223	3			11	3	4	4	31	14	10	7	8	1		7		11	3		8		7	5		2		2				7	5	0	2		2			0	29	4	72	15	10			2	5	3	1	72	2			30			13	11	6	3	223	3																																																																																																																														
chitaga	2024-12-31			7794	7794	0	0	662	662			12	1	4	7	245	22	17	206	37	1		35	1	267	22		244	1	8	4	1	3	3					31	12	2	17	17				0	57	10	712	55	16				5	11	7	248	1			266				23	243	86	2378	5			12	1	4	7	245	22	17	206	37	1		35	1	267	22		244	1	8	4	1	3	3					31	12	2	17	17				0	57	10	712	55	16				5	11	7	248	1			266				23	243	86	2378	5																																																																																																																														
chitaraque	2024-12-31			7293	7293	0	13	244	244		2	2		1	1	3		1	2	33			33		718			718		1			1	1					2	0	0	2	2				0	5	33	298	771	2				1	1	2	194				11				1	10	11	6032				2		1	1	3		1	2	33			33		718			718		1			1	1					2	0	0	2	2				0	5	33	298	771	2				1	1	2	194				11				1	10	11	6032																																																																						0				1			1		12			12												0	0	0					0		1	0	12								2											13			
chivata	2024-12-31			30	30	0	0	20	20							0				2			2		2			2		1	1								2	2	0	0					0	3	2	6	2							1	15										1	24								0				2			2		2			2		1	1								2	2	0	0					0	3	2	6	2							1	15										1	24																																																																																																																															
chivolo	2024-12-31			380	380	0	0	65	65			1		1		1		1		8			7	1	13			12	1	3	2		1	1					3	2	0	1	1				0	2	4	2	4	1			1				43				1			1				82				1		1		1		1		8			7	1	13			12	1	3	2		1	1					3	2	0	1	1				0	2	4	2	4	1			1				43				1			1				82																																																																																																																															
chivor	2024-12-31			1578	1578	0	1	316	316		1	3		2	1	4		2	2	38			37	1	123			122	1	3	1		2	2					5	1	0	4	4				0	11	15	27	102	3				2	1	2	210				4				2	2	17	1215				3		2	1	4		2	2	38			37	1	123			122	1	3	1		2	2					5	1	0	4	4				0	11	15	27	102	3				2	1	2	210				4				2	2	17	1215																																																																						0									0															0	0	0					0			0									1											1			
choachi	2024-12-31			20594	20594	0	8	1458	1458		5	22	2	4	16	994	2	8	984	102	4		97	1	2851	804		2046	1	85	65	2	18	12	1	4	1		316	146	6	164	129	1	33	1	0	117	39	964	669	17		3		3	14	10	537	9			1000		16		20	980	367	14060	35			22	2	4	16	994	2	8	984	102	4		97	1	2851	804		2046	1	85	65	2	18	12	1	4	1		316	146	6	164	129	1	33	1	0	117	39	964	669	17		3		3	14	10	537	9			1000		16		20	980	367	14060	35																																																																					0				1			1		1			1												0	0	0					0		2	0	2								5											8			
choconta	2024-12-31			4534	4534	0	33	456	456		4	11		5	6	122		29	93	55			55		426			426		30	20		9	7	1	1		1	227	28	0	118	116	1	1		81	36	29	275	313	5		2		3	2	9	211				29		14		23	6	155	3412				11		5	6	122		29	93	55			55		426			426		30	20		9	7	1	1		1	227	28	0	118	116	1	1		81	36	29	275	313	5		2		3	2	9	211				29		14		23	6	155	3412																																																																						0				1			1		21			21												0	0	0					0		1	0	21								4											33			
cicuco	2024-12-31			1082	1082	0	13	153	153		6	3	1		2	327	325		2	16			13	3	40			36	4	2			1	1				1	11	0	0	10	10				1	3	8	331	15	2				1	1	1	130				326				325	1	1	425				3	1		2	327	325		2	16			13	3	40			36	4	2			1	1				1	11	0	0	10	10				1	3	8	331	15	2				1	1	1	130				326				325	1	1	425																																																																						0									0															0	0	0					0			0									6											13			
cienaga	2024-12-31			44430	43615	413	437	2718	2569	148	62	74	7	34	33	1846	137	682	1027	139	4	2	127	6	3959	170	6	3693	90	109	87	2	18	14	1	3		2	520	358	4	154	149	2	3		4	191	88	4081	2809	64		1	7	27	30	44	1089	13	1		1406		2	173	525	708	2011	28995	93	3		70	7	32	31	1836	137	679	1020	134	4	2	122	6	3930	170	6	3664	90	108	87	1	18	14	1	3		2	518	358	2	154	149	2	3		4	191	88	4081	2809	59		1	5	26	28	38	1042	11	1		1372		2	145	522	705	1926	28889	89	3		4	2		2	10		3	7	5			5		29			29		1		1							2	0	2	0					0			0		5			2	1	2	6	47	2			34			28	3	3	85	95	4			5	1	1	3	8	1	2	5	3			3		44			44												0	0	0					0	1	3	2	38	1					1		49	2			1					1		384	3		
cienaga-de-oro	2024-12-31			2018	2018	0	48	288	288		11	4	1	1	2	23	1	8	14	32	2		28	2	221	3		206	12	9	5		4	2		2			53	19	0	34	32		2		0	1	21	5	179							2	205	1		1							3	1617	8		1	4	1	1	2	23	1	8	14	32	2		28	2	221	3		206	12	9	5		4	2		2			53	19	0	34	32		2		0	1	21	5	179							2	205	1		1							3	1617	8		1																																																																			0				1			1		3			3												0	0	0					0			0									10											46			
cienega	2024-12-31			3273	3273	0	0	444	444			11		2	9	73		36	37	43			43		365			365		8	4	2	2	2					20	10	4	6	6				0	40	13	215	49	8				1	7	5	181				56				34	22	97	1787				11		2	9	73		36	37	43			43		365			365		8	4	2	2	2					20	10	4	6	6				0	40	13	215	49	8				1	7	5	181				56				34	22	97	1787																																																																																																																															
cimitarra	2024-12-31			38747	38747	0	596	1854	1854		15	52	5	19	28	1298	53	881	364	104	9	1	83	11	3496	84	11	2958	443	59	42	3	12	9		3		2	430	75	3	332	309		23		20	136	53	1118	1366	37			5	12	20	21	998	13	1		209			55	57	97	138	20832	81	3		52	5	19	28	1298	53	881	364	104	9	1	83	11	3496	84	11	2958	443	59	42	3	12	9		3		2	430	75	3	332	309		23		20	136	53	1118	1366	37			5	12	20	21	998	13	1		209			55	57	97	138	20832	81	3																																																																				0				2			2		70			70												0	0	0					0		3	0	74								13											588			
circasia	2024-12-31			74978	74978	0	218	1141	1141		7	29		11	18	690		210	480	93	5		86	2	6653	33		6597	23	39	25	1	13	9		3	1		833	103	2	728	723		3	2	0	61	55	909	4798	21				9	12	13	629	3	1		294				93	201	258	60898	7	2		29		11	18	690		210	480	93	5		86	2	6653	33		6597	23	39	25	1	13	9		3	1		833	103	2	728	723		3	2	0	61	55	909	4798	21				9	12	13	629	3	1		294				93	201	258	60898	7	2																																																																				0				1			1		9			9												0	0	0					0		1	0	9								7											218			
cisneros	2024-12-31			1342	1342	0	16	267	267		5	6			6	11			11	28	2		22	4	91	2		85	4	9	3		6	5		1			32	3	0	29	27		2		0	12	22	38	110	4					4	2	202	2			9					9	2	1078	2			6			6	11			11	28	2		22	4	91	2		85	4	9	3		6	5		1			32	3	0	29	27		2		0	12	22	38	110	4					4	2	202	2			9					9	2	1078	2																																																																					0				1			1		2			2												0	0	0					0		1	0	2								5											16			
ciudad-bolivar	2024-12-31			26626	26626	0	17	1311	1311		4	26		10	16	413		29	384	117	6		104	7	2203	16	1	2171	15	54	38	1	15	8		6	1		558	69	4	485	462		20	3	0	83	36	948	1938	19				4	15	12	601	2			363				14	349	105	20368	4			26		10	16	413		29	384	117	6		104	7	2203	16	1	2171	15	54	38	1	15	8		6	1		558	69	4	485	462		20	3	0	83	36	948	1938	19				4	15	12	601	2			363				14	349	105	20368	4																																																																					0									0															0	0	0					0			0									4											17			
clemencia	2024-12-31			4144	4144	0	170	391	391		16	3		1	2	38		2	36	36	1		29	6	409	12		348	49	14	10		4	3		1			185	144	0	41	39		2		0	3	36	16	394	4					4	6	308				63					63	14	3181	1			3		1	2	38		2	36	36	1		29	6	409	12		348	49	14	10		4	3		1			185	144	0	41	39		2		0	3	36	16	394	4					4	6	308				63					63	14	3181	1																																																																					0				2			2		23			23												0	0	0					0		3	0	17								13											160			
cocorna	2024-12-31			96600	96596	2	111	2120	2120	1	10	34		15	19	1448		1111	337	166	4	1	156	5	8095	19	1	8024	51	59	42	3	13	8		5		1	851	226	123	501	487		14		1	138	59	2923	6971	23				6	17	16	1044	7			135				8	127	404	79272	11			34		15	19	1448		1111	337	166	4	1	156	5	8094	19	1	8023	51	59	42	3	13	8		5		1	851	226	123	501	487		14		1	138	59	2923	6971	23				6	17	16	1044	7			135				8	127	404	79268	11							0				1			1		2			2												0	0	0					0		1	0	2								1											2								0				2			2		20			20												0	0	0					0		2	0	24								9											110			
coello	2024-12-31			21316	21316	0	66	629	629		7	11	2	4	5	52	4	8	40	40		1	37	2	684		1	620	63	21	12	1	6	6				2	639	21	1	613	613				4	57	31	1305	370	10			1	4	5	3	394	4	1	1	59			28	8	23	4	8199	8	2	3	11	2	4	5	52	4	8	40	40		1	37	2	684		1	620	63	21	12	1	6	6				2	639	21	1	613	613				4	57	31	1305	370	10			1	4	5	3	394	4	1	1	59			28	8	23	4	8199	8	2	3																																																																			0									0															0	0	0					0			0									6											61			
cogua	2024-12-31			11908	11908	0	6	656	656		2	10		5	5	63		26	37	52	1		50	1	638	19		617	2	39	25	2	10	8	1	1		2	212	38	7	150	141	1	8		17	56	30	260	295	7		1		4	3	7	271	1			46		2		24	22	134	4020	1			10		5	5	63		26	37	52	1		50	1	638	19		617	2	39	25	2	10	8	1	1		2	212	38	7	150	141	1	8		17	56	30	260	295	7		1		4	3	7	271	1			46		2		24	22	134	4020	1																																																																					0				1			1		2			2												0	0	0					0		1	0	2								2											6			
colombia-hui	2024-12-31			4038	4038	0	18	646	646		4	11		5	6	113		28	85	51	3	1	46	1	407	28	2	376	1	16	9		6	5		1		1	26	13	0	11	10		1		2	26	22	123	237	11			1	4	6	4	389				64			1	4	59	46	3038				11		5	6	113		28	85	51	3	1	46	1	407	28	2	376	1	16	9		6	5		1		1	26	13	0	11	10		1		2	26	22	123	237	11			1	4	6	4	389				64			1	4	59	46	3038																																																																						0				1			1		1			1												0	0	0					0		1	0	1								4											18			
colon-nar	2024-12-31			1891	1891	0	1	245	245		1	1			1	4			4	16			16		119			119		16	10		6	3		3			63	15	0	48	6		42		0	7	14	133	88	2				1	1	3	178	1			12				11	1	9	1427	6			1			1	4			4	16			16		119			119		16	10		6	3		3			63	15	0	48	6		42		0	7	14	133	88	2				1	1	3	178	1			12				11	1	9	1427	6																																																																					0									0															0	0	0					0			0									1											1			
colon-put	2024-12-31			6276	6276	0	64	510	510		3	8	1	2	5	146	1	6	139	45	1		43	1	984	1		982	1	16	13		3	3					159	18	0	141	141				0	14	22	49	388	5		2		1	4	3	276				36		4		3	33	5	4879				8	1	2	5	146	1	6	139	45	1		43	1	984	1		982	1	16	13		3	3					159	18	0	141	141				0	14	22	49	388	5		2		1	4	3	276				36		4		3	33	5	4879																																																																						0									0															0	0	0					0			0									3											64			
coloso	2024-12-31			14074	14074	0	68	1046	1046		12	21	4	8	9	105	37	21	47	82	5	1	67	9	1785	36	1	664	1084	33	20		10	6		4		3	82	46	0	32	27		5		4	27	38	245	276	18			2	8	8	10	638	3	1		79			4	28	47	82	6089	25	2		21	4	8	9	105	37	21	47	82	5	1	67	9	1785	36	1	664	1084	33	20		10	6		4		3	82	46	0	32	27		5		4	27	38	245	276	18			2	8	8	10	638	3	1		79			4	28	47	82	6089	25	2																																																																				0									0															0	0	0					0			0									10											52			
combita	2024-12-31			2738	2738	0	1	509	509		1	15		8	7	91		22	69	31			31		170			170		11	5	1	5	3	1	1			32	15	4	13	7	1	5		0	50	15	333	46	13				7	6	5	171	1			77				21	56	59	1044	1			15		8	7	91		22	69	31			31		170			170		11	5	1	5	3	1	1			32	15	4	13	7	1	5		0	50	15	333	46	13				7	6	5	171	1			77				21	56	59	1044	1																																																																	1		1		1		1		1			1		1			1												0	0	0					0			0									1											1			
concepcion-ant	2024-12-31			4238	4238	0	20	533	533		4	17	2	5	10	80	2	12	66	58	2		50	6	327	4		314	9	12	8		4	4					68	8	0	60	60				0	48	27	227	223	11			1	3	7	10	360	1			65			1	5	59	36	3388	2			17	2	5	10	80	2	12	66	58	2		50	6	327	4		314	9	12	8		4	4					68	8	0	60	60				0	48	27	227	223	11			1	3	7	10	360	1			65			1	5	59	36	3388	2																																																																					0									0															0	0	0					0			0									4											20			
concepcion-san	2024-12-31			2677	2677	0	0	261	261			8	1	1	6	115	5	1	109	18			18		68			68		11	8		3	2	1				12	9	0	3	2	1			0	28	8	157	63	9			1	1	7	2	117	2			111			5	1	105	5	1050	2			8	1	1	6	115	5	1	109	18			18		68			68		11	8		3	2	1				12	9	0	3	2	1			0	28	8	157	63	9			1	1	7	2	117	2			111			5	1	105	5	1050	2																																																																																																																														
concordia-ant	2024-12-31			12653	12653	0	10	459	459		3	13		1	12	519		425	94	54	1		47	6	1133	2	1	1117	13	10	4		5	5				1	115	4	0	110	110				1	20	43	1174	1844	9			1		8	6	349	3			510			66		444	36	10005	3			13		1	12	519		425	94	54	1		47	6	1133	2	1	1117	13	10	4		5	5				1	115	4	0	110	110				1	20	43	1174	1844	9			1		8	6	349	3			510			66		444	36	10005	3																																																																					0				1			1		4			4												0	0	0					0		1	0	4								3											10			
concordia-mag	2024-12-31			537	537	0	30	103	103		8	1			1	10			10	9			7	2	50			45	5	2			2	2					5	0	0	5	5				0	1	13	2	44								92											482				1			1	10			10	9			7	2	50			45	5	2			2	2					5	0	0	5	5				0	1	13	2	44								92											482																																																																						0				1			1		1			1												0	0	0					0		2	0	2								7											28			
condoto	2024-12-31			3859	3859	0	14	612	612		5	4	1		3	10	3		7	21			21		104			104		16	13		1	1				2	20	16	0	2	2				2	54	7	113	67	7			1	1	5	5	299	11			16			3	2	11	5	1068	27			4	1		3	10	3		7	21			21		104			104		16	13		1	1				2	20	16	0	2	2				2	54	7	113	67	7			1	1	5	5	299	11			16			3	2	11	5	1068	27																																																																					0									0															0	0	0					0			0									4											13			
confines	2024-12-31			443	443	0	5	104	104		2	2		1	1	3		1	2	7			7		25			25												0	0	0					0	5	14	27	61	2				1	1	1	79				3				1	2	4	341				2		1	1	3		1	2	7			7		25			25												0	0	0					0	5	14	27	61	2				1	1	1	79				3				1	2	4	341																																																																						0									0															0	0	0					0			0									2											5			
consaca	2024-12-31			8898	8898	0	0	546	546			8		3	5	27		13	14	41	1		39	1	792	7		783	2	29	23		6	5		1			49	33	0	16	15		1		0	17	19	64	478	4					4	2	288	2			20					20	15	6215	16			8		3	5	27		13	14	41	1		39	1	792	7		783	2	29	23		6	5		1			49	33	0	16	15		1		0	17	19	64	478	4					4	2	288	2			20					20	15	6215	16																																																																																																																														
contadero	2024-12-31			721	721	0	0	115	115			2		1	1	3		2	1	22	1		20	1	129	2		126	1	5	3		2	2					6	3	0	3	3				0	1	6	1	17							1	87										1	602				2		1	1	3		2	1	22	1		20	1	129	2		126	1	5	3		2	2					6	3	0	3	3				0	1	6	1	17							1	87										1	602																																																																																																																															
contratacion	2024-12-31			1967	1967	0	2	225	225		1					0				25			25		150			150		4	2		2	2					5	2	0	3	3				0	5	22	81	165	1					1	1	184				4					4	1	1617								0				25			25		150			150		4	2		2	2					5	2	0	3	3				0	5	22	81	165	1					1	1	184				4					4	1	1617																																																																						0									0															0	0	0					0			0									1											2			
convencion	2024-12-31			1481	1481	0	0	310	310			1			1	2			2	22	1		20	1	47	2		44	1	8	3		5	2		3			10	5	0	5	2		3		0	3	10	3	14	2					2	2	151				3					3	2	260				1			1	2			2	22	1		20	1	47	2		44	1	8	3		5	2		3			10	5	0	5	2		3		0	3	10	3	14	2					2	2	151				3					3	2	260																																																																																																																															
copacabana	2024-12-31			20599	20599	0	26	992	992		7	14	2	2	10	55	3	3	49	67	6	1	55	5	1210	17	1	1186	6	93	65	2	24	15	3	5	1	2	554	124	3	424	354	6	61	3	3	34	49	335	1128	9			1	1	7	7	447	2			45			2	1	42	17	11543	2			14	2	2	10	55	3	3	49	67	6	1	55	5	1210	17	1	1186	6	93	65	2	24	15	3	5	1	2	554	124	3	424	354	6	61	3	3	34	49	335	1128	9			1	1	7	7	447	2			45			2	1	42	17	11543	2																																																																					0				1			1		2			2												0	0	0					0		2	0	4								6											25			
coper	2024-12-31			124	124	0	0	60	60			1			1	1			1	4	1		3		5	1		4												0	0	0					0	7	1	8	3	2					2		39	3			3					3		62	4			1			1	1			1	4	1		3		5	1		4												0	0	0					0	7	1	8	3	2					2		39	3			3					3		62	4																																																																																																																														
cordoba-bol	2024-12-31			1985	1985	0	26	298	298		8	2		1	1	2		1	1	26	1		24	1	142	1		133	8	4	2		2	1		1			12	2	0	10	8		2		0	3	27	32	149	3			1	1	1	3	192	1			4			1	1	2	4	1297	4			2		1	1	2		1	1	26	1		24	1	142	1		133	8	4	2		2	1		1			12	2	0	10	8		2		0	3	27	32	149	3			1	1	1	3	192	1			4			1	1	2	4	1297	4																																																																					0				2			2		5			5												0	0	0					0		1	0	2								7											25			
cordoba-nar	2024-12-31			406	406	0	0	154	154			1			1	2			2	21			20	1	52			51	1	5	4		1			1			5	4	0	1			1		0	4	4	4	7	1		1		1		1	91				2		1		2		1	251				1			1	2			2	21			20	1	52			51	1	5	4		1			1			5	4	0	1			1		0	4	4	4	7	1		1		1		1	91				2		1		2		1	251																																																																																																																															
cordoba-qui	2024-12-31			24375	24375	0	89	779	779		7	22		4	18	80		11	69	71	1		67	3	2357	4		2346	7	43	33	1	9	7		2			332	64	1	267	264		3		0	40	37	176	1517	13		1		2	11	8	473	3			37		1		5	32	65	19809	5			22		4	18	80		11	69	71	1		67	3	2357	4		2346	7	43	33	1	9	7		2			332	64	1	267	264		3		0	40	37	176	1517	13		1		2	11	8	473	3			37		1		5	32	65	19809	5																																																																					0				1			1		10			10												0	0	0					0		1	0	10								7											89			
corinto	2024-12-31			221	221	0	1	101	101		1					0				6			6		14			14		5	2		3	3					6	2	0	4	4				0	6	5	6	10								61	1										134	1							0				6			6		14			14		5	2		3	3					6	2	0	4	4				0	6	5	6	10								61	1										134	1																																																																					0									0															0	0	0					0			0									1											1			
coromoro	2024-12-31			1255	1255	0	1	280	280		1	7		4	3	44		35	9	34			34		137	1		136		5	2	1	2	2					9	3	4	2	2				0	21	13	157	50	7				3	4	2	198	3			50				34	16	4	861	22			7		4	3	44		35	9	34			34		137	1		136		5	2	1	2	2					9	3	4	2	2				0	21	13	157	50	7				3	4	2	198	3			50				34	16	4	861	22																																																																					0									0															0	0	0					0			0									1											1			
corozal	2024-12-31			2708	2708	0	45	424	424		8	5		1	4	33		1	32	44	2	1	40	1	270	4	1	260	5	26	16		8	5		3		2	140	94	0	44	41		3		2	5	20	44	114	4				1	3	2	299	1			25				1	24	9	2171	8			5		1	4	33		1	32	44	2	1	40	1	270	4	1	260	5	26	16		8	5		3		2	140	94	0	44	41		3		2	5	20	44	114	4				1	3	2	299	1			25				1	24	9	2171	8																																																																					0				1			1		1			1												0	0	0					0			0									7											35			
corrales	2024-12-31			484	484	0	0	59	59			2			2	2			2	5			5		5			5		2	1	1							2	1	1	0					0	5	4	8	7	1				1		1	36				1				1		5	70				2			2	2			2	5			5		5			5		2	1	1							2	1	1	0					0	5	4	8	7	1				1		1	36				1				1		5	70																																																																																																																															
cota	2024-12-31			69856	69856	0	1838	926	926		11	18	2	7	9	2940	887	1994	59	75	1		72	2	5505	104		5130	271	95	66	4	23	15	2	6		2	3443	187	336	2915	2903	3	9		5	57	81	3620	14377	12		1		4	8	13	482	2			2734		1		470	2264	1150	57917	4			18	2	7	9	2940	887	1994	59	75	1		72	2	5505	104		5130	271	95	66	4	23	15	2	6		2	3443	187	336	2915	2903	3	9		5	57	81	3620	14377	12		1		4	8	13	482	2			2734		1		470	2264	1150	57917	4																																																																					0				1			1		266			266		1			1	1					1	0	0	1	1				0		2	0	273								9											1802			
cotorra	2024-12-31			137	137	0	17	58	58		5	1			1	1			1	9			7	2	18			15	3	2	1		1	1					5	2	0	3	3				0		4	0	7								51											118				1			1	1			1	9			7	2	18			15	3	2	1		1	1					5	2	0	3	3				0		4	0	7								51											118																																																																						0									0															0	0	0					0			0									5											17			
covarachia	2024-12-31			132	132	0	0	63	63			1			1	5			5	5			5		8			8		3	3								4	4	0	0					0	2	6	2	10	1				1			38				1				1			79				1			1	5			5	5			5		8			8		3	3								4	4	0	0					0	2	6	2	10	1				1			38				1				1			79																																																																																																																															
covenas	2024-12-31			5390	5367	10	400	355	349	10	30	5			5	62			62	41	1		37	3	649	2		601	46	13	5		7	4		3		1	114	9	0	100	95		5		5	5	49	36	830	3					3	5	271				12					12	19	4500				5			5	62			62	41	1		37	3	646	2		598	46	13	5		7	4		3		1	114	9	0	100	95		5		5	5	49	36	830	3					3	5	266				12					12	19	4485								0									0															0	0	0					0		2	0	2								10											10				1			1	40			40	2			2		34			34												0	0	0					0		2	0	16								26											385			
coyaima	2024-12-31			1346	1346	0	33	509	509		8	6		1	5	6		1	5	26			24	2	81			73	8	14	9		5	5					34	10	0	24	24				0	29	18	45	64	7			1	1	5	1	298	2	1		8			1	1	6	1	852	2	3		6		1	5	6		1	5	26			24	2	81			73	8	14	9		5	5					34	10	0	24	24				0	29	18	45	64	7			1	1	5	1	298	2	1		8			1	1	6	1	852	2	3																																																																				0				1			1		4			4												0	0	0					0		1	0	4								8											33			
cravo-norte	2024-12-31			10546	10546	0	139	1437	1437		13	17	2	3	12	117	13	44	60	91	8	1	73	9	634	56	53	472	53	24	14	1	5	5				4	90	25	4	30	30				31	13	36	35	273	13			2	3	8	11	826	3			76			8	39	29	46	5224	3			17	2	3	12	117	13	44	60	91	8	1	73	9	634	56	53	472	53	24	14	1	5	5				4	90	25	4	30	30				31	13	36	35	273	13			2	3	8	11	826	3			76			8	39	29	46	5224	3																																																																					0				1			1		6			6												0	0	0					0		2	0	11								12											128			
cuaspud-carlosama	2024-12-31			7	7	0	0	5	5			1	1			1	1								0															0	0	0					0			0									1											1				1	1			1	1								0															0	0	0					0			0									1											1																																																																																																																															
cubara	2024-12-31			6683	6683	0	74	426	426		9	7	1	4	2	31	1	5	25	56	2		49	5	803	3		736	64	6	2		3	3				1	73	2	0	55	55				16	8	37	11	536	6			1	4	1	7	318				22			1	4	17	110	5479				7	1	4	2	31	1	5	25	56	2		49	5	803	3		736	64	6	2		3	3				1	73	2	0	55	55				16	8	37	11	536	6			1	4	1	7	318				22			1	4	17	110	5479																																																																						0				1			1		12			12												0	0	0					0		1	0	12								9											74			
cubarral	2024-12-31			93792	93792	0	742	1957	1957		12	23	2	8	13	490	28	106	356	139	5	1	126	7	8913	106	1	7498	1308	30	20	1	8	4		4		1	13446	11803	5	1611	1551		60		27	75	62	208	6327	24				4	20	15	966	5			396				31	365	1125	63042	17			23	2	8	13	490	28	106	356	139	5	1	126	7	8913	106	1	7498	1308	30	20	1	8	4		4		1	13446	11803	5	1611	1551		60		27	75	62	208	6327	24				4	20	15	966	5			396				31	365	1125	63042	17																																																																					0				2			2		27			27												0	0	0					0		1	0	26								11											737			
cucaita	2024-12-31			445	445	0	0	173	173			4		3	1	7		6	1	11			11		30			30		2	1		1	1					3	2	0	1	1				0	11	6	17	9	1				1		1	70				4				4		4	210				4		3	1	7		6	1	11			11		30			30		2	1		1	1					3	2	0	1	1				0	11	6	17	9	1				1		1	70				4				4		4	210																																																																																																																															
cucunuba	2024-12-31			1390	1390	0	4	237	237		2	5	2	2	1	14	3	9	2	21			21		136			136		15	8	1	4	2	1	1		2	79	11	4	60	58	1	1		4	17	29	59	198	6				2	4	7	138				18				4	14	64	1031				5	2	2	1	14	3	9	2	21			21		136			136		15	8	1	4	2	1	1		2	79	11	4	60	58	1	1		4	17	29	59	198	6				2	4	7	138				18				4	14	64	1031																																																																						0									0															0	0	0					0			0									2											4			
cucutilla	2024-12-31			7092	7092	0	1	827	827		1	27	1	13	13	171	7	107	57	56			56		334			334		7	5		2	2					11	5	0	6	6				0	68	18	275	158	29			2	13	14	11	421	5			205			8	112	85	63	2989	16			27	1	13	13	171	7	107	57	56			56		334			334		7	5		2	2					11	5	0	6	6				0	68	18	275	158	29			2	13	14	11	421	5			205			8	112	85	63	2989	16																																																																					0									0															0	0	0					0			0																							
cuitiva	2024-12-31			3754	3754	0	38	170	170		3	3	1	2		169	102	67		16	1		15		268	10		258		14	10	1	3	2		1			35	12	1	22	18		4		0	10	31	298	792	4			1	1	2	3	118				176			1	102	73	142	3079				3	1	2		169	102	67		16	1		15		268	10		258		14	10	1	3	2		1			35	12	1	22	18		4		0	10	31	298	792	4			1	1	2	3	118				176			1	102	73	142	3079																																																																						0				1			1		20			20												0	0	0					0		1	0	20								3											38			
cumaral	2024-12-31			54060	54060	0	1032	1254	1254		15	18		6	12	129		58	71	94	3	1	82	8	5851	21	6	5051	773	30	18	1	9	5		3	1	2	641	35	1	551	544		6	1	54	31	64	254	5391	19			1	3	15	13	852	4			143			3	33	107	605	46051	6			18		6	12	129		58	71	94	3	1	82	8	5851	21	6	5051	773	30	18	1	9	5		3	1	2	641	35	1	551	544		6	1	54	31	64	254	5391	19			1	3	15	13	852	4			143			3	33	107	605	46051	6																																																																					0				1			1		38			38												0	0	0					0		1	0	38								12											977			
cumaribo	2024-12-31			73171	73171	0	1796	3332	3332		14	28	4	7	17	401	5	275	121	155	9	2	130	14	5708	274	5	5106	323	56	37	1	12	7		5		6	546	133	7	229	220		9		177	31	61	75	3319	30		1	2	6	22	32	1775	5			431		1	3	276	152	531	51900	9			28	4	7	17	401	5	275	121	155	9	2	130	14	5708	274	5	5106	323	56	37	1	12	7		5		6	546	133	7	229	220		9		177	31	61	75	3319	30		1	2	6	22	32	1775	5			431		1	3	276	152	531	51900	9																																																																					0				1			1		556			556												0	0	0					0		1	0	556								13											1699			
cumbal	2024-12-31			6413	6413	0	10	977	977		2	20	3	9	8	138	20	68	50	73	2		68	3	877	24		841	12	43	36	1	6	3	1	2			114	93	3	18	14	1	3		0	19	28	37	140	11		2	1	3	7	12	395	1			49		4	2	16	31	72	3851	1			20	3	9	8	138	20	68	50	73	2		68	3	877	24		841	12	43	36	1	6	3	1	2			114	93	3	18	14	1	3		0	19	28	37	140	11		2	1	3	7	12	395	1			49		4	2	16	31	72	3851	1																																																																					0									0															0	0	0					0		1	0	9								2											10			
cumbitara	2024-12-31			834	834	0	0	184	184			3		2	1	4		3	1	17			15	2	39			37	2	4	3		1	1					14	13	0	1	1				0	3	10	20	26	1				1		4	142				2				2		5	569				3		2	1	4		3	1	17			15	2	39			37	2	4	3		1	1					14	13	0	1	1				0	3	10	20	26	1				1		4	142				2				2		5	569																																																																																																																															
cunday	2024-12-31			3530	3530	0	46	482	482		8	8	1		7	18	1		17	39	2		31	6	133	9		115	9	10	6		4	3		1			18	6	0	12	11		1		0	39	21	137	97	3			1		2	3	310				16			2		14	8	1352				8	1		7	18	1		17	39	2		31	6	133	9		115	9	10	6		4	3		1			18	6	0	12	11		1		0	39	21	137	97	3			1		2	3	310				16			2		14	8	1352																																																																						0				1			1		4			4												0	0	0					0		1	0	4								8											46			
curillo	2024-12-31			3240	3240	0	51	459	459		10	2		1	1	14		1	13	38	1		33	4	253	1		227	25	6	1		4	2		2		1	64	1	0	37	30		7		26	2	18	8	91	1					1	4	315	1			1					1	9	2107	1			2		1	1	14		1	13	38	1		33	4	253	1		227	25	6	1		4	2		2		1	64	1	0	37	30		7		26	2	18	8	91	1					1	4	315	1			1					1	9	2107	1																																																																					0				1			1		4			4												0	0	0					0		1	0	4								9											49			
curiti	2024-12-31			5066	5066	0	12	282	282		3	9	1	1	7	28	9	1	18	26			26		257			257		7	1		6	5		1			39	1	0	38	37		1		0	17	32	287	630	4			1		3	3	219	2			13			9		4	10	4020	2			9	1	1	7	28	9	1	18	26			26		257			257		7	1		6	5		1			39	1	0	38	37		1		0	17	32	287	630	4			1		3	3	219	2			13			9		4	10	4020	2																																																																					0									0															0	0	0					0			0									3											12			
curumani	2024-12-31			1016	1016	0	21	247	247		6	9		5	4	20		14	6	37	2	1	31	3	136	2	1	125	8	3	1		2	2					10	1	0	9	9				0	7	17	17	71	4				2	2	4	207	2			11				9	2	5	868	2			9		5	4	20		14	6	37	2	1	31	3	136	2	1	125	8	3	1		2	2					10	1	0	9	9				0	7	17	17	71	4				2	2	4	207	2			11				9	2	5	868	2																																																																					0				2			2		6			6												0	0	0					0		1	0	3								6											21			
dabeiba	2024-12-31			4736	4736	0	3	1101	1101		2	32	3	14	15	118	29	59	30	96	4	1	85	6	321	5	1	292	23	27	17	1	8	5		3		1	199	156	1	41	36		5		1	82	21	261	153	26		1	3	8	15	11	570	8	1		104		1	28	42	34	23	2586	29	1		32	3	14	15	118	29	59	30	96	4	1	85	6	321	5	1	292	23	27	17	1	8	5		3		1	199	156	1	41	36		5		1	82	21	261	153	26		1	3	8	15	11	570	8	1		104		1	28	42	34	23	2586	29	1																																																																				0									0															0	0	0					0			0									2											3			
dagua	2024-12-31			373622	373621	0	293	3636	3636		18	75	11	19	45	1266	266	118	882	248	11	1	223	13	60391	47	2	56241	4101	158	123	3	31	21		9	1	1	2326	489	8	1827	1747		79	1	2	293	62	7437	18818	70		1	13	19	38	38	1373	10	1		1080		1	287	255	538	5085	299953	85	2		75	11	19	45	1266	266	118	882	248	11	1	223	13	60391	47	2	56241	4101	158	123	3	31	21		9	1	1	2326	489	8	1827	1747		79	1	2	293	62	7437	18818	70		1	13	19	38	38	1373	10	1		1080		1	287	255	538	5085	299953	85	2																																																																				0				2			2		42			42												0	0	0					0		2	0	42								16											291			
dibulla	2024-12-31			71781	71380	118	1322	1621	1609	14	38	43	4	16	23	414	9	86	319	128	9	3	104	12	7883	241	24	7258	360	40	28	1	9	6		3		2	338	55	5	276	271		5		2	73	104	281	11698	30			1	9	20	33	933	7			280			2	29	249	1803	59045	34			43	4	16	23	414	9	86	319	125	9	3	101	12	7866	241	24	7241	360	40	28	1	9	6		3		2	338	55	5	276	271		5		2	73	104	280	11698	30			1	9	20	31	927	7			280			2	29	249	1727	59003	34							0				3			3		10			10												0	0	0					0			0								2	7										76	34				4		2	2	39		19	20	5		1	4		203		1	202												0	0	0					0	1	4	5	142	1					1		30	1			1					1		1178	19		
distraccion	2024-12-31			4078	4078	0	12	432	432		7	11		5	6	39		9	30	33	1		31	1	195	12		182	1	13	8		4	3		1		1	32	20	0	11	10		1		1	21	18	74	77	10				2	8	4	310	5			28				3	25	19	1644	21			11		5	6	39		9	30	33	1		31	1	195	12		182	1	13	8		4	3		1		1	32	20	0	11	10		1		1	21	18	74	77	10				2	8	4	310	5			28				3	25	19	1644	21																																																																					0				1			1		1			1												0	0	0					0			0									6											11			
dolores	2024-12-31			643	643	0	0	158	158			1			1	1			1	13			12	1	34			33	1	2	2								2	2	0	0					0	10	6	23	17	2				1	1		84				7				4	3		195				1			1	1			1	13			12	1	34			33	1	2	2								2	2	0	0					0	10	6	23	17	2				1	1		84				7				4	3		195																																																																																																																															
donmatias	2024-12-31			6729	6724	4	24	574	572	3	6	12	2	1	9	107	4	53	50	51	2		44	5	401	4		389	8	27	16	2	9	7		2			71	19	5	47	45		2		0	30	37	218	645	7			1	1	5	6	411				48			3	1	44	14	5452	2			12	2	1	9	107	4	53	50	50	2		43	5	400	4		388	8	27	16	2	9	7		2			71	19	5	47	45		2		0	30	37	218	645	7			1	1	5	6	409				48			3	1	44	14	5447	2							0									0															0	0	0					0			0									3											4								0				1			1		3			3												0	0	0					0		1	0	3								6											24			
dosquebradas	2024-12-31			11941	11941	0	237	546	546		7	11	1	2	8	35	1	9	25	54	3		50	1	1226	17		1160	49	47	31	2	14	9		4	1		380	39	2	339	330		5	4	0	19	44	83	762	6				1	5	8	343	1			16				3	13	19	9938	4			11	1	2	8	35	1	9	25	54	3		50	1	1226	17		1160	49	47	31	2	14	9		4	1		380	39	2	339	330		5	4	0	19	44	83	762	6				1	5	8	343	1			16				3	13	19	9938	4																																																																					0				1			1		24			24												0	0	0					0		2	0	25								7											237			
duitama	2024-12-31			26109	26109	0	7	1698	1698		3	52	6	18	28	1368	203	502	663	92	1		90	1	1760	3		1731	26	120	96	5	19	11	2	6			775	403	146	226	187	5	34		0	178	33	4370	594	45		1	6	14	25	15	512	3			1183		1	208	501	474	358	14552	69			52	6	18	28	1368	203	502	663	92	1		90	1	1760	3		1731	26	120	96	5	19	11	2	6			775	403	146	226	187	5	34		0	178	33	4370	594	45		1	6	14	25	15	512	3			1183		1	208	501	474	358	14552	69																																																																					0				1			1		2			2												0	0	0					0		1	0	2								3											7			
durania	2024-12-31			557	557	0	2	181	181		2	2		2		2		2		15	1		13	1	40	2		37	1	1	1								1	1	0	0					0	3	15	3	59	4				2	2	1	149				5				2	3	2	417				2		2		2		2		15	1		13	1	40	2		37	1	1	1								1	1	0	0					0	3	15	3	59	4				2	2	1	149				5				2	3	2	417																																																																						0									0															0	0	0					0			0									2											2			
ebejico	2024-12-31			2735	2735	1	4	453	453	1	3	10		5	5	28		13	15	50	2		44	4	212	6		202	4	14	7	1	6	6					34	7	1	26	26				0	23	34	64	336	10				4	6	3	313	1			27				6	21	8	2163	1			10		5	5	28		13	15	50	2		44	4	212	6		202	4	14	7	1	6	6					34	7	1	26	26				0	23	34	64	336	10				4	6	3	313	1			27				6	21	8	2163	1							0									0															0	0	0					0			0									1											1								0				1			1		1			1												0	0	0					0		1	0	1								3											4			
el-aguila	2024-12-31			7141	7141	0	2	540	540		1	19	1	2	16	78	9	2	67	64	4		53	7	1052	44		472	536	9	5		4	3		1			52	24	0	28	27		1		0	28	21	82	291	15				1	14	13	375	1	1		81				8	73	76	4715	8	1		19	1	2	16	78	9	2	67	64	4		53	7	1052	44		472	536	9	5		4	3		1			52	24	0	28	27		1		0	28	21	82	291	15				1	14	13	375	1	1		81				8	73	76	4715	8	1																																																																				0									0															0	0	0					0			0									1											2			
el-bagre	2024-12-31			11382	11382	0	86	824	824		14	27	5	7	15	1179	138	35	1006	92	6	2	74	10	1778	11	72	1633	62	24	9	1	11	10		1		3	323	23	10	113	112		1		177	35	46	2003	275	12			2	1	9	15	602	7		1	208			6	130	72	133	8218	195		1	27	5	7	15	1179	138	35	1006	92	6	2	74	10	1778	11	72	1633	62	24	9	1	11	10		1		3	323	23	10	113	112		1		177	35	46	2003	275	12			2	1	9	15	602	7		1	208			6	130	72	133	8218	195		1																																																																			0				2			2		6			6												0	0	0					0		4	0	9								14											86			
el-banco	2024-12-31			1490	1490	0	27	342	342		7	14		1	13	21		1	20	30	1	1	24	4	89	2	4	72	11	9	2	1	4	3		1		2	23	2	1	16	15		1		4	29	14	52	51	7			1		6	3	233	4			13			1	5	7	7	1138	7			14		1	13	21		1	20	30	1	1	24	4	89	2	4	72	11	9	2	1	4	3		1		2	23	2	1	16	15		1		4	29	14	52	51	7			1		6	3	233	4			13			1	5	7	7	1138	7																																																																					0				1			1		2			2												0	0	0					0		1	0	2								7											27			
el-cairo	2024-12-31			37295	37295	0	11	1564	1564		6	60	11	20	29	1307	129	292	886	161	5		148	8	3607	63		3292	252	32	23		9	6		3			337	36	0	301	298		3		0	201	35	2577	1425	53			13	17	23	25	728	6	1		1179			145	328	706	863	27810	23	3		60	11	20	29	1307	129	292	886	161	5		148	8	3607	63		3292	252	32	23		9	6		3			337	36	0	301	298		3		0	201	35	2577	1425	53			13	17	23	25	728	6	1		1179			145	328	706	863	27810	23	3																																																																				0				1			1		2			2												0	0	0					0		1	0	2								6											11			
el-calvario	2024-12-31			10690	10690	0	1	544	544		1	10	1	3	6	153	6	29	118	66	2		62	2	1328	70		1256	2	9	5		4	3		1			186	6	0	180	179		1		0	14	30	87	696	9				2	7	5	417	1			170				28	142	52	9168	1			10	1	3	6	153	6	29	118	66	2		62	2	1328	70		1256	2	9	5		4	3		1			186	6	0	180	179		1		0	14	30	87	696	9				2	7	5	417	1			170				28	142	52	9168	1																																																																					0				1			1		1			1												0	0	0					0		1	0	1								1											1			
el-canton-del-san-pablo	2024-12-31			13657	13656	0	5	407	407		3	5	1	1	3	14	3	8	3	11			10	1	24			23	1	3	3								3	3	0	0					0	43		416		8			1	1	6	4	203	7		2	17			3	8	6	8	10136	9		6	5	1	1	3	14	3	8	3	11			10	1	24			23	1	3	3								3	3	0	0					0	43		416		8			1	1	6	4	203	7		2	17			3	8	6	8	10136	9		6																																																																			0									0															0	0	0					0	1		2									1											2			
el-carmen	2024-12-31			497	497	0	0	241	241			1			1	4			4	18			18		35			35		4	2		2	2					5	3	0	2	2				0	16	18	20	43							2	177										3	346				1			1	4			4	18			18		35			35		4	2		2	2					5	3	0	2	2				0	16	18	20	43							2	177										3	346																																																																																																																															
el-carmen-de-atrato	2024-12-31			184310	184252	0	13	1803	1785		5	39	2	11	26	5318	4	148	5166	154	3		145	6	27004	104		25522	1378	24	17		7	3		4			1658	28	0	1630	1623		7		0	148	48	7014	9779	24		1	2	8	14	25	865	1		1	3860		1	4	32	3824	5923	146071	3		1	39	2	11	26	5318	4	148	5166	154	3		145	6	27002	104		25520	1378	24	17		7	3		4			1658	28	0	1630	1623		7		0	147	48	7013	9779	24		1	2	8	14	25	862	1		1	3860		1	4	32	3824	5923	146066	3		1																																																																			0				1			1		2			2												0	0	0					0		1	0	2								5											13			
el-carmen-de-bolivar	2024-12-31			6052	6052	0	35	569	569		8	9	2	4	3	20	10	4	6	58	3		48	7	2352	32		437	1883	18	15		3	2		1			138	116	0	22	18		4		0	6	26	48	147	9				3	6	6	302	2			17				8	9	35	4290	39			9	2	4	3	20	10	4	6	58	3		48	7	2352	32		437	1883	18	15		3	2		1			138	116	0	22	18		4		0	6	26	48	147	9				3	6	6	302	2			17				8	9	35	4290	39																																																																					0				1			1		1			1												0	0	0					0		1	0	1								7											34			
el-carmen-de-chucuri	2024-12-31			41859	41859	0	1152	1928	1928		7	53	6	20	27	505	53	286	166	153	4	1	141	7	7685	152	1	1268	6264	40	25	1	13	7		6		1	262	238	1	22	10		12		1	158	33	2136	444	41			4	15	22	23	982	15		2	288			8	81	199	171	26475	955		49	53	6	20	27	505	53	286	166	153	4	1	141	7	7685	152	1	1268	6264	40	25	1	13	7		6		1	262	238	1	22	10		12		1	158	33	2136	444	41			4	15	22	23	982	15		2	288			8	81	199	171	26475	955		49																																																																			0									0															0	0	0					0			0									7											1152			
el-carmen-de-viboral	2024-12-31			35207	35207	0	56	1898	1898		6	57	5	20	32	425	17	97	311	140	4	1	127	8	3685	11	1	2448	1225	70	54	2	13	11	2			1	379	119	3	256	246	10			1	159	46	1234	1182	44	1	1	5	13	26	14	941	6			184	1	1	15	31	138	137	19585	64			57	5	20	32	425	17	97	311	140	4	1	127	8	3685	11	1	2448	1225	70	54	2	13	11	2			1	379	119	3	256	246	10			1	159	46	1234	1182	44	1	1	5	13	26	14	941	6			184	1	1	15	31	138	137	19585	64																																																																					0									0															0	0	0					0		1	0	1								6											56			
el-castillo	2024-12-31			1740	1740	0	16	395	395		6	7			7	19			19	39	1	1	35	2	191	9	1	153	28	12	8		4	4					52	17	0	35	35				0	12	23	14	120	4					4	8	297	3			5					5	31	1353	6			7			7	19			19	39	1	1	35	2	191	9	1	153	28	12	8		4	4					52	17	0	35	35				0	12	23	14	120	4					4	8	297	3			5					5	31	1353	6																																																																					0									0															0	0	0					0			0									6											16			
el-cerrito	2024-12-31			64858	64858	0	308	1558	1558		13	28	1	9	18	413	1	71	341	122	2		116	4	7962	32		7813	117	93	67		26	17	1	7	1		777	129	0	648	633	1	13	1	0	72	56	1470	3986	16		1		6	10	11	727	6	1		133		1		11	122	64	54143	18	2		28	1	9	18	413	1	71	341	122	2		116	4	7962	32		7813	117	93	67		26	17	1	7	1		777	129	0	648	633	1	13	1	0	72	56	1470	3986	16		1		6	10	11	727	6	1		133		1		11	122	64	54143	18	2																																																																				0				1			1		20			20												0	0	0					0		1	0	20								11											287			
el-charco	2024-12-31			2281	1942	309	315	186	149	37	27	8	2	2	4	201	22	99	80	25	2		23		100	14		86		1			1	1					1	0	0	1	1				0	4	18	35	876	11			4	2	5	4	143	1		1	374			12	2	360	28	1705	8		1	6	1	2	3	168	1	99	68	24	2		22		93	14		79		1			1	1					1	0	0	1	1				0	4	18	35	876	10			4	1	5	4	112			1	367			6	1	360	28	1439			1	2		1	1	33	21		12	2			2		7			7												0	0	0					0			0		2			1	1			31	1			7			6	1			266	8			1	1			21	21			3			3		3			3												0	0	0					0		1	0	1	1				1			22	1			1				1			266	8		
el-cocuy	2024-12-31			4579	4579	0	1	725	725		1	14	4	7	3	1178	16	1153	9	24	1		23		136	5		131		21	19	1	1	1					39	29	1	9	9				0	60	11	1337	56	12			2	5	5	4	169				1174			8	1150	16	33	1133				14	4	7	3	1178	16	1153	9	24	1		23		136	5		131		21	19	1	1	1					39	29	1	9	9				0	60	11	1337	56	12			2	5	5	4	169				1174			8	1150	16	33	1133																																																																						0				1			1		1			1												0	0	0					0		1	0	1								1											1			
el-colegio	2024-12-31			15519	15519	0	104	812	812		7	7		4	3	16		4	12	57	1	1	54	1	1501	1	3	1479	18	39	31		7	4		2	1	1	307	42	0	262	257		2	3	3	21	45	245	1010	6				2	4	6	452	1			6				2	4	25	12710	2			7		4	3	16		4	12	57	1	1	54	1	1501	1	3	1479	18	39	31		7	4		2	1	1	307	42	0	262	257		2	3	3	21	45	245	1010	6				2	4	6	452	1			6				2	4	25	12710	2																																																																					0				1			1		6			6												0	0	0					0		1	0	6								6											103			
el-copey	2024-12-31			23572	23572	0	21	636	636		10	5	1	3	1	262	1	36	225	57	3	1	45	8	4615	4	6	4592	13	25	13	1	9	7		2		2	250	160	1	86	84		2		3	12	30	256	116	10			1	3	6	6	415	1	1		843			1	77	765	2134	15033	1	1		5	1	3	1	262	1	36	225	57	3	1	45	8	4615	4	6	4592	13	25	13	1	9	7		2		2	250	160	1	86	84		2		3	12	30	256	116	10			1	3	6	6	415	1	1		843			1	77	765	2134	15033	1	1																																																																				0									0															0	0	0					0			0									8											19			
el-doncello	2024-12-31			4897	4897	0	39	541	541		6					0				49	1		45	3	462	4		421	37	16	10		5	3		2		1	112	17	0	76	72		4		19	1	24	1	233	1					1	3	331	1			1					1	25	2927	1							0				49	1		45	3	462	4		421	37	16	10		5	3		2		1	112	17	0	76	72		4		19	1	24	1	233	1					1	3	331	1			1					1	25	2927	1																																																																					0				1			1		8			8												0	0	0					0		1	0	8								6											39			
el-dorado	2024-12-31			2545	2545	0	9	396	396		6					0				36			34	2	141			122	19	11	7		4	3		1			50	7	0	43	41		2		0	8	28	14	159	2					2	4	284				3					3	25	1436								0				36			34	2	141			122	19	11	7		4	3		1			50	7	0	43	41		2		0	8	28	14	159	2					2	4	284				3					3	25	1436																																																																						0				1			1		1			1												0	0	0					0		1	0	1								5											7			
el-dovio	2024-12-31			4231	4231	0	7	571	571		3	10		2	8	20		2	18	58			54	4	339			329	10	17	13		4	2		2			56	15	0	41	39		2		0	23	24	83	253	7				1	6	9	347	3			10				1	9	25	3147	8			10		2	8	20		2	18	58			54	4	339			329	10	17	13		4	2		2			56	15	0	41	39		2		0	23	24	83	253	7				1	6	9	347	3			10				1	9	25	3147	8																																																																					0				1			1		1			1												0	0	0					0		1	0	1								3											7			
el-encanto	2024-12-31			8581	8581	0	25	1869	1869		10	10		3	7	165		151	14	77	5		65	7	655	52		538	65	7	2		4	3		1		1	25	3	0	20	9		11		2	9	24	15	93	10				3	7	7	983	2		1	165				148	17	27	3890	3		2	10		3	7	165		151	14	77	5		65	7	655	52		538	65	7	2		4	3		1		1	25	3	0	20	9		11		2	9	24	15	93	10				3	7	7	983	2		1	165				148	17	27	3890	3		2																																																																			0				1			1		2			2												0	0	0					0		1	0	2								9											22			
el-espino	2024-12-31			101	101	0	0	53	53			2		1	1	2		1	1	6			6		7			7		2	2								2	2	0	0					0	8	3	17	4	1			1				29				5			5				49				2		1	1	2		1	1	6			6		7			7		2	2								2	2	0	0					0	8	3	17	4	1			1				29				5			5				49																																																																																																																															
el-guacamayo	2024-12-31			74	74	0	0	47	47							0				4			4		5			5												0	0	0					0	2	4	3	7							1	29										1	45								0				4			4		5			5												0	0	0					0	2	4	3	7							1	29										1	45																																																																																																																															
el-guamo	2024-12-31			2542	2542	0	1997	200	200		9	2		1	1	11		10	1	25	1		22	2	32	1		29	2	4	1		2	2				1	8	2	0	5	5				1	3	8	10	14	2				1	1	2	168	1			86				1	85	3	2316	1			2		1	1	11		10	1	25	1		22	2	32	1		29	2	4	1		2	2				1	8	2	0	5	5				1	3	8	10	14	2				1	1	2	168	1			86				1	85	3	2316	1																																																																					0									0															0	0	0					0			0									9											1997			
el-litoral-del-san-juan	2024-12-31			4475	4409	53	208	1107	1066	48	51	23	1	3	19	202	117	5	80	46	2		42	2	226	2		221	3	13	10		3	3					32	29	0	3	3				0	74	29	402	333	23			3	1	19	10	535	3			225			120	1	104	29	2048	3			20	1	3	16	199	117	5	77	44	2		40	2	224	2		219	3	13	10		3	3					32	29	0	3	3				0	74	29	402	333	21			2	1	18	9	504	2			223			119	1	103	28	2006	2			3			3	3			3	2			2		2			2												0	0	0					0			0		2			1		1	1	38	1			2			1		1	1	42	1			2			2	2			2	3			3		27			27												0	0	0					0		1	0	2	1			1			1	43				1			1			1	183			
el-molino	2024-12-31			2884	2884	0	3	283	283		2	5		1	4	20		1	19	29	2		26	1	102	11		90	1	4	2		2	2					8	4	0	4	4				0		20	0	65	6				2	4	5	200	2			67				51	16	82	1415	48			5		1	4	20		1	19	29	2		26	1	102	11		90	1	4	2		2	2					8	4	0	4	4				0		20	0	65	6				2	4	5	200	2			67				51	16	82	1415	48																																																																					0				2			2		3			3												0	0	0					0		1	0	1								2											3			
el-paso	2024-12-31			6462	6462	0	314	499	499		14	13	2	3	8	32	2	15	15	65	3	1	53	8	950	6	1	857	86	17	11		3	3				3	126	50	0	71	71				5	24	40	64	386	9			2	2	5	8	397	4			308			10	3	295	18	5207	7			13	2	3	8	32	2	15	15	65	3	1	53	8	950	6	1	857	86	17	11		3	3				3	126	50	0	71	71				5	24	40	64	386	9			2	2	5	8	397	4			308			10	3	295	18	5207	7																																																																					0				2			2		26			26												0	0	0					0		2	0	11								13											301			
el-paujil	2024-12-31			3026	3026	0	73	334	334		7	3		1	2	18		2	16	47			44	3	306			268	38	11	7		3	2	1			1	89	7	0	51	50	1			31	3	24	6	144	2					2	3	256	3			16					16	33	2021	5			3		1	2	18		2	16	47			44	3	306			268	38	11	7		3	2	1			1	89	7	0	51	50	1			31	3	24	6	144	2					2	3	256	3			16					16	33	2021	5																																																																					0				1			1		1			1												0	0	0					0		1	0	1								7											73			
el-penol	2024-12-31			298	298	0	0	149	149							0				18			18		30			30		2	2								2	2	0	0					0	4	14	4	24								115											208								0				18			18		30			30		2	2								2	2	0	0					0	4	14	4	24								115											208																																																																																																																															
el-penon-bol	2024-12-31			99	99	0	4	45	45		2	2			2	3			3	4			3	1	8			6	2											0	0	0					0	6	2	7	4	1			1				40				1			1				74				2			2	3			3	4			3	1	8			6	2											0	0	0					0	6	2	7	4	1			1				40				1			1				74																																																																						0									0															0	0	0					0			0									2											4			
el-penon-cun	2024-12-31			9106	9106	0	14	391	391		5	2			2	4			4	25			24	1	668			667	1	4	2		2	2					14	2	0	12	12				0	18	30	87	422	2					2	2	258				3					3	14	7977				2			2	4			4	25			24	1	668			667	1	4	2		2	2					14	2	0	12	12				0	18	30	87	422	2					2	2	258				3					3	14	7977																																																																						0									0															0	0	0					0			0									4											10			
el-penon-san	2024-12-31			9003	9003	0	2	467	467		2	17	1	7	9	157	4	52	101	39	2		35	2	320	50		252	18	10	5	2	3	3					27	18	2	7	7				0	44	12	313	42	18		1	1	5	12	7	250	4			167		3	4	43	120	258	2502	20			17	1	7	9	157	4	52	101	39	2		35	2	320	50		252	18	10	5	2	3	3					27	18	2	7	7				0	44	12	313	42	18		1	1	5	12	7	250	4			167		3	4	43	120	258	2502	20																																																																					0									0															0	0	0					0			0									2											2			
el-pinon	2024-12-31			1388	1386	0	23	239	239		6	5			5	11			11	28		1	22	5	120		2	104	14	6	2		2	2				2	25	5	0	12	12				8	6	12	14	47	3					3	1	164	1			6					6	1	603	1			5			5	11			11	28		1	22	5	120		2	104	14	6	2		2	2				2	25	5	0	12	12				8	6	12	14	47	3					3	1	164	1			6					6	1	603	1																																																																					0				1			1		1			1												0	0	0					0		1	0	1								6											23			
el-playon	2024-12-31			1510	1510	0	2	426	426		2	10	3	3	4	17	5	4	8	15			14	1	35			34	1	10	8	1	1	1					21	18	2	1	1				0	28	16	55	35	7			2	1	4	2	266	2		1	14			5	2	7	7	543	2		1	10	3	3	4	17	5	4	8	15			14	1	35			34	1	10	8	1	1	1					21	18	2	1	1				0	28	16	55	35	7			2	1	4	2	266	2		1	14			5	2	7	7	543	2		1																																																																			0				1			1		1			1												0	0	0					0		1	0	1								1											1			
el-reten	2024-12-31			3024	3024	0	86	472	472		15	2			2	20			20	36	2	1	30	3	180	7	4	165	4	40	27	1	10	7		3		2	60	28	1	20	16		4		11	14	29	47	112	1					1	1	315	3			1					1	6	1336	4			2			2	20			20	36	2	1	30	3	180	7	4	165	4	40	27	1	10	7		3		2	60	28	1	20	16		4		11	14	29	47	112	1					1	1	315	3			1					1	6	1336	4																																																																					0				2			2		19			19												0	0	0					0		2	0	16								14											85			
el-retorno	2024-12-31			14878	14878	0	98	1630	1630		9	6	2	2	2	31	3	10	18	74	2		68	4	1248	49		1155	44	17	11	1	4	3		1		1	95	24	1	69	67		2		1	22	30	42	463	13				3	10	8	1075	2			45				4	41	69	11227	4			6	2	2	2	31	3	10	18	74	2		68	4	1248	49		1155	44	17	11	1	4	3		1		1	95	24	1	69	67		2		1	22	30	42	463	13				3	10	8	1075	2			45				4	41	69	11227	4																																																																					0									0															0	0	0					0			0									7											96			
el-roble	2024-12-31			1002	1002	0	7	459	459		5	3		1	2	3		1	2	27	1	2	21	3	69	1	5	55	8	39	32		6	2	1	3		1	47	34	0	12	8	1	3		1	5	15	6	30								205											439				3		1	2	3		1	2	27	1	2	21	3	69	1	5	55	8	39	32		6	2	1	3		1	47	34	0	12	8	1	3		1	5	15	6	30								205											439																																																																						0									0															0	0	0					0			0									5											7			
el-rosal	2024-12-31			3422	3422	0	10	322	322		3	8		5	3	28		15	13	35			34	1	404			403	1	21	13	1	6	3	1	2		1	104	20	2	81	75	1	5		1	24	23	136	258	9				4	5	7	196				45				5	40	76	2693				8		5	3	28		15	13	35			34	1	404			403	1	21	13	1	6	3	1	2		1	104	20	2	81	75	1	5		1	24	23	136	258	9				4	5	7	196				45				5	40	76	2693																																																																						0				1			1		2			2												0	0	0					0		1	0	2								3											10			
el-rosario	2024-12-31			1608	1608	0	8	192	192		3	3			3	8		4	4	20	1		19		189	1		188		4	3		1	1					11	4	0	7	7				0	3	20	12	142	1					1	2	144	1			1					1	7	1365	8			3			3	8		4	4	20	1		19		189	1		188		4	3		1	1					11	4	0	7	7				0	3	20	12	142	1					1	2	144	1			1					1	7	1365	8																																																																					0				1			1		3			3												0	0	0					0		1	0	3								3											8			
el-santuario	2024-12-31			1627	1627	0	7	372	372		1	10		6	4	22		17	5	27	1		26		82	1		81		42	33		9	6	1	2			98	39	0	59	54	2	3		0	12	19	29	94	7				4	3	3	187	1			18				5	13	3	1032	1			10		6	4	22		17	5	27	1		26		82	1		81		42	33		9	6	1	2			98	39	0	59	54	2	3		0	12	19	29	94	7				4	3	3	187	1			18				5	13	3	1032	1																																																																					0									0															0	0	0					0			0									1											7			
el-tablon-de-gomez	2024-12-31			3706	3706	0	4	307	307		2	9	1	2	6	82	2	4	76	46			46		398			398		2	1		1	1					3	1	0	2	2				0	11	20	97	78	4		1			4	2	232				62		1			62	7	2019				9	1	2	6	82	2	4	76	46			46		398			398		2	1		1	1					3	1	0	2	2				0	11	20	97	78	4		1			4	2	232				62		1			62	7	2019																																																																						0				1			1		2			2												0	0	0					0		2	0	4								2											4			
el-tambo-cau	2024-12-31			30768	30768	0	101	3099	3099		11	81	8	26	47	519	36	149	334	213	4		201	8	1956	27		1844	85	56	48		8	6		2			235	135	0	100	97		3		0	338	43	1463	928	67		2	9	21	37	43	1247	10			363		16	27	141	195	463	17352	36			81	8	26	47	519	36	149	334	213	4		201	8	1956	27		1844	85	56	48		8	6		2			235	135	0	100	97		3		0	338	43	1463	928	67		2	9	21	37	43	1247	10			363		16	27	141	195	463	17352	36																																																																					0				1			1		24			24												0	0	0					0		1	0	24								10											99			
el-tambo-nar	2024-12-31			731	731	0	0	210	210			1			1	1			1	25			25		86			86		4	4								4	4	0	0					0	6	6	11	37	1					1		138	2			1					1		513	25			1			1	1			1	25			25		86			86		4	4								4	4	0	0					0	6	6	11	37	1					1		138	2			1					1		513	25																																																																																																																														
el-tarra	2024-12-31			53	53	0	0	31	31			1	1			2	2			2			2		5			5												0	0	0					0			0		3			1		2		22				4			2		2		36				1	1			2	2			2			2		5			5												0	0	0					0			0		3			1		2		22				4			2		2		36																																																																																																																															
el-zulia	2024-12-31			1472	1472	0	50	295	295		6	8		1	7	14		1	13	25	1	1	20	3	143	1	1	117	24	7	3		3	3				1	36	3	0	29	29				4	4	12	6	103	9				1	8	3	220	2			17				1	16	12	1168	3			8		1	7	14		1	13	25	1	1	20	3	143	1	1	117	24	7	3		3	3				1	36	3	0	29	29				4	4	12	6	103	9				1	8	3	220	2			17				1	16	12	1168	3																																																																					0				1			1		7			7												0	0	0					0		1	0	7								6											50			
elias	2024-12-31			1535	1535	0	17	208	208		5	1	1			2	2			16			14	2	85			76	9	7	4		3	2		1			18	6	0	12	10		2		0	6	13	22	53	1			1			1	149				2			2			1	1033				1	1			2	2			16			14	2	85			76	9	7	4		3	2		1			18	6	0	12	10		2		0	6	13	22	53	1			1			1	149				2			2			1	1033																																																																						0				1			1		1			1												0	0	0					0		1	0	1								5											17			
encino	2024-12-31			22886	22886	0	2	1099	1099		2	46	5	15	26	2341	24	455	1862	88	4		80	4	1855	28		1493	334	24	17		7	4	1	2			36	22	0	14	10	1	3		0	124	35	6976	848	46		1	6	14	26	14	567	8			2351		1	26	349	1976	137	14239	28			46	5	15	26	2341	24	455	1862	88	4		80	4	1855	28		1493	334	24	17		7	4	1	2			36	22	0	14	10	1	3		0	124	35	6976	848	46		1	6	14	26	14	567	8			2351		1	26	349	1976	137	14239	28																																																																					0									0															0	0	0					0			0									2											2			
enciso	2024-12-31			1474	1474	0	7	177	177		2	6	1	2	3	29	3	12	14	18			18		87			87		5	4		1	1					7	4	0	3	3				0	9	9	47	72	3			1		2	3	119				5			3		2	13	1138				6	1	2	3	29	3	12	14	18			18		87			87		5	4		1	1					7	4	0	3	3				0	9	9	47	72	3			1		2	3	119				5			3		2	13	1138																																																																						0									0															0	0	0					0			0									2											7			
entrerrios	2024-12-31			2116	2116	0	10	521	521		3	13	1	4	8	49	2	26	21	41	1		37	3	136	2		131	3	23	11	3	9	8	1				67	17	5	45	44	1			0	34	17	86	108	8			1	4	3	6	292				19			2	8	9	14	1448				13	1	4	8	49	2	26	21	41	1		37	3	136	2		131	3	23	11	3	9	8	1				67	17	5	45	44	1			0	34	17	86	108	8			1	4	3	6	292				19			2	8	9	14	1448																																																																						0									0															0	0	0					0		1	0	1								3											10			
envigado	2024-12-31			80571	80571	0	19	1838	1838		3	45	8	13	24	1058	15	47	996	138	5		128	5	6752	224		6240	288	177	141	2	34	20	2	11	1		4232	2168	4	2060	1803	11	221	25	0	139	50	3025	4985	27		1	4	6	17	12	802	6		1	947		1	4	64	879	614	58050	16		3	45	8	13	24	1058	15	47	996	138	5		128	5	6752	224		6240	288	177	141	2	34	20	2	11	1		4232	2168	4	2060	1803	11	221	25	0	139	50	3025	4985	27		1	4	6	17	12	802	6		1	947		1	4	64	879	614	58050	16		3																																																																			0									0															0	0	0					0			0									3											19			
espinal	2024-12-31			3684	3684	0	40	703	703		6	6	1		5	10	1		9	34			33	1	239			220	19	55	46		9	8		1			194	119	0	75	73		2		0	21	29	56	194	6			1		5	1	345				10			2		8	1	2427				6	1		5	10	1		9	34			33	1	239			220	19	55	46		9	8		1			194	119	0	75	73		2		0	21	29	56	194	6			1		5	1	345				10			2		8	1	2427																																																																						0									0															0	0	0					0			0									6											40			
facatativa	2024-12-31			11706	11706	0	59	1224	1224		4	22	1	7	14	90	1	13	76	93	3		89	1	1225	5		1219	1	123	94	5	22	14	3	5		2	681	288	23	357	325	8	24		13	102	56	532	831	23		3	2	7	14	15	434	4			130		5	5	48	77	109	7751	8			22	1	7	14	90	1	13	76	93	3		89	1	1225	5		1219	1	123	94	5	22	14	3	5		2	681	288	23	357	325	8	24		13	102	56	532	831	23		3	2	7	14	15	434	4			130		5	5	48	77	109	7751	8																																																																					0				1			1		26			26												0	0	0					0		1	0	26								4											59			
falan	2024-12-31			27033	27033	0	181	750	750		8	16		4	12	168		110	58	86	2		82	2	2483	8		2470	5	8	4		4	4					289	53	0	236	236				0	46	51	444	2717	10				1	9	10	599	2			27				2	25	184	22504	2			16		4	12	168		110	58	86	2		82	2	2483	8		2470	5	8	4		4	4					289	53	0	236	236				0	46	51	444	2717	10				1	9	10	599	2			27				2	25	184	22504	2																																																																					0				2			2		7			7												0	0	0					0		1	0	5								8											181			
filadelfia	2024-12-31			2624	2624	0	3	376	376		2	2		1	1	3		1	2	27			26	1	226			224	2	10	8		2	2					59	15	0	44	44				0	18	33	69	232	2				1	1	3	274	1			2				1	1	6	2105	1			2		1	1	3		1	2	27			26	1	226			224	2	10	8		2	2					59	15	0	44	44				0	18	33	69	232	2				1	1	3	274	1			2				1	1	6	2105	1																																																																					0									0															0	0	0					0			0									2											3			
filandia	2024-12-31			78697	78697	0	295	1556	1556		8	40	4	12	24	1719	49	667	1003	113	5		104	4	7407	25		7373	9	35	26		9	9					836	71	0	765	765				0	116	48	2289	3993	30		1	2	9	19	20	809	7	1		979		1	41	233	705	621	56153	24	8		40	4	12	24	1719	49	667	1003	113	5		104	4	7407	25		7373	9	35	26		9	9					836	71	0	765	765				0	116	48	2289	3993	30		1	2	9	19	20	809	7	1		979		1	41	233	705	621	56153	24	8																																																																				0				1			1		3			3												0	0	0					0		1	0	3								7											294			
firavitoba	2024-12-31			454	454	0	1	145	145		1	8	1	1	6	20	10	3	7	10	1		9		31	1		30		17	13	1	3	3					34	18	1	15	15				0	20	13	45	37	4			1	1	2	3	73				15			10	3	2	18	264				8	1	1	6	20	10	3	7	10	1		9		31	1		30		17	13	1	3	3					34	18	1	15	15				0	20	13	45	37	4			1	1	2	3	73				15			10	3	2	18	264																																																																						0				1			1		1			1												0	0	0					0		1	0	1								1											1			
flandes	2024-12-31			1726	1726	0	2	264	264		1	4			4	6			6	25	2	1	22		111	3	1	107		12	7		4	3		1		1	64	11	0	52	51		1		1	21	20	72	148	2			1		1	1	196	2			3			2		1	1	1340	4			4			4	6			6	25	2	1	22		111	3	1	107		12	7		4	3		1		1	64	11	0	52	51		1		1	21	20	72	148	2			1		1	1	196	2			3			2		1	1	1340	4																																																																					0									0															0	0	0					0			0									1											2			
florencia-caq	2024-12-31			132252	132252	0	978	4530	4530		15	53	7	16	30	1664	20	99	1545	226	8	2	208	8	14109	107	7	13031	964	180	134	1	39	18	3	17	1	6	1839	399	1	971	865	6	92	8	468	180	66	1332	7175	46		2	2	14	30	33	2098	29		2	1041		2	5	22	1014	758	103486	122		7	53	7	16	30	1664	20	99	1545	226	8	2	208	8	14109	107	7	13031	964	180	134	1	39	18	3	17	1	6	1839	399	1	971	865	6	92	8	468	180	66	1332	7175	46		2	2	14	30	33	2098	29		2	1041		2	5	22	1014	758	103486	122		7																																																																			0				1			1		55			55												0	0	0					0		1	0	55								12											960			
florencia-cau	2024-12-31			329	329	0	0	74	74							0				5			5		16			16		2			2	2					6	0	0	6	6				0		3	0	14								66											269								0				5			5		16			16		2			2	2					6	0	0	6	6				0		3	0	14								66											269																																																																																																																															
floresta	2024-12-31			189	189	0	0	63	63			4		2	2	5		2	3	9			9		12			12		5	2		3	3					7	2	0	5	5				0	4	5	4	9	1					1	1	39				2					2	2	75				4		2	2	5		2	3	9			9		12			12		5	2		3	3					7	2	0	5	5				0	4	5	4	9	1					1	1	39				2					2	2	75																																																																																																																															
florian	2024-12-31			1822	1822	0	0	296	296			7		3	4	9		3	6	32			32		157			157		6	5		1	1					8	6	0	2	2				0	12	26	34	333	3				1	2	8	232	1			4				1	3	23	1532	1			7		3	4	9		3	6	32			32		157			157		6	5		1	1					8	6	0	2	2				0	12	26	34	333	3				1	2	8	232	1			4				1	3	23	1532	1																																																																																																																														
florida	2024-12-31			9347	9347	0	6	478	478		3	6		1	5	21		1	20	44			40	4	975			970	5	19	15		4	4					169	20	0	149	149				0	32	25	376	366	4					4	4	306	2			19					19	10	7343	2			6		1	5	21		1	20	44			40	4	975			970	5	19	15		4	4					169	20	0	149	149				0	32	25	376	366	4					4	4	306	2			19					19	10	7343	2																																																																					0									0															0	0	0					0			0									3											6			
floridablanca	2024-12-31			38037	38037	0	134	2064	2064		6	37	5	14	18	382	200	45	137	139	3	2	132	2	3722	4	2	3678	38	201	160	3	35	20	2	12	1	3	1045	641	23	378	305	10	60	3	3	101	54	979	4323	30		2	4	9	17	14	841	6	1		273		3	194	38	41	133	26388	14	3		37	5	14	18	382	200	45	137	139	3	2	132	2	3722	4	2	3678	38	201	160	3	35	20	2	12	1	3	1045	641	23	378	305	10	60	3	3	101	54	979	4323	30		2	4	9	17	14	841	6	1		273		3	194	38	41	133	26388	14	3																																																																				0				1			1		21			21												0	0	0					0		1	0	21								6											134			
fomeque	2024-12-31			55971	55971	0	9	1763	1763		5	34	5	9	20	3195	161	126	2908	119	4		115		6586	2576		4010		55	42	2	11	7		3	1		696	224	8	464	448		15	1	0	157	44	4740	1524	29			3	7	19	15	569	4			3217			117	30	3070	990	29977	19			34	5	9	20	3195	161	126	2908	119	4		115		6586	2576		4010		55	42	2	11	7		3	1		696	224	8	464	448		15	1	0	157	44	4740	1524	29			3	7	19	15	569	4			3217			117	30	3070	990	29977	19																																																																					0				1			1		1			1												0	0	0					0		1	0	1								5											9			
fonseca	2024-12-31			11024	11024	0	9	595	595		5	11	1	3	7	137	7	67	63	65	5		56	4	564	50		469	45	11	5		5	5				1	53	20	0	32	32				1	17	31	20	249	9				2	7	10	451	3	1		210				72	138	637	5445	12	2		11	1	3	7	137	7	67	63	65	5		56	4	564	50		469	45	11	5		5	5				1	53	20	0	32	32				1	17	31	20	249	9				2	7	10	451	3	1		210				72	138	637	5445	12	2																																																																				0									0															0	0	0					0			0									4											8			
fortul	2024-12-31			751	751	0	6	250	250		3	2			2	7			7	32			31	1	100			99	1	2			1	1				1	9	0	0	4	4				5		10	0	26	1					1	1	192				2					2	2	545				2			2	7			7	32			31	1	100			99	1	2			1	1				1	9	0	0	4	4				5		10	0	26	1					1	1	192				2					2	2	545																																																																						0									0															0	0	0					0			0									3											6			
fosca	2024-12-31			494	494	0	0	208	208			6		3	3	7		4	3	31			31		41			41		9	5		4	3		1			15	5	0	10	9		1		0	15	6	32	16	6		1		3	3	1	119				10		2		4	6	4	277				6		3	3	7		4	3	31			31		41			41		9	5		4	3		1			15	5	0	10	9		1		0	15	6	32	16	6		1		3	3	1	119				10		2		4	6	4	277																																																																																																																															
francisco-pizarro	2024-12-31			1383	1372	5	176	257	254	4	5	6	1	2	3	75	1	67	7	18	2		16		31	8		23		1			1	1					1	0	0	1	1				0		13	0	20	6			1	1	4	4	92	1		1	802			1	3	798	4	297	1		1	5		2	3	72		66	6	17	1		16		28	5		23		1			1	1					1	0	0	1	1				0		13	0	20	5				1	4	4	92	1		1	799				2	797	4	297	1		1	2	1	1		3	1	1	1	2	2				3	3														0	0	0					0			0		2			1	1							3			1	1	1										0				1			1		2			2												0	0	0					0		1	0	2								5											176			
fredonia	2024-12-31			23539	23539	1	301	1133	1133	1	10	12	2	5	5	128	2	32	94	107	2		96	9	1715	15		1663	37	54	41		13	8		4	1		249	72	0	177	167		9	1	0	51	67	273	3400	13				2	11	10	617	1			102				11	91	146	18908	1			12	2	5	5	128	2	32	94	107	2		96	9	1715	15		1663	37	54	41		13	8		4	1		249	72	0	177	167		9	1	0	51	67	273	3400	13				2	11	10	617	1			102				11	91	146	18908	1							0									0															0	0	0					0			0																												0				2			2		73			73												0	0	0					0		2	0	69								10											301			
fresno	2024-12-31			23141	23141	0	98	600	600		5	7		2	5	142		112	30	66	2	1	62	1	1977	5	2	1967	3	16	9		6	4		2		1	358	11	0	345	342		3		2	30	46	323	1658	4				1	3	8	432				9				2	7	91	19678				7		2	5	142		112	30	66	2	1	62	1	1977	5	2	1967	3	16	9		6	4		2		1	358	11	0	345	342		3		2	30	46	323	1658	4				1	3	8	432				9				2	7	91	19678																																																																						0				1			1		3			3												0	0	0					0			0									5											98			
frontino	2024-12-31			26317	26315	0	21	3476	3475		5	113	11	33	69	658	65	204	389	254	7		239	8	1491	24		1369	98	43	36		7	5		2			130	91	0	39	37		2		0	460	32	3053	372	93			10	36	47	47	1331	18		2	609			73	229	307	380	11279	70		7	113	11	33	69	658	65	204	389	254	7		239	8	1491	24		1369	98	43	36		7	5		2			130	91	0	39	37		2		0	460	32	3053	372	93			10	36	47	47	1331	18		2	609			73	229	307	380	11278	70		7																																																																			0									0															0	0	0					0			0									5											21			
fuente-de-oro	2024-12-31			8167	8167	0	104	483	483		14	5		1	4	7		2	5	45	1		41	3	789	2		700	87	10	5		5	3		2			117	5	0	112	110		2		0	13	32	45	427	8					8	6	370	1			14					14	74	5024	4			5		1	4	7		2	5	45	1		41	3	789	2		700	87	10	5		5	3		2			117	5	0	112	110		2		0	13	32	45	427	8					8	6	370	1			14					14	74	5024	4																																																																	1		1		2		2		2			2		3			3												0	0	0					0		1	0	1								13											100			
fundacion	2024-12-31			4847	4847	0	23	549	549		8	12	2	4	6	24	2	12	10	49	2		45	2	440	2		430	8	17	14		3	3					51	45	0	6	6				0	33	22	59	51	10		1	2	2	6	12	335	1			56		2	2	4	50	109	3081	3			12	2	4	6	24	2	12	10	49	2		45	2	440	2		430	8	17	14		3	3					51	45	0	6	6				0	33	22	59	51	10		1	2	2	6	12	335	1			56		2	2	4	50	109	3081	3																																																																					0									0															0	0	0					0			0									8											23			
funes	2024-12-31			710	710	0	0	207	207			4		1	3	15		3	12	20	1		19		87	3		84		4	3		1	1					6	3	0	3	3				0	12	4	13	31	1					1	2	118				3					3	5	494				4		1	3	15		3	12	20	1		19		87	3		84		4	3		1	1					6	3	0	3	3				0	12	4	13	31	1					1	2	118				3					3	5	494																																																																																																																															
funza	2024-12-31			5330	5330	0	76	399	399		5	10	2	4	4	189	71	103	15	28	1		26	1	495	14		466	15	61	44	4	13	7	1	5			383	91	35	257	245	2	10		0	8	51	233	829	10		3		3	7	8	206				163		4		49	114	91	4181				10	2	4	4	189	71	103	15	28	1		26	1	495	14		466	15	61	44	4	13	7	1	5			383	91	35	257	245	2	10		0	8	51	233	829	10		3		3	7	8	206				163		4		49	114	91	4181																																																																						0				1			1		6			6												0	0	0					0		1	0	6								5											76			
fuquene	2024-12-31			36048	36048	0	747	489	489		8	12	2	5	5	2246	1657	566	23	44	1		41	2	1673	33		1634	6	29	11	5	11	10		1		2	1802	16	31	1691	1690		1		64	31	63	2759	7467	7		1		2	5	8	294				2167		2		1565	602	1200	28839				12	2	5	5	2246	1657	566	23	44	1		41	2	1673	33		1634	6	29	11	5	11	10		1		2	1802	16	31	1691	1690		1		64	31	63	2759	7467	7		1		2	5	8	294				2167		2		1565	602	1200	28839																																																																		1		1		1		1		2			2		416			416												0	0	0					0		2	0	475								7											744			
fusagasuga	2024-12-31			43976	43972	0	107	1885	1884		10	43	4	16	23	111	10	30	71	147	3	1	138	5	5702	9	5	5655	33	153	121	5	25	17	1	6	1	2	1249	227	153	863	835	1	22	5	6	120	56	1186	2193	38		2	1	13	24	13	786	11	1		100		6	1	38	61	243	34458	25	3		43	4	16	23	111	10	30	71	146	3	1	138	4	5698	9	5	5653	31	153	121	5	25	17	1	6	1	2	1249	227	153	863	835	1	22	5	6	120	56	1186	2193	38		2	1	13	24	13	785	11	1		100		6	1	38	61	243	34454	25	3																																																																				0				1			1		6			6												0	0	0					0		1	0	6								9											106			
gachala	2024-12-31			5203	5203	0	19	594	594		5	10	2	4	4	17	2	4	11	65	1		64		494	1		493		10	5	1	4	4					28	6	1	21	21				0	19	26	45	316	11			1	1	9	3	356				17			1	1	15	18	4158				10	2	4	4	17	2	4	11	65	1		64		494	1		493		10	5	1	4	4					28	6	1	21	21				0	19	26	45	316	11			1	1	9	3	356				17			1	1	15	18	4158																																																																						0				1			1		8			8												0	0	0					0		1	0	8								5											19			
gachancipa	2024-12-31			582	582	0	2	134	134		1	3		1	2	4		2	2	10			10		46			46		7	4		3	3					27	5	0	22	22				0	10	13	28	82	1		2		1		2	77				1		2		1		18	419				3		1	2	4		2	2	10			10		46			46		7	4		3	3					27	5	0	22	22				0	10	13	28	82	1		2		1		2	77				1		2		1		18	419																																																																						0				1			1		2			2												0	0	0					0		1	0	2								1											2			
gachantiva	2024-12-31			11732	11732	0	10	747	747		3	13		6	7	87		24	63	68			66	2	1016			1011	5	47	34	3	10	7	1	2			152	50	72	30	27	1	2		0	41	35	506	708	13				4	9	8	359				174				7	167	203	8865	1			13		6	7	87		24	63	68			66	2	1016			1011	5	47	34	3	10	7	1	2			152	50	72	30	27	1	2		0	41	35	506	708	13				4	9	8	359				174				7	167	203	8865	1																																																																					0				1			1		3			3												0	0	0					0		1	0	3								3											10			
gacheta	2024-12-31			1274	1273	0	0	334	334			7	3	1	3	16	4	1	11	30	2		28		72	8		64		15	8		7	6		1			31	13	0	18	16		2		0	14	7	22	48	9			2	2	5	1	159				18			2	2	14	12	633				7	3	1	3	16	4	1	11	30	2		28		72	8		64		15	8		7	6		1			31	13	0	18	16		2		0	14	7	22	48	9			2	2	5	1	159				18			2	2	14	12	633																																																																																																																															
galan	2024-12-31			1151	1151	0	0	304	304			8	1	4	3	42	8	24	10	33		1	32		81		1	80		3	1		1	1				1	3	1	0	1	1				1	16	13	69	46	8			1	3	4	3	219		1		50			8	12	30	9	846		1		8	1	4	3	42	8	24	10	33		1	32		81		1	80		3	1		1	1				1	3	1	0	1	1				1	16	13	69	46	8			1	3	4	3	219		1		50			8	12	30	9	846		1																																																																																																																													
galapa	2024-12-31			2266	2266	0	56	407	407		11	3		1	2	3		1	2	31	1	1	27	2	149	1	1	143	4	20	15		4	3		1		1	51	16	0	34	33		1		1	5	29	46	123	1				1		2	238				1				1		2	1825				3		1	2	3		1	2	31	1	1	27	2	149	1	1	143	4	20	15		4	3		1		1	51	16	0	34	33		1		1	5	29	46	123	1				1		2	238				1				1		2	1825																																																																						0				1			1		1			1												0	0	0					0		2	0	3								10											52			
galeras	2024-12-31			4048	4048	0	27	914	914		11	11	1	2	8	24	2	2	20	44	1	2	38	3	195	2	7	173	13	74	52	2	17	9		8		3	263	119	2	133	32		101		9	8	24	70	85	7				1	6	3	350	4			9				2	7	6	1715	5			11	1	2	8	24	2	2	20	44	1	2	38	3	195	2	7	173	13	74	52	2	17	9		8		3	263	119	2	133	32		101		9	8	24	70	85	7				1	6	3	350	4			9				2	7	6	1715	5																																																																					0									0															0	0	0					0			0									9											25			
gama	2024-12-31			1905	1905	0	1	237	237		1	3			3	4			4	28	1		26	1	136	2		133	1	6	3		3	2	1				9	4	0	5	4	1			0	12	10	108	66	3					3	6	190				5					5	18	1663				3			3	4			4	28	1		26	1	136	2		133	1	6	3		3	2	1				9	4	0	5	4	1			0	12	10	108	66	3					3	6	190				5					5	18	1663																																																																						0									0															0	0	0					0			0									1											1			
gamarra	2024-12-31			1274	1274	0	22	403	403		6	12		4	8	55		4	51	30	1		28	1	80	1		72	7	25	16	1	7	4		3		1	54	26	4	20	11		9		4	18	14	65	72	8				1	7	4	259	1			11				1	10	5	857	41			12		4	8	55		4	51	30	1		28	1	80	1		72	7	25	16	1	7	4		3		1	54	26	4	20	11		9		4	18	14	65	72	8				1	7	4	259	1			11				1	10	5	857	41																																																																					0									0															0	0	0					0			0									6											22			
gambita	2024-12-31			12129	12129	0	0	1004	1004			26	5	10	11	310	89	181	40	84	2		81	1	1174	8		1165	1	18	9		9	7	1	1			27	16	0	11	8	2	1		0	95	36	758	580	27			5	9	13	12	478	4			498			89	166	243	120	7182	4			26	5	10	11	310	89	181	40	84	2		81	1	1174	8		1165	1	18	9		9	7	1	1			27	16	0	11	8	2	1		0	95	36	758	580	27			5	9	13	12	478	4			498			89	166	243	120	7182	4																																																																																																																														
gameza	2024-12-31			263	263	0	0	54	54			1			1	1			1	7			7		17			17		4	1	3							11	1	10	0					0	3		5								2	37										9	99				1			1	1			1	7			7		17			17		4	1	3							11	1	10	0					0	3		5								2	37										9	99																																																																																																																															
garagoa	2024-12-31			11001	11001	0	13	707	707		4	19	1	7	11	189	1	18	170	78	3		74	1	1054	52		989	13	32	22	2	7	5		2		1	180	30	64	80	78		2		6	41	27	1050	648	21				7	14	9	422				346				32	314	787	7627				19	1	7	11	189	1	18	170	78	3		74	1	1054	52		989	13	32	22	2	7	5		2		1	180	30	64	80	78		2		6	41	27	1050	648	21				7	14	9	422				346				32	314	787	7627																																																																						0									0															0	0	0					0			0									4											13			
garzon	2024-12-31			58561	58561	0	1050	1446	1446		10	37		13	24	787		17	770	116	2	1	106	7	7883	13	1	7142	727	60	44	4	11	8		3		1	715	58	5	651	646		5		1	90	61	1621	3222	35			1	10	24	18	781	8	1		492			3	121	368	387	47086	29	1		37		13	24	787		17	770	116	2	1	106	7	7883	13	1	7142	727	60	44	4	11	8		3		1	715	58	5	651	646		5		1	90	61	1621	3222	35			1	10	24	18	781	8	1		492			3	121	368	387	47086	29	1																																																																				0				1			1		320			320												0	0	0					0		2	0	334								9											1049			
genova	2024-12-31			52702	52702	0	43	984	984		6	27	2	8	17	659	86	52	521	74	1		72	1	6367	24		6342	1	18	11		7	6		1			385	25	0	360	359		1		0	78	41	705	2192	16				7	9	12	607	1			409				103	306	88	46096	1			27	2	8	17	659	86	52	521	74	1		72	1	6367	24		6342	1	18	11		7	6		1			385	25	0	360	359		1		0	78	41	705	2192	16				7	9	12	607	1			409				103	306	88	46096	1																																																																					0				1			1		8			8												0	0	0					0		1	0	8								6											43			
gigante	2024-12-31			36959	36959	0	379	870	870		7	15		3	12	387		7	380	85	3		77	5	5305	11		5125	169	27	16	1	9	8		1		1	155	24	4	125	123		2		2	64	47	1162	2329	12			1	2	9	8	595	3			250			5	9	236	257	28759	174			15		3	12	387		7	380	85	3		77	5	5305	11		5125	169	27	16	1	9	8		1		1	155	24	4	125	123		2		2	64	47	1162	2329	12			1	2	9	8	595	3			250			5	9	236	257	28759	174																																																																					0				1			1		105			105												0	0	0					0		1	0	105								7											379			
ginebra	2024-12-31			10179	10179	0	112	547	547		10	10	1	3	6	27	1	5	21	66	1		63	2	1044	4		1021	19	23	12		11	5		5	1		203	16	0	187	177		9	1	0	18	37	233	780	4				3	1	4	417	2			8				5	3	39	8792	2			10	1	3	6	27	1	5	21	66	1		63	2	1044	4		1021	19	23	12		11	5		5	1		203	16	0	187	177		9	1	0	18	37	233	780	4				3	1	4	417	2			8				5	3	39	8792	2																																																																					0				1			1		28			28												0	0	0					0		2	0	29								9											111			
giraldo	2024-12-31			1275	1275	0	0	220	220			2			2	6			6	17			17		53			53		4	3		1	1					8	6	0	2	2				0	16	16	46	117	2					2	2	160				6					6	4	952				2			2	6			6	17			17		53			53		4	3		1	1					8	6	0	2	2				0	16	16	46	117	2					2	2	160				6					6	4	952																																																																																																																															
girardot	2024-12-31			25056	25056	0	582	678	678		14	8		3	5	23		13	10	49		3	42	4	2622		16	2499	107	53	40	2	10	6		3	1	1	982	82	8	888	870		16	2	4	20	39	596	1194	5				1	4	5	423	1			20				11	9	6	20935	1			8		3	5	23		13	10	49		3	42	4	2622		16	2499	107	53	40	2	10	6		3	1	1	982	82	8	888	870		16	2	4	20	39	596	1194	5				1	4	5	423	1			20				11	9	6	20935	1																																																																	2		2		2		2		4		1	3		19		1	18												0	0	0					0		2	0	20	1					1		12				1					1		576			
girardota	2024-12-31			7950	7950	0	60	523	523		8	14	3	4	7	23	3	4	16	60	4		51	5	563	17		505	41	42	22	1	18	12		5	1	1	434	30	1	402	381		19	2	1	26	54	206	638	10		1	1	1	8	6	317			1	18		1	1	1	16	22	6084			1	14	3	4	7	23	3	4	16	60	4		51	5	563	17		505	41	42	22	1	18	12		5	1	1	434	30	1	402	381		19	2	1	26	54	206	638	10		1	1	1	8	6	317			1	18		1	1	1	16	22	6084			1																																																																			0				1			1		9			9												0	0	0					0		2	0	10								8											60			
giron	2024-12-31			30462	30462	0	189	1839	1839		12	48	5	13	30	211	15	40	156	120	6	2	103	9	2521	19	42	2373	87	86	59	3	20	14	1	5		4	738	448	25	224	196	1	27		41	133	52	1077	1649	41			7	14	20	22	957	10	1	1	294			48	31	215	77	21261	97	2	1	48	5	13	30	211	15	40	156	120	6	2	103	9	2521	19	42	2373	87	86	59	3	20	14	1	5		4	738	448	25	224	196	1	27		41	133	52	1077	1649	41			7	14	20	22	957	10	1	1	294			48	31	215	77	21261	97	2	1																																																																			0				2			2		71			71												0	0	0					0		1	0	61								10											187			
gomez-plata	2024-12-31			5771	5771	0	98	673	673		9	16	2	3	11	36	3	10	23	72	4		62	6	382	7		368	7	17	6	2	9	8		1			65	7	3	55	54		1		0	38	50	163	430	7			1	2	4	11	461	1			19			2	6	11	20	4054	1			16	2	3	11	36	3	10	23	72	4		62	6	382	7		368	7	17	6	2	9	8		1			65	7	3	55	54		1		0	38	50	163	430	7			1	2	4	11	461	1			19			2	6	11	20	4054	1																																																																					0				1			1		18			18												0	0	0					0		2	0	21								9											98			
gonzalez	2024-12-31			174	174	0	0	57	57			3			3	9			9	2			2		9			9												0	0	0					0	5		7		3				1	2	1	32				19				13	6	1	60				3			3	9			9	2			2		9			9												0	0	0					0	5		7		3				1	2	1	32				19				13	6	1	60																																																																																																																															
gramalote	2024-12-31			247	247	0	0	155	155			3		1	2	3		1	2	9			9		16			16		5	4		1			1			5	4	0	1			1		0	10	4	15	6	2		1		1	1	1	111	2			2		1		1	1	1	180	2			3		1	2	3		1	2	9			9		16			16		5	4		1			1			5	4	0	1			1		0	10	4	15	6	2		1		1	1	1	111	2			2		1		1	1	1	180	2																																																																																																																														
granada-ant	2024-12-31			4254	4254	0	7	734	734		2	20		10	10	65		25	40	70	4		59	7	210	11		187	12	16	6	1	9	6	1	2			57	13	2	42	39	1	2		0	61	27	211	197	11				3	8	10	503	3		1	36				5	31	31	2491	3		2	20		10	10	65		25	40	70	4		59	7	210	11		187	12	16	6	1	9	6	1	2			57	13	2	42	39	1	2		0	61	27	211	197	11				3	8	10	503	3		1	36				5	31	31	2491	3		2																																																																			0				1			1		1			1												0	0	0					0		1	0	1								2											7			
granada-cun	2024-12-31			15112	15112	0	1	619	619		1	10	2	5	3	20	2	14	4	55	2		53		1562	13		1549		37	28		9	6	1	2			489	39	0	450	447	1	2		0	38	35	247	845	10			1	2	7	7	340	1			20			1	3	16	165	11698	8			10	2	5	3	20	2	14	4	55	2		53		1562	13		1549		37	28		9	6	1	2			489	39	0	450	447	1	2		0	38	35	247	845	10			1	2	7	7	340	1			20			1	3	16	165	11698	8																																																																					0									0															0	0	0					0			0									1											1			
granada-met	2024-12-31			58340	58340	0	1474	739	739		12	6	1	1	4	10	1	1	8	74	2	1	66	5	6427	2	4	5557	864	25	17	1	5	4		1		2	999	20	1	965	953		12		13	14	56	93	5235	7					7	7	503	2			56					56	638	50809	24			6	1	1	4	10	1	1	8	74	2	1	66	5	6427	2	4	5557	864	25	17	1	5	4		1		2	999	20	1	965	953		12		13	14	56	93	5235	7					7	7	503	2			56					56	638	50809	24																																																																					0				1			1		21			21												0	0	0					0		1	0	21								11											1459			
guaca	2024-12-31			2974	2974	0	0	321	321			15	1	4	10	156	1	6	149	24	1		23		61	1		60		8	6		2	1	1				11	9	0	2	1	1			0	26	10	265	43	13				4	9	5	162				85				6	79	42	1061				15	1	4	10	156	1	6	149	24	1		23		61	1		60		8	6		2	1	1				11	9	0	2	1	1			0	26	10	265	43	13				4	9	5	162				85				6	79	42	1061																																																																																																																															
guacamayas	2024-12-31			422	422	0	0	210	210			4		2	2	5		2	3	4			4		8			8		58	48	1	9	5	2	2			86	69	1	16	8	5	3		0	12	2	26	8	5				3	2	1	69				7				4	3	1	125				4		2	2	5		2	3	4			4		8			8		58	48	1	9	5	2	2			86	69	1	16	8	5	3		0	12	2	26	8	5				3	2	1	69				7				4	3	1	125																																																																																																																															
guacari	2024-12-31			3938	3938	0	307	319	319		11	9		3	6	30		21	9	35	1		29	5	459	2		394	63	19	4	4	8	7		1		3	126	4	4	112	111		1		6	11	24	51	270	5					5	1	245	3			19					19	6	3352	5			9		3	6	30		21	9	35	1		29	5	459	2		394	63	19	4	4	8	7		1		3	126	4	4	112	111		1		6	11	24	51	270	5					5	1	245	3			19					19	6	3352	5																																																																					0				1			1		36			36												0	0	0					0		2	0	37								10											274			
guachene	2024-12-31			579	579	0	14	131	131		6	1			1	1			1	16			14	2	70			67	3	4	1		3	2		1			10	1	0	9	8		1		0	6	16	8	50								121											504				1			1	1			1	16			14	2	70			67	3	4	1		3	2		1			10	1	0	9	8		1		0	6	16	8	50								121											504																																																																						0				1			1		3			3												0	0	0					0		1	0	3								6											14			
guacheta	2024-12-31			1855	1855	0	39	261	261		5	6	2	2	2	84	28	28	28	22	2		20		129	2		127		15	7	2	5	5				1	75	7	3	63	63				2	21	33	103	356	6				2	4	7	165	1			72				26	46	84	1432	1			6	2	2	2	84	28	28	28	22	2		20		129	2		127		15	7	2	5	5				1	75	7	3	63	63				2	21	33	103	356	6				2	4	7	165	1			72				26	46	84	1432	1																																																																					0				1			1		23			23												0	0	0					0		1	0	23								4											37			
guachucal	2024-12-31			636	636	0	0	151	151			4		2	2	13		3	10	28			28		153			153		7	5	1	1	1					15	10	1	4	4				0	2	5	3	11			1				2	98	2					4				6	454	2			4		2	2	13		3	10	28			28		153			153		7	5	1	1	1					15	10	1	4	4				0	2	5	3	11			1				2	98	2					4				6	454	2																																																																																																																														
guadalajara-de-buga	2024-12-31			305980	305980	0	19899	1750	1750		16	45	2	10	33	1785	4	1229	552	122	5		111	6	33563	99		29106	4358	112	69	7	32	21	1	9	1	4	5039	279	122	4203	4180	1	18	4	435	72	90	4640	28363	22			2	5	15	21	916	8	1		1150			3	70	1077	1639	263880	23	152		45	2	10	33	1785	4	1229	552	122	5		111	6	33563	99		29106	4358	112	69	7	32	21	1	9	1	4	5039	279	122	4203	4180	1	18	4	435	72	90	4640	28363	22			2	5	15	21	916	8	1		1150			3	70	1077	1639	263880	23	152																																																																1		1		25		25		2			2		1709			1709												0	0	0					0		3	0	1872								14											18003			
guadalupe-ant	2024-12-31			3936	3936	0	27	375	375		6	8			8	28			28	42	2		34	6	263	6		250	7	10	5		5	5					18	6	0	12	12				0	27	29	264	418	6				1	5	3	289				6				1	5	4	2995				8			8	28			28	42	2		34	6	263	6		250	7	10	5		5	5					18	6	0	12	12				0	27	29	264	418	6				1	5	3	289				6				1	5	4	2995																																																																						0				1			1		3			3												0	0	0					0		1	0	3								6											27			
guadalupe-hui	2024-12-31			1753	1753	0	13	380	380		4	5		1	4	16		1	15	47			46	1	167			164	3	7	4		3	3					15	6	0	9	9				0	17	24	42	98	1					1	2	267	2			2					2	11	1382	3			5		1	4	16		1	15	47			46	1	167			164	3	7	4		3	3					15	6	0	9	9				0	17	24	42	98	1					1	2	267	2			2					2	11	1382	3																																																																					0				1			1		1			1												0	0	0					0		1	0	1								4											13			
guadalupe-san	2024-12-31			1768	1768	0	2	244	244		1	2		1	1	3		1	2	18			18		139			139		5	2	1	1	1				1	5	2	1	1	1				1	12	27	44	214	1					1	3	180	1			1					1	10	1454	1			2		1	1	3		1	2	18			18		139			139		5	2	1	1	1				1	5	2	1	1	1				1	12	27	44	214	1					1	3	180	1			1					1	10	1454	1																																																																					0				1			1		2			2												0	0	0					0		1	0	2								1											2			
guaduas	2024-12-31			20879	20879	0	145	1273	1273		8	27	1	8	18	117	1	59	57	76	2	1	70	3	1645	2	1	1572	70	62	45	1	15	9		5	1	1	351	98	7	245	235		9	1	1	80	58	622	1367	19			1	10	8	14	700	9	1		91			1	65	25	54	15878	21	2		27	1	8	18	117	1	59	57	76	2	1	70	3	1645	2	1	1572	70	62	45	1	15	9		5	1	1	351	98	7	245	235		9	1	1	80	58	622	1367	19			1	10	8	14	700	9	1		91			1	65	25	54	15878	21	2																																																																				0				1			1		1			1												0	0	0					0		1	0	1								7											144			
guaitarilla	2024-12-31			35	35	0	1	14	14		1					0									0					2	2								2	2	0	0					0	1		2									6	1										6	12							0									0					2	2								2	2	0	0					0	1		2									6	1										6	12																																																																					0									0															0	0	0					0			0									1											1			
gualmatan	2024-12-31			2534	2534	0	0	204	204			3			3	53			53	28			28		234			234		6	5		1			1			6	5	0	1			1		0	7	2	45	8	2				1	1	1	101				283				265	18	25	1085				3			3	53			53	28			28		234			234		6	5		1			1			6	5	0	1			1		0	7	2	45	8	2				1	1	1	101				283				265	18	25	1085																																																																																																																															
guamal-mag	2024-12-31			1519	1519	0	11	249	249		5	2	1		1	176	175		1	14			11	3	199			194	5	17	12	1	2	1		1		2	198	17	1	4	3		1		176	1	9	2	21	2			1		1	1	94				176			175		1	2	219				2	1		1	176	175		1	14			11	3	199			194	5	17	12	1	2	1		1		2	198	17	1	4	3		1		176	1	9	2	21	2			1		1	1	94				176			175		1	2	219																																																																						0									0															0	0	0					0			0									5											11			
guamal-met	2024-12-31			41082	41082	0	1086	1237	1237		8	16	3	5	8	413	13	6	394	86	5		76	5	1897	25		1591	281	44	28		16	9		7			20151	12122	0	8029	753		7276		0	57	43	178	973	19			1	3	15	9	545	5			427			1	4	422	150	14818	7			16	3	5	8	413	13	6	394	86	5		76	5	1897	25		1591	281	44	28		16	9		7			20151	12122	0	8029	753		7276		0	57	43	178	973	19			1	3	15	9	545	5			427			1	4	422	150	14818	7																																																																					0				1			1		6			6												0	0	0					0		1	0	6								8											1086			
guamo	2024-12-31			4711	4711	0	92	501	501		11	5	1	1	3	5	1	1	3	33		1	31	1	365		3	315	47	37	20	2	14	11		3		1	113	27	2	83	80		3		1	12	25	84	259	3			1		2	2	300		1		3			1		2	2	3276		2		5	1	1	3	5	1	1	3	33		1	31	1	365		3	315	47	37	20	2	14	11		3		1	113	27	2	83	80		3		1	12	25	84	259	3			1		2	2	300		1		3			1		2	2	3276		2																																																																				0				1			1		9			9												0	0	0					0		1	0	9								10											90			
guapi	2024-12-31			87833	56031	32989	1584	2420	1987	697	99	39	4	11	24	2564	7	1974	583	102	5	2	88	7	38158	43	4	38097	14	48	34		12	7		5		2	206	81	0	122	76		46		3	64	87	234	1115	47			8	14	25	27	1027	27		2	35030			24	34412	594	1122	23189	70		6	30	4	11	15	2474	7	1974	493	91	4	2	78	7	19351	35	4	19298	14	48	34		12	7		5		2	204	80	0	121	76		45		3	61	82	223	1061	31			7	10	14	21	895	16		2	16632			21	16108	503	1063	19062	34		6	14	2		12	1908		1859	49	25	2		23		18768	16		18752												0	0	0					0		29	0	289	28			4	7	17	13	237	13			18395			17	18302	76	120	11017	44			3			3	11			11	6			6		40			40												0	0	0					0		5	0	69	6			2		4	2	71	3			18			4		14	2	618	3		
guapota	2024-12-31			969	969	0	4	133	133		1	1			1	2			2	8			8		55			55		2	1		1	1					2	1	0	1	1				0	8	17	33	116							1	112	1									1	790	1			1			1	2			2	8			8		55			55		2	1		1	1					2	1	0	1	1				0	8	17	33	116							1	112	1									1	790	1																																																																					0									0															0	0	0					0			0									1											4			
guaranda	2024-12-31			24707	24707	0	18	105	105		8	11	2	1	8	19746	3002	228	16516	7	1		6		8	1		7		5	1	1						3	1120	2	665	0					453	23	5	16068	5	7			1	1	5	3	81	3			4911			227	2993	1691	889	4599	10833			11	2	1	8	19746	3002	228	16516	7	1		6		8	1		7		5	1	1						3	1120	2	665	0					453	23	5	16068	5	7			1	1	5	3	81	3			4911			227	2993	1691	889	4599	10833																																																																	1	1			9	9			1			1		1			1												0	0	0					0	1	1	3	1	1					1		7				9					9		9			
guarne	2024-12-31			13351	13351	0	32	1297	1297		4	31	4	10	17	132	6	28	98	79	4		75		896	36		860		105	89	1	14	5	2	7		1	414	192	5	215	193	11	11		2	78	41	452	688	23	1	1	2	6	15	7	453	5		1	87	2	1	3	12	72	26	8135	16		2	31	4	10	17	132	6	28	98	79	4		75		896	36		860		105	89	1	14	5	2	7		1	414	192	5	215	193	11	11		2	78	41	452	688	23	1	1	2	6	15	7	453	5		1	87	2	1	3	12	72	26	8135	16		2																																																																			0				1			1		12			12												0	0	0					0		2	0	13								4											32			
guasca	2024-12-31			110912	110889	0	282	1950	1949		7	46	8	11	27	1989	41	606	1342	148	5		140	3	11774	37		11729	8	85	64	2	18	12	1	5		1	2709	1329	28	1350	1258	52	40		2	178	61	8928	4565	35		2	3	5	27	16	657	4			2067		3	6	60	2001	1866	80049	35			46	8	11	27	1989	41	606	1342	148	5		140	3	11774	37		11729	8	85	64	2	18	12	1	5		1	2709	1329	28	1350	1258	52	40		2	178	61	8923	4565	35		2	3	5	27	16	657	4			2067		3	6	60	2001	1866	80040	35																																																																					0				1			1		20			20												0	0	0					0		2	0	25								7											282			
guatape	2024-12-31			11048	11048	0	135	1208	1208		8	38	3	10	25	289	4	33	252	97	2		89	6	515	7		496	12	28	20		8	5		2	1		155	26	0	129	124		3	2	0	122	40	829	771	31			2	8	21	15	556	3			264			3	23	238	162	6703	4			38	3	10	25	289	4	33	252	97	2		89	6	515	7		496	12	28	20		8	5		2	1		155	26	0	129	124		3	2	0	122	40	829	771	31			2	8	21	15	556	3			264			3	23	238	162	6703	4																																																																					0				2			2		40			40												0	0	0					0		1	0	39								8											135			
guataqui	2024-12-31			1098	1098	0	9	238	238		5	2		1	1	22		20	2	21			18	3	61			58	3	16	11	1	4	4					34	23	1	10	10				0	8	10	17	32	2				1	1		178	1			22				20	2		791	2			2		1	1	22		20	2	21			18	3	61			58	3	16	11	1	4	4					34	23	1	10	10				0	8	10	17	32	2				1	1		178	1			22				20	2		791	2																																																																					0									0															0	0	0					0			0									5											9			
guatavita	2024-12-31			52387	52387	0	29	874	874		3	21	1	5	15	972	1	21	950	75	4		70	1	1837	770		1060	7	67	46	5	14	10	1	3		2	26802	17982	34	8784	8067	700	17		2	73	29	2115	356	12				1	11	10	348	2			1018				71	947	299	9917	2			21	1	5	15	972	1	21	950	75	4		70	1	1837	770		1060	7	67	46	5	14	10	1	3		2	26802	17982	34	8784	8067	700	17		2	73	29	2115	356	12				1	11	10	348	2			1018				71	947	299	9917	2																																																																					0				1			1		17			17												0	0	0					0		1	0	17								3											29			
guateque	2024-12-31			2535	2535	0	12	220	220		3	1			1	2			2	21			20	1	111			108	3	12	9		3	3					27	13	0	14	14				0	3	15	4	199							3	135										10	2096				1			1	2			2	21			20	1	111			108	3	12	9		3	3					27	13	0	14	14				0	3	15	4	199							3	135										10	2096																																																																						0				1			1		1			1												0	0	0					0		1	0	1								3											12			
guatica	2024-12-31			18732	18732	0	13	488	488		4	13	1	3	9	393	1	138	254	62	3		58	1	2207	125		2080	2	15	9		6	5		1			282	10	0	272	271		1		0	30	38	430	1359	10			1	2	7	10	364	3			179			1	4	174	248	15922	14			13	1	3	9	393	1	138	254	62	3		58	1	2207	125		2080	2	15	9		6	5		1			282	10	0	272	271		1		0	30	38	430	1359	10			1	2	7	10	364	3			179			1	4	174	248	15922	14																																																																					0				1			1		8			8												0	0	0					0		1	0	8								4											13			
guavata	2024-12-31			43	43	0	0	27	27							0				2			2		5			5												0	0	0					0	3	1	6	1	1					1		19				1					1		24								0				2			2		5			5												0	0	0					0	3	1	6	1	1					1		19				1					1		24																																																																																																																															
guayabal-de-siquima	2024-12-31			16727	16727	0	85	454	454		2	5		2	3	42		2	40	41	1		38	2	1297	2		1291	4	18	13	1	4	3		1			206	14	4	188	187		1		0	11	43	419	1712	1				1		5	302				1				1		51	14455				5		2	3	42		2	40	41	1		38	2	1297	2		1291	4	18	13	1	4	3		1			206	14	4	188	187		1		0	11	43	419	1712	1				1		5	302				1				1		51	14455																																																																						0									0															0	0	0					0			0									2											85			
guayabetal	2024-12-31			67638	67636	0	16	1188	1188		5	24	2	11	11	1658	4	975	679	146	4		137	5	7545	9		7447	89	19	12	1	6	3		3			840	16	1	823	816		7		0	56	49	1728	4397	17		1	1	5	11	14	641	3			1687		1	15	950	722	423	57763	3			24	2	11	11	1656	4	973	679	146	4		137	5	7543	9		7445	89	19	12	1	6	3		3			840	16	1	823	816		7		0	56	49	1728	4397	17		1	1	5	11	14	641	3			1685		1	15	950	720	423	57763	3																																																																					0				1			1		9			9												0	0	0					0		2	0	10								5											16			
guayata	2024-12-31			1611	1611	0	0	222	222			2			2	4			4	27	1		26		95	2		93		5	2		3	3					15	2	0	13	13				0	9	12	39	113	6				2	4	5	166				14				2	12	25	1335				2			2	4			4	27	1		26		95	2		93		5	2		3	3					15	2	0	13	13				0	9	12	39	113	6				2	4	5	166				14				2	12	25	1335																																																																																																																															
guepsa	2024-12-31			152	152	0	1	49	49		1					0				4			4		6			6												0	0	0					0	1	3	3	13								38											73								0				4			4		6			6												0	0	0					0	1	3	3	13								38											73																																																																						0									0															0	0	0					0			0									1											1			
guican-de-la-sierra	2024-12-31			5808	5808	0	0	923	923			16	3	9	4	58	30	17	11	33	2		31		204	20		184		29	23		6	6					52	41	0	11	11				0	83	10	461	22	17		2	2	9	6	5	194	1			61		2	8	23	30	44	1327	1			16	3	9	4	58	30	17	11	33	2		31		204	20		184		29	23		6	6					52	41	0	11	11				0	83	10	461	22	17		2	2	9	6	5	194	1			61		2	8	23	30	44	1327	1																																																																																																																														
gutierrez	2024-12-31			1635	1635	0	0	289	289			4	1	1	2	11	5	1	5	29			29		104			104		6	4		2	2					27	8	0	19	19				0	28	9	44	92	1				1		1	158	1			1				1		13	1213	5			4	1	1	2	11	5	1	5	29			29		104			104		6	4		2	2					27	8	0	19	19				0	28	9	44	92	1				1		1	158	1			1				1		13	1213	5																																																																																																																														
hacari	2024-12-31			42	42	0	0	16	16							0				4			4		8			8												0	0	0					0			0									12											23								0				4			4		8			8												0	0	0					0			0									12											23																																																																																																																															
hatillo-de-loba	2024-12-31			2489	2489	0	116	360	360		11	2	1		1	25	1		24	35	2		31	2	298	19		264	15	14	11		3	2		1			41	21	0	20	19		1		0	5	28	35	162	1			1			3	263				1			1			16	2086				2	1		1	25	1		24	35	2		31	2	298	19		264	15	14	11		3	2		1			41	21	0	20	19		1		0	5	28	35	162	1			1			3	263				1			1			16	2086																																																																						0				2			2		9			9												0	0	0					0		2	0	8								11											116			
hato	2024-12-31			4557	4557	0	0	576	576			8	1	2	5	49	2	13	34	26			25	1	193			190	3	9	4	1	4	4					22	4	5	13	13				0	27	27	169	185	6			1	2	3	5	240	1			18			2	4	12	10	1842	1			8	1	2	5	49	2	13	34	26			25	1	193			190	3	9	4	1	4	4					22	4	5	13	13				0	27	27	169	185	6			1	2	3	5	240	1			18			2	4	12	10	1842	1																																																																																																																														
hato-corozal	2024-12-31			53913	53913	0	1440	1484	1484		16	28	3	5	20	729	21	18	690	134	9	2	111	12	5305	389	68	4195	653	62	37	1	17	14		3		7	5476	4540	2	600	584		16		334	14	58	114	2966	18			1	5	12	16	944	7			385			3	8	374	517	35218	20			28	3	5	20	729	21	18	690	134	9	2	111	12	5305	389	68	4195	653	62	37	1	17	14		3		7	5476	4540	2	600	584		16		334	14	58	114	2966	18			1	5	12	16	944	7			385			3	8	374	517	35218	20																																																																					0				1			1		5			5												0	0	0					0		3	0	15								14											1178			
hatonuevo	2024-12-31			69768	69768	0	308	993	993		18	24	2	9	13	525	21	224	280	77	6	2	63	6	2864	61	26	2701	76	40	24	2	12	11		1		2	515	301	20	78	77		1		116	20	51	202	466	23			1	5	17	10	540	5			891			6	540	345	454	32016	3078			24	2	9	13	525	21	224	280	77	6	2	63	6	2864	61	26	2701	76	40	24	2	12	11		1		2	515	301	20	78	77		1		116	20	51	202	466	23			1	5	17	10	540	5			891			6	540	345	454	32016	3078																																																																	2	1		1	17	15		2	2			2		13			13												0	0	0					0		2	0	6	1					1		13				15					15		141			
heliconia	2024-12-31			2162	2162	0	11	379	379		2	14	2	5	7	28	2	11	15	52	2		46	4	197	3		187	7	15	10		5	5					33	12	0	21	21				0	23	16	118	155	7			2	1	4	2	254	1			17			2	2	13	4	1750	1			14	2	5	7	28	2	11	15	52	2		46	4	197	3		187	7	15	10		5	5					33	12	0	21	21				0	23	16	118	155	7			2	1	4	2	254	1			17			2	2	13	4	1750	1																																																																					0									0															0	0	0					0			0									2											11			
herran	2024-12-31			3603	3603	0	0	493	493			8		1	7	21		3	18	46	1		44	1	254	7		246	1	1			1	1					3	0	0	3	3				0	22	15	32	83	11				3	8	5	285	2			31				7	24	14	1901	10			8		1	7	21		3	18	46	1		44	1	254	7		246	1	1			1	1					3	0	0	3	3				0	22	15	32	83	11				3	8	5	285	2			31				7	24	14	1901	10																																																																																																																														
herveo	2024-12-31			72460	72460	0	5	659	659		2	25	3	6	16	853	209	81	563	69	3		66		6067	223		5844		18	10	1	7	5	1	1			781	53	1	727	720	1	6		0	53	35	3219	3643	20			1	5	14	9	401	2			2545			1	40	2504	279	57907	5			25	3	6	16	853	209	81	563	69	3		66		6067	223		5844		18	10	1	7	5	1	1			781	53	1	727	720	1	6		0	53	35	3219	3643	20			1	5	14	9	401	2			2545			1	40	2504	279	57907	5																																																																					0				1			1		3			3												0	0	0					0		1	0	3								2											5			
hispania	2024-12-31			1416	1416	0	0	325	325			2		1	1	4		1	3	28	1		23	4	117	1		111	5	26	17		9	7		2			70	29	0	41	34		7		0	6	19	42	93	2					2		194	1			4					4		979	1			2		1	1	4		1	3	28	1		23	4	117	1		111	5	26	17		9	7		2			70	29	0	41	34		7		0	6	19	42	93	2					2		194	1			4					4		979	1																																																																																																																														
hobo	2024-12-31			1264	1264	0	65	194	194		7	1			1	1			1	18			17	1	125			96	29	4	2		2	2					30	3	0	27	27				0	5	23	9	101	1			1			4	156				1			1			8	1034				1			1	1			1	18			17	1	125			96	29	4	2		2	2					30	3	0	27	27				0	5	23	9	101	1			1			4	156				1			1			8	1034																																																																						0				1			1		18			18												0	0	0					0		1	0	18								7											65			
honda	2024-12-31			40915	40915	0	636	1095	1095		13	30	3	14	13	130	5	56	69	75	2	2	63	8	5231	63	4	4379	785	45	30	2	10	7		2	1	3	498	124	3	366	361		4	1	5	88	59	1452	2587	22			2	8	12	15	709	9			89			20	23	46	41	34226	27			30	3	14	13	130	5	56	69	75	2	2	63	8	5231	63	4	4379	785	45	30	2	10	7		2	1	3	498	124	3	366	361		4	1	5	88	59	1452	2587	22			2	8	12	15	709	9			89			20	23	46	41	34226	27																																																																	1		1		1		1		2		1	1		36		1	35												0	0	0					0		2	0	38	1					1		11				1					1		633			
ibague	2024-12-31			410327	410327	0	8076	3002	3002		19	59	5	15	39	8125	76	3872	4177	176	9	2	157	8	47135	432	3	45289	1411	159	128	4	26	16		9	1	1	8012	298	25	7688	7657		29	2	1	198	85	9286	33397	49			2	8	39	23	1188	13		1	5265			51	18	5196	3470	338978	42		2	59	5	15	39	8125	76	3872	4177	176	9	2	157	8	47135	432	3	45289	1411	159	128	4	26	16		9	1	1	8012	298	25	7688	7657		29	2	1	198	85	9286	33397	49			2	8	39	23	1188	13		1	5265			51	18	5196	3470	338978	42		2																																																															1		1		2		2		3			3		1079			1079												0	0	0					0		4	0	1097								17											7876			
icononzo	2024-12-31			5096	5096	0	10	427	427		3	2		1	1	5		4	1	35	1		32	2	335	1		332	2	15	9		6	5		1			61	14	0	47	43		4		0	22	21	181	238	4				2	2	6	282	1			13				10	3	9	4081	4			2		1	1	5		4	1	35	1		32	2	335	1		332	2	15	9		6	5		1			61	14	0	47	43		4		0	22	21	181	238	4				2	2	6	282	1			13				10	3	9	4081	4																																																																					0									0															0	0	0					0			0									3											10			
iles	2024-12-31			203	203	0	0	112	112			2			2	3			3	12			12		26			26		5	2		3	2		1			5	2	0	3	2		1		0	2	3	2	9	1				1			71				1				1			134				2			2	3			3	12			12		26			26		5	2		3	2		1			5	2	0	3	2		1		0	2	3	2	9	1				1			71				1				1			134																																																																																																																															
imues	2024-12-31			1258	1258	0	0	276	276			3		3		21		21		18			18		135			135		23	19		4	4					34	26	0	8	8				0	6	9	7	83								124											737				3		3		21		21		18			18		135			135		23	19		4	4					34	26	0	8	8				0	6	9	7	83								124											737																																																																																																																															
inirida	2024-12-31			199986	199986	0	3826	3268	3268		15	19	1	4	14	322	2	173	147	163	9	1	146	7	28429	1402	4	26252	771	50	28	2	15	10		5		5	1214	172	10	705	695		10		327	28	65	99	11620	37				9	28	28	1800	4		1	1119				200	919	1619	169357	5		5	19	1	4	14	322	2	173	147	163	9	1	146	7	28429	1402	4	26252	771	50	28	2	15	10		5		5	1214	172	10	705	695		10		327	28	65	99	11620	37				9	28	28	1800	4		1	1119				200	919	1619	169357	5		5																																																																			0				1			1		1040			1040												0	0	0					0		1	0	1040								13											3786			
inza	2024-12-31			28356	28356	0	59	725	725		5	20	1	4	15	106	2	13	91	88	1		86	1	2667	2		2664	1	17	10	1	6	4		2			46	16	1	29	25		4		0	42	24	631	1449	9		2		2	7	8	408	2			25		2		6	19	81	23412	7			20	1	4	15	106	2	13	91	88	1		86	1	2667	2		2664	1	17	10	1	6	4		2			46	16	1	29	25		4		0	42	24	631	1449	9		2		2	7	8	408	2			25		2		6	19	81	23412	7																																																																					0				1			1		1			1												0	0	0					0		1	0	1								5											59			
ipiales	2024-12-31			6160	6160	0	6	1291	1291		3	18	2	3	13	49	2	5	42	91	1		87	3	367	2		359	6	39	33		6	5	1				137	70	0	67	66	1			0	28	20	41	132	10		3	2	3	5	4	725				13		22	2	5	6	20	3119				18	2	3	13	49	2	5	42	91	1		87	3	367	2		359	6	39	33		6	5	1				137	70	0	67	66	1			0	28	20	41	132	10		3	2	3	5	4	725				13		22	2	5	6	20	3119																																																																						0									0															0	0	0					0			0									3											6			
iquira	2024-12-31			2411	2411	0	3	381	381		3	8		1	7	41		1	40	40	1		36	3	225	1		216	8	6	3		3	2		1			15	4	0	11	10		1		0	18	21	91	185	3				1	2	4	258	2			15				13	2	26	1837	2			8		1	7	41		1	40	40	1		36	3	225	1		216	8	6	3		3	2		1			15	4	0	11	10		1		0	18	21	91	185	3				1	2	4	258	2			15				13	2	26	1837	2																																																																					0									0															0	0	0					0			0									3											3			
isnos	2024-12-31			18754	18754	0	209	684	684		6	18	1	6	11	355	25	69	261	94	2		90	2	2502	28		2392	82	16	9		7	7					193	9	0	184	184				0	35	40	257	791	9				4	5	8	455	1		1	56				16	40	137	16111	1		1	18	1	6	11	355	25	69	261	94	2		90	2	2502	28		2392	82	16	9		7	7					193	9	0	184	184				0	35	40	257	791	9				4	5	8	455	1		1	56				16	40	137	16111	1		1																																																																			0				1			1		10			10												0	0	0					0		1	0	10								6											209			
istmina	2024-12-31			4105	4105	0	67	1016	1016		15	10	1	3	6	178	144	4	30	39	1	1	35	2	223	1	2	218	2	7	4		2	2				1	14	8	0	4	4				2	91	17	576	23	21			2	5	14	8	489	17		2	217			156	10	51	216	1650	54		11	10	1	3	6	178	144	4	30	39	1	1	35	2	223	1	2	218	2	7	4		2	2				1	14	8	0	4	4				2	91	17	576	23	21			2	5	14	8	489	17		2	217			156	10	51	216	1650	54		11																																																																			0									0															0	0	0					0			0									12											55			
itagui	2024-12-31			9013	9013	0	13	643	643		5	7	1	2	4	23	3	5	15	44	4		37	3	537	19		515	3	81	61	2	18	10		7	1		804	369	5	430	255		170	5	0	8	43	196	734	5					5	1	279	1			16					16	2	6312	2			7	1	2	4	23	3	5	15	44	4		37	3	537	19		515	3	81	61	2	18	10		7	1		804	369	5	430	255		170	5	0	8	43	196	734	5					5	1	279	1			16					16	2	6312	2																																																																					0									0															0	0	0					0			0									5											13			
ituango	2024-12-31			450623	450623	0	467	1874	1874		13	56	6	14	36	6468	423	2388	3657	159	10	2	140	7	211119	733	114	209733	539	28	12	2	10	6		4		4	1046	693	37	81	63		18		235	171	59	21565	3243	47			3	13	31	21	1048	12	1		4611			1109	97	3405	907	88154	2228	1		56	6	14	36	6468	423	2388	3657	159	10	2	140	7	211119	733	114	209733	539	28	12	2	10	6		4		4	1046	693	37	81	63		18		235	171	59	21565	3243	47			3	13	31	21	1048	12	1		4611			1109	97	3405	907	88154	2228	1																																																																				0				2			2		23			23												0	0	0					0		1	0	22								10											463			
iza	2024-12-31			104	104	0	0	44	44			1			1	1			1	3			3		6			6		5	3		2	2					5	3	0	2	2				0	1	2	1	6							1	26	1									4	70	1			1			1	1			1	3			3		6			6		5	3		2	2					5	3	0	2	2				0	1	2	1	6							1	26	1									4	70	1																																																																																																																														
jambalo	2024-12-31			34	34	0	0	24	24			1			1	1			1	2			2		2			2		1	1								1	1	0	0					0	2		2								1	9										1	9				1			1	1			1	2			2		2			2		1	1								1	1	0	0					0	2		2								1	9										1	9																																																																																																																															
jamundi	2024-12-31			83019	83019	0	5132	1226	1226		17	29	1	11	17	299	1	209	89	93	2	1	83	7	9372	35	1	7197	2139	73	44	5	22	14		8		2	2221	144	87	1950	1938		12		40	59	76	1283	6966	18		1	1	5	12	16	689	5			529		3	2	10	517	626	68538	12			29	1	11	17	299	1	209	89	93	2	1	83	7	9372	35	1	7197	2139	73	44	5	22	14		8		2	2221	144	87	1950	1938		12		40	59	76	1283	6966	18		1	1	5	12	16	689	5			529		3	2	10	517	626	68538	12																																																																	1		1		9		9		2			2		297			297												0	0	0					0		3	0	294								14											4512			
jardin	2024-12-31			283974	283972	0	126	2523	2523		10	78	7	25	46	5775	60	2826	2889	219	8		203	8	34055	2696		31343	16	89	70		19	11		7	1		4436	142	0	4294	4280		11	3	0	258	68	7371	15855	52		1	6	16	30	31	963	5			5572		1	59	99	5414	853	233000	26			78	7	25	46	5775	60	2826	2889	219	8		203	8	34055	2696		31343	16	89	70		19	11		7	1		4436	142	0	4294	4280		11	3	0	258	68	7370	15855	52		1	6	16	30	31	963	5			5572		1	59	99	5414	853	232999	26																																																																					0				1			1		35			35												0	0	0					0		2	0	38								10											126			
jenesano	2024-12-31			449	449	0	0	106	106							0				11			11		53			53		5	2	1	2	2					12	2	1	9	9				0	6	5	11	17							2	72										2	293								0				11			11		53			53		5	2	1	2	2					12	2	1	9	9				0	6	5	11	17							2	72										2	293																																																																																																																															
jerico-ant	2024-12-31			141264	141264	0	119	1877	1877		10	34	3	12	19	10141	407	4691	5043	116	4	1	104	7	9644	31	7	9522	84	84	59	2	23	15		7	1		7174	6074	22	1078	1050		25	3	0	120	55	2503	5045	25				10	15	13	873	12			5365				98	5267	427	68967	77			34	3	12	19	10141	407	4691	5043	116	4	1	104	7	9644	31	7	9522	84	84	59	2	23	15		7	1		7174	6074	22	1078	1050		25	3	0	120	55	2503	5045	25				10	15	13	873	12			5365				98	5267	427	68967	77																																																																					0				1			1		1			1												0	0	0					0		1	0	1								9											112			
jerico-boy	2024-12-31			106	106	0	0	74	74			1			1	1			1	5			5		5			5		9	5		4	4					10	6	0	4	4				0	4	4	4	4							1	35										1	38				1			1	1			1	5			5		5			5		9	5		4	4					10	6	0	4	4				0	4	4	4	4							1	35										1	38																																																																																																																															
jerusalen	2024-12-31			491	491	0	2	211	211		1	3		2	1	10		9	1	18			18		35			35		3	2		1	1					4	2	0	2	2				0	5	16	11	26	2				1	1	1	163				11				8	3	1	330				3		2	1	10		9	1	18			18		35			35		3	2		1	1					4	2	0	2	2				0	5	16	11	26	2				1	1	1	163				11				8	3	1	330																																																																						0									0															0	0	0					0			0									1											2			
jesus-maria	2024-12-31			252	252	0	0	126	126							0				25			25		31			31												0	0	0					0	11	8	15	19	1					1	1	61	1			1					1	1	145	1							0				25			25		31			31												0	0	0					0	11	8	15	19	1					1	1	61	1			1					1	1	145	1																																																																																																																														
jordan	2024-12-31			358	358	0	0	101	101			3	1	1	1	12	4	6	2	9			9		21			21		3	1		2	2					8	1	0	7	7				0	8	8	19	21	1			1			1	87				4			4			6	302				3	1	1	1	12	4	6	2	9			9		21			21		3	1		2	2					8	1	0	7	7				0	8	8	19	21	1			1			1	87				4			4			6	302																																																																																																																															
juan-de-acosta	2024-12-31			6354	6316	0	285	411	409		17	6		2	4	14		10	4	50	1		46	3	667	3		651	13	18	10		8	6		2			137	17	0	120	118		2		0	3	54	124	705	4				1	3	9	284				26				1	25	48	5233				6		2	4	14		10	4	50	1		46	3	667	3		651	13	18	10		8	6		2			136	17	0	119	117		2		0	3	54	124	705	4				1	3	9	284				26				1	25	48	5227																																																																		1		1		9		9		3			3		28			28												0	0	0					0		3	0	34								16											251			
junin	2024-12-31			9621	9621	0	10	833	833		1	22	4	6	12	182	16	15	151	69	2		66	1	622	89		532	1	23	17	1	5	4		1			477	210	1	266	264		2		0	77	27	728	279	17			2	3	12	12	419	3			160			5	6	149	80	5912	10			22	4	6	12	182	16	15	151	69	2		66	1	622	89		532	1	23	17	1	5	4		1			477	210	1	266	264		2		0	77	27	728	279	17			2	3	12	12	419	3			160			5	6	149	80	5912	10																																																																					0				1			1		10			10												0	0	0					0		1	0	10								1											10			
jurado	2024-12-31			4625	4511	83	463	919	867	57	32	24	3	8	13	81	10	47	24	85	4		75	6	320	12		286	22	8	5		3	1		2			15	9	0	6	3		3		0	19	49	29	223	22		1	3	4	15	17	559	7		1	206		1	9	4	193	60	2855	14		8	24	3	8	13	79	10	46	23	83	4		73	6	307	12		276	19	8	5		3	1		2			15	9	0	6	3		3		0	19	49	29	223	19		1	2	4	13	16	538	5		1	202		1	8	4	190	53	2807	8		8	1	1			2		2		1			1		1			1												0	0	0					0			0		3			1		2	1	24	2			3			1		2	1	39	2			1			1	1			1	3			3		10			10												0	0	0					0		1	0	2	2			2				27				2			2				456			
la-apartada	2024-12-31			1450	1450	0	31	238	238		10	2			2	7			7	33	1		30	2	172	1		154	17	3			2	2				1	21	0	0	20	20				1	1	25	17	140							3	212										6	1317				2			2	7			7	33	1		30	2	172	1		154	17	3			2	2				1	21	0	0	20	20				1	1	25	17	140							3	212										6	1317																																																																						0				2			2		2			2												0	0	0					0		1	0	1								9											30			
la-argentina	2024-12-31			6647	6647	0	58	716	716		5	16		3	13	87		3	84	72	2		68	2	589	4		569	16	12	6		6	4		2			46	8	0	38	35		3		0	34	25	228	281	8				4	4	8	407	2			27				20	7	100	4712	8			16		3	13	87		3	84	72	2		68	2	589	4		569	16	12	6		6	4		2			46	8	0	38	35		3		0	34	25	228	281	8				4	4	8	407	2			27				20	7	100	4712	8																																																																					0				1			1		4			4												0	0	0					0		1	0	4								5											58			
la-belleza	2024-12-31			1046	1046	0	5	372	372		1	4	1	1	2	5	1	2	2	57	1	1	53	2	157	1	1	152	3	8	6		1	1				1	9	6	0	2	2				1	24	19	44	52	3			1		2	1	245	1			4			1		3	2	783	1			4	1	1	2	5	1	2	2	57	1	1	53	2	157	1	1	152	3	8	6		1	1				1	9	6	0	2	2				1	24	19	44	52	3			1		2	1	245	1			4			1		3	2	783	1																																																																					0									0															0	0	0					0			0									1											5			
la-calera	2024-12-31			102009	102009	0	27	2061	2061		4	44	8	11	25	2482	45	62	2375	147	6		139	2	24873	1850		23001	22	127	95	6	24	15	1	8		2	1158	391	32	729	649	4	76		6	197	55	3165	2377	37		2	5	9	23	18	671	3			2509		16	60	23	2426	1482	82347	15			44	8	11	25	2482	45	62	2375	147	6		139	2	24873	1850		23001	22	127	95	6	24	15	1	8		2	1158	391	32	729	649	4	76		6	197	55	3165	2377	37		2	5	9	23	18	671	3			2509		16	60	23	2426	1482	82347	15																																																																					0				1			1		13			13												0	0	0					0		1	0	13								4											27			
la-capilla	2024-12-31			1276	1276	0	0	119	119			2			2	3			3	11			11		16			16		8	5	1	2	2					30	7	4	19	19				0	7	2	8	2	1					1	1	73				2					2	4	164				2			2	3			3	11			11		16			16		8	5	1	2	2					30	7	4	19	19				0	7	2	8	2	1					1	1	73				2					2	4	164																																																																																																																															
la-ceja	2024-12-31			37752	37752	0	101	1138	1138		7	34	1	12	21	255	1	24	230	111	3		103	5	2512	6		2201	305	85	64	3	18	14		3	1		1220	146	15	1059	1054		4	1	0	107	51	1155	2480	17			1	4	12	10	557	4			224			1	6	217	255	30008	8			34	1	12	21	255	1	24	230	111	3		103	5	2512	6		2201	305	85	64	3	18	14		3	1		1220	146	15	1059	1054		4	1	0	107	51	1155	2480	17			1	4	12	10	557	4			224			1	6	217	255	30008	8																																																																					0				1			1		1			1		1			1	1					1	0	0	1	1				0		1	0	1								6											100			
la-celia	2024-12-31			3827	3827	0	0	482	482			13	2	3	8	65	10	8	47	46	2		41	3	375	2		357	16	6	4		2	2					17	4	0	13	13				0	27	21	156	190	10			1	2	7	7	350				50			2	3	45	33	2887				13	2	3	8	65	10	8	47	46	2		41	3	375	2		357	16	6	4		2	2					17	4	0	13	13				0	27	21	156	190	10			1	2	7	7	350				50			2	3	45	33	2887																																																																																																																															
la-chorrera	2024-12-31			11748	11748	0	24	2634	2634		6	14	1	3	10	36	1	10	25	80	2		73	5	375	4		333	38	25	20		5	2		3			104	97	0	7	2		5		0	30	20	65	69	18				5	13	9	1299	5		2	43				5	38	19	4475	8		12	14	1	3	10	36	1	10	25	80	2		73	5	375	4		333	38	25	20		5	2		3			104	97	0	7	2		5		0	30	20	65	69	18				5	13	9	1299	5		2	43				5	38	19	4475	8		12																																																																			0									0															0	0	0					0			0									5											21			
la-cruz	2024-12-31			4684	4684	0	2	418	418		1	13		2	11	63		6	57	48	2		46		414	8		406		4	3		1	1					4	3	0	1	1				0	14	20	46	136	12				2	10	4	266	1			181				48	133	11	2608	22			13		2	11	63		6	57	48	2		46		414	8		406		4	3		1	1					4	3	0	1	1				0	14	20	46	136	12				2	10	4	266	1			181				48	133	11	2608	22																																																																					0									0															0	0	0					0		1	0	2								1											2			
la-cumbre	2024-12-31			94948	94948	0	40	1526	1526		7	31	5	10	16	1167	9	25	1133	105	2		99	4	15274	2		15263	9	52	41	1	10	7		3			351	78	1	272	267		5		0	150	38	3769	3719	35			6	10	19	20	760	7			169			11	38	120	1185	76592	26			31	5	10	16	1167	9	25	1133	105	2		99	4	15274	2		15263	9	52	41	1	10	7		3			351	78	1	272	267		5		0	150	38	3769	3719	35			6	10	19	20	760	7			169			11	38	120	1185	76592	26																																																																					0				1			1		1			1												0	0	0					0		1	0	1								7											40			
la-dorada	2024-12-31			72444	72444	0	2432	1506	1506		18	37	4	9	24	1256	533	35	688	100	4	2	85	9	7414	101	77	6739	497	69	47	2	15	10		5		5	1190	348	4	791	760		31		47	114	66	1948	4116	23			3	2	18	17	902	14	1		630			21	520	89	56	59280	225	2		37	4	9	24	1256	533	35	688	100	4	2	85	9	7414	101	77	6739	497	69	47	2	15	10		5		5	1190	348	4	791	760		31		47	114	66	1948	4116	23			3	2	18	17	902	14	1		630			21	520	89	56	59280	225	2																																																																				0				2			2		389			389												0	0	0					0		3	0	412								16											2425			
la-esperanza	2024-12-31			8371	8371	0	55	610	610		8	13	2	5	6	39	3	16	20	45	1	1	38	5	266	3	11	233	19	25	17		8	8					349	256	0	93	93				0	18	15	158	101	10			1	4	5	2	415	2		1	46			2	8	36	8	3130	14		1	13	2	5	6	39	3	16	20	45	1	1	38	5	266	3	11	233	19	25	17		8	8					349	256	0	93	93				0	18	15	158	101	10			1	4	5	2	415	2		1	46			2	8	36	8	3130	14		1																																																																			0									0															0	0	0					0			0									7											52			
la-estrella	2024-12-31			17178	17178	0	17	918	918		3	13	1	6	6	145	1	8	136	56	2		50	4	746	7		732	7	69	49	2	17	10		6	1	1	402	99	2	300	204		95	1	1	37	39	634	1085	9		1		3	6	5	383	2			135		1		3	132	12	11432	3			13	1	6	6	145	1	8	136	56	2		50	4	746	7		732	7	69	49	2	17	10		6	1	1	402	99	2	300	204		95	1	1	37	39	634	1085	9		1		3	6	5	383	2			135		1		3	132	12	11432	3																																																																					0									0															0	0	0					0			0									3											17			
la-florida	2024-12-31			2148	2148	0	0	457	457			6	1	1	4	12	1	1	10	28			28		191			191		17	12	1	4	4					22	12	1	9	9				0	16	13	25	88	7			2	1	4		201				11			2	1	8	1	1356				6	1	1	4	12	1	1	10	28			28		191			191		17	12	1	4	4					22	12	1	9	9				0	16	13	25	88	7			2	1	4		201				11			2	1	8	1	1356																																																																																																																															
la-gloria	2024-12-31			1478	1478	0	26	288	288		7	9		1	8	63		2	61	25	1		21	3	120	3		96	21	6	3		2	2				1	23	4	0	16	16				3	20	23	82	94	6			1		5	5	240	2			8			2		6	6	1230	52			9		1	8	63		2	61	25	1		21	3	120	3		96	21	6	3		2	2				1	23	4	0	16	16				3	20	23	82	94	6			1		5	5	240	2			8			2		6	6	1230	52																																																																					0				1			1		2			2												0	0	0					0		1	0	2								7											26			
la-guadalupe	2024-12-31			702	702	0	0	266	266			1		1		3		3		16	1		15		59	2		57		2	1		1			1			2	1	0	1			1		0	3	7	6	20	1				1		2	168				3				3		8	480				1		1		3		3		16	1		15		59	2		57		2	1		1			1			2	1	0	1			1		0	3	7	6	20	1				1		2	168				3				3		8	480																																																																																																																															
la-jagua-de-ibirico	2024-12-31			13161	13158	0	86	1160	1158		12	13	3	4	6	136	9	17	110	100	5	2	83	10	1810	59	9	1643	99	39	26		10	6		4		3	368	287	0	74	68		6		7	33	57	75	1188	14			1	4	9	8	756	3			345			5	16	324	180	9983	8			13	3	4	6	136	9	17	110	98	5	2	81	10	1808	59	9	1641	99	39	26		10	6		4		3	368	287	0	74	68		6		7	33	57	75	1188	14			1	4	9	8	756	3			345			5	16	324	180	9983	8																																																																					0				2			2		10			10												0	0	0					0		2	0	7								11											83			
la-jagua-del-pilar	2024-12-31			4993	4993	0	0	410	410			14	2	7	5	146	7	131	8	34	2		29	3	139	8		127	4	11	8		3	3					111	106	0	5	5				0	12	8	63	12	13			1	5	7	5	252	2			147			1	128	18	60	2621	2			14	2	7	5	146	7	131	8	34	2		29	3	139	8		127	4	11	8		3	3					111	106	0	5	5				0	12	8	63	12	13			1	5	7	5	252	2			147			1	128	18	60	2621	2																																																																																																																														
la-llanada	2024-12-31			299	299	0	0	152	152			3		1	2	3		1	2	30			29	1	48			47	1	1	1								1	1	0	0					0	2	6	2	11							5	127	1									5	221	16			3		1	2	3		1	2	30			29	1	48			47	1	1	1								1	1	0	0					0	2	6	2	11							5	127	1									5	221	16																																																																																																																														
la-macarena	2024-12-31			140899	140898	0	1468	3724	3724		13	36	3	8	25	2867	5	2076	786	171	12	2	145	12	21312	596	43	18500	2173	78	52	1	20	11		9		5	2278	361	3	1529	1470		59		385	107	61	576	6856	40			1	11	28	25	1886	10			2888			3	38	2847	1080	112627	68			36	3	8	25	2867	5	2076	786	171	12	2	145	12	21312	596	43	18500	2173	78	52	1	20	11		9		5	2278	361	3	1529	1470		59		385	107	61	576	6856	40			1	11	28	25	1886	10			2888			3	38	2847	1080	112627	68																																																																					0				1			1		66			66												0	0	0					0		1	0	66								11											1460			
la-merced	2024-12-31			2498	2498	0	12	360	360		5	5			5	7			7	35	1		33	1	265	1		263	1	9	5		4	4					54	6	0	48	48				0	13	37	48	231	3					3	3	281				4					4	8	2070				5			5	7			7	35	1		33	1	265	1		263	1	9	5		4	4					54	6	0	48	48				0	13	37	48	231	3					3	3	281				4					4	8	2070																																																																						0				1			1		3			3												0	0	0					0		1	0	3								5											12			
la-mesa	2024-12-31			26934	26934	0	309	1364	1364		7	10		2	8	32		4	28	72		1	68	3	2147		1	2072	74	111	82	4	24	13	1	9	1	1	498	155	6	336	321	1	13	1	1	51	53	515	1403	4		1		2	2	10	615	2	1		22		1		15	7	56	21759	3	4		10		2	8	32		4	28	72		1	68	3	2147		1	2072	74	111	82	4	24	13	1	9	1	1	498	155	6	336	321	1	13	1	1	51	53	515	1403	4		1		2	2	10	615	2	1		22		1		15	7	56	21759	3	4																																																																				0				1			1		5			5												0	0	0					0		1	0	5								7											309			
la-montanita	2024-12-31			6045	6045	0	46	825	825		6	4	2	1	1	5	2	2	1	58	1		53	4	659	1		609	49	16	9	2	3	3				2	125	15	2	77	77				31	4	30	13	228	2			1		1	3	509			1	3			1		2	39	3966			1	4	2	1	1	5	2	2	1	58	1		53	4	659	1		609	49	16	9	2	3	3				2	125	15	2	77	77				31	4	30	13	228	2			1		1	3	509			1	3			1		2	39	3966			1																																																																			0				1			1		2			2												0	0	0					0		1	0	2								6											46			
la-palma	2024-12-31			6480	6480	0	1	394	394		1	4			4	8			8	39			38	1	364	1		362	1	6	3		3	3					16	4	0	12	12				0	19	27	109	545	3					3	4	256	1	1		8					8	8	5627	1	2		4			4	8			8	39			38	1	364	1		362	1	6	3		3	3					16	4	0	12	12				0	19	27	109	545	3					3	4	256	1	1		8					8	8	5627	1	2																																																																				0									0															0	0	0					0			0									1											1			
la-paz-ces	2024-12-31			79227	79227	0	85	1075	1075		12	32	5	13	14	2555	266	479	1810	106	4	2	94	6	8452	218	3	8177	54	27	18	1	7	7				1	493	254	1	237	237				1	32	53	284	2544	31			3	11	17	14	632	4			1029			89	541	399	2993	63505	6			32	5	13	14	2555	266	479	1810	106	4	2	94	6	8452	218	3	8177	54	27	18	1	7	7				1	493	254	1	237	237				1	32	53	284	2544	31			3	11	17	14	632	4			1029			89	541	399	2993	63505	6																																																																					0				2			2		16			16												0	0	0					0		1	0	10								11											82			
la-paz-san	2024-12-31			173	173	0	0	71	71			4		2	2	11		7	4	5	1		4		13	6		7		2			2	2					3	0	0	3	3				0	6	4	15	9	3				1	2	1	32	1			10				6	4	2	59	1			4		2	2	11		7	4	5	1		4		13	6		7		2			2	2					3	0	0	3	3				0	6	4	15	9	3				1	2	1	32	1			10				6	4	2	59	1																																																																																																																														
la-pedrera	2024-12-31			10642	10642	0	44	2206	2206		8	18	1	5	12	1477	386	1035	56	125	8	3	107	7	1957	52	17	1855	33	25	15	1	4	1		3		5	1368	59	10	21	14		7		1278	18	29	62	214	15				5	10	10	1241	8			1058				164	894	24	4972	22			18	1	5	12	1477	386	1035	56	125	8	3	107	7	1957	52	17	1855	33	25	15	1	4	1		3		5	1368	59	10	21	14		7		1278	18	29	62	214	15				5	10	10	1241	8			1058				164	894	24	4972	22																																																																					0				1			1		3			3												0	0	0					0		1	0	3								7											41			
la-pena	2024-12-31			1166	1166	0	2	213	213		2	3		2	1	5		4	1	13			13		79			79		5	2		3	2		1			9	3	0	6	5		1		0	6	17	26	70	2				1	1	4	137	2			2				1	1	5	951	2			3		2	1	5		4	1	13			13		79			79		5	2		3	2		1			9	3	0	6	5		1		0	6	17	26	70	2				1	1	4	137	2			2				1	1	5	951	2																																																																					0									0															0	0	0					0			0									2											2			
la-pintada	2024-12-31			6980	6980	0	9	454	454		5	7		2	5	8		2	6	46	3		37	6	589	29		540	20	12	5	1	6	5		1			108	13	16	79	78		1		0	18	25	64	383	6				2	4	1	294	1			6				2	4	2	3591	1			7		2	5	8		2	6	46	3		37	6	589	29		540	20	12	5	1	6	5		1			108	13	16	79	78		1		0	18	25	64	383	6				2	4	1	294	1			6				2	4	2	3591	1																																																																					0									0															0	0	0					0			0									5											9			
la-plata	2024-12-31			20647	20647	0	110	1379	1379		6	28	5	8	15	537	21	32	484	108	5		100	3	2181	16		2152	13	37	30		7	7					125	40	0	85	85				0	81	44	962	889	21		3	2	8	11	11	616	4			198		4	3	154	41	358	15275	21			28	5	8	15	537	21	32	484	108	5		100	3	2181	16		2152	13	37	30		7	7					125	40	0	85	85				0	81	44	962	889	21		3	2	8	11	11	616	4			198		4	3	154	41	358	15275	21																																																																					0				1			1		3			3												0	0	0					0		1	0	3								6											110			
la-playa	2024-12-31			4128	4128	0	15	488	488		3	6	1	1	4	56	8	1	47	42			42		256			256		11	10		1	1					15	11	0	4	4				0	28	28	37	271	8			1	2	5	3	290	1			29			8	16	5	11	2605	1			6	1	1	4	56	8	1	47	42			42		256			256		11	10		1	1					15	11	0	4	4				0	28	28	37	271	8			1	2	5	3	290	1			29			8	16	5	11	2605	1																																																																					0									0															0	0	0					0			0									3											15			
la-primavera	2024-12-31			16230	16230	0	257	1189	1189		15	19	1	5	13	481	56	163	262	94	7	2	76	9	1828	81	18	1652	77	18	7		5	4			1	6	287	9	0	118	117			1	160	15	38	60	903	15				4	11	12	856	5			273				102	171	175	12641	14			19	1	5	13	481	56	163	262	94	7	2	76	9	1828	81	18	1652	77	18	7		5	4			1	6	287	9	0	118	117			1	160	15	38	60	903	15				4	11	12	856	5			273				102	171	175	12641	14																																																																					0				1			1		18			18												0	0	0					0		2	0	19								13											221			
la-salina	2024-12-31			1366	1366	0	8	216	216		2	1			1	1			1	20			17	3	61			52	9	2	1		1	1					5	1	0	4	4				0	3	19	644	69	1					1	2	134	2			1					1	8	1083	6			1			1	1			1	20			17	3	61			52	9	2	1		1	1					5	1	0	4	4				0	3	19	644	69	1					1	2	134	2			1					1	8	1083	6																																																																					0				1			1		4			4												0	0	0					0		1	0	4								2											8			
la-sierra	2024-12-31			2864	2864	0	8	194	194		1					0				17	1		16		155	1		154		2			2	2					16	0	0	16	16				0	10	16	16	165							1	149										3	2201								0				17	1		16		155	1		154		2			2	2					16	0	0	16	16				0	10	16	16	165							1	149										3	2201																																																																						0									0															0	0	0					0			0									1											8			
la-tebaida	2024-12-31			38901	38901	0	591	670	670		9	6		4	2	20		18	2	64	2		58	4	4442	17		4230	195	52	41	2	9	6		3			757	66	8	683	668		15		0	20	57	208	3220	4				1	3	6	373	3			21				1	20	43	33707	25			6		4	2	20		18	2	64	2		58	4	4442	17		4230	195	52	41	2	9	6		3			757	66	8	683	668		15		0	20	57	208	3220	4				1	3	6	373	3			21				1	20	43	33707	25																																																																					0				1			1		72			72												0	0	0					0		1	0	72								8											561			
la-tola	2024-12-31			6628	5631	1015	669	330	243	111	52	11	2	5	4	840	85	18	737	31	3	1	25	2	121	27	1	90	3	5	3		1	1				1	9	3	0	5	5				1		50	0	3657	12			3	1	8	9	212	3			279			9	3	267	304	4490	17			8	1	5	2	704	1	16	687	29	3	1	23	2	109	23	1	82	3	5	3		1	1				1	9	3	0	5	5				1		50	0	3657	9			1	1	7	9	172	1			266			1	1	264	304	3721	1			4	1	1	2	136	84	2	50	3	1		2		12	4		8												0	0	0					0		11	0	41	5			2	1	2	2	59	2			14			8	2	4	13	817	16			3	1	1	1	89	84	1	4	4			4		18			18												0	0	0					0		4	0	16	1			1			1	40	2			4			4			1	515	16		
la-union-ant	2024-12-31			12580	12580	0	9	1095	1095		3	24	2	10	12	314	8	71	235	70	1		69		1222	2		1220		51	36	3	12	9	2	1			234	58	5	171	162	8	1		0	111	29	681	408	19			2	7	10	6	458	3			87			8	40	39	124	8311	4			24	2	10	12	314	8	71	235	70	1		69		1222	2		1220		51	36	3	12	9	2	1			234	58	5	171	162	8	1		0	111	29	681	408	19			2	7	10	6	458	3			87			8	40	39	124	8311	4																																																																					0									0															0	0	0					0		1	0	2								3											9			
la-union-nar	2024-12-31			3654	3654	0	1	473	473		1	3		2	1	12		6	6	33			33		216			216		17	14		3			2	1		28	18	0	10			8	2	0	14	16	180	147	3		1		1	2	3	259	1	1		11		1		7	4	19	2486	4	1		3		2	1	12		6	6	33			33		216			216		17	14		3			2	1		28	18	0	10			8	2	0	14	16	180	147	3		1		1	2	3	259	1	1		11		1		7	4	19	2486	4	1																																																																				0									0															0	0	0					0			0									1											1			
la-union-suc	2024-12-31			906	906	0	37	169	169		8	1			1	2			2	26	2		23	1	123	2		109	12	4	2		2	2					22	3	0	19	19				0	1	26	11	107							1	154										2	796				1			1	2			2	26	2		23	1	123	2		109	12	4	2		2	2					22	3	0	19	19				0	1	26	11	107							1	154										2	796																																																																						0				1			1		1			1												0	0	0					0		1	0	1								8											37			
la-union-vac	2024-12-31			9396	9396	0	135	431	431		10	7	2	2	3	20	4	13	3	52			47	5	1220			1181	39	21	11	2	8	5		3			273	16	3	254	250		4		0	9	37	109	572	5				2	3	2	314	1			8				4	4	2	8312	1			7	2	2	3	20	4	13	3	52			47	5	1220			1181	39	21	11	2	8	5		3			273	16	3	254	250		4		0	9	37	109	572	5				2	3	2	314	1			8				4	4	2	8312	1																																																																					0				1			1		6			6												0	0	0					0		1	0	6								9											128			
la-uvita	2024-12-31			502	502	0	0	217	217			3	1	1	1	7	3	1	3	4			4		5			5		13	10		3	3					19	15	0	4	4				0	23	2	74	3	3			1	1	1	1	74	1			6			3	1	2	2	147	14			3	1	1	1	7	3	1	3	4			4		5			5		13	10		3	3					19	15	0	4	4				0	23	2	74	3	3			1	1	1	1	74	1			6			3	1	2	2	147	14																																																																																																																														
la-vega-cau	2024-12-31			3884	3884	0	1	521	521		1	10		1	9	89		1	88	45			45		123			123		6	5		1			1			14	11	0	3			3		0	32	9	89	19	8				3	5		214				42				7	35		673	5			10		1	9	89		1	88	45			45		123			123		6	5		1			1			14	11	0	3			3		0	32	9	89	19	8				3	5		214				42				7	35		673	5																																																																					0									0															0	0	0					0			0									1											1			
la-vega-cun	2024-12-31			91167	91167	0	980	1483	1483		7	33	4	14	15	100	4	27	69	107	3		101	3	6459	13		6396	50	96	71	1	23	14		8	1	1	1277	119	6	1151	1128		20	3	1	68	61	1063	7588	26		1	3	11	12	18	746	3	1		156		1	3	27	126	240	77857	3	2		33	4	14	15	100	4	27	69	107	3		101	3	6459	13		6396	50	96	71	1	23	14		8	1	1	1277	119	6	1151	1128		20	3	1	68	61	1063	7588	26		1	3	11	12	18	746	3	1		156		1	3	27	126	240	77857	3	2																																																																				0				1			1		88			88												0	0	0					0		1	0	88								7											980			
la-victoria-ama	2024-12-31			844	844	0	0	366	366							0				8		1	7		37		20	17		3	3								10	10	0	0					0	7		15								2	154	2		1							3	365	3		2					0				8		1	7		37		20	17		3	3								10	10	0	0					0	7		15								2	154	2		1							3	365	3		2																																																																																																																												
la-victoria-boy	2024-12-31			262	262	0	0	103	103			1		1		1		1		7			7		17			17		2	1		1			1			4	2	0	2			2		0	4	4	4	9							1	85										3	201				1		1		1		1		7			7		17			17		2	1		1			1			4	2	0	2			2		0	4	4	4	9							1	85										3	201																																																																																																																															
la-victoria-vac	2024-12-31			3179	3179	0	31	419	419		7	6		5	1	10		8	2	45			39	6	346			305	41	17	9	1	7	6		1			44	11	11	22	20		2		0	16	33	84	207	1					1		290				2					2		2347				6		5	1	10		8	2	45			39	6	346			305	41	17	9	1	7	6		1			44	11	11	22	20		2		0	16	33	84	207	1					1		290				2					2		2347																																																																						0				1			1		4			4												0	0	0					0		1	0	4								6											30			
la-virginia	2024-12-31			14855	14855	0	447	583	583		13	8	2	3	3	10	3	3	4	43	1		39	3	1461	2		1290	169	15	4	2	8	7	1			1	338	6	52	279	278	1			1	31	49	170	1097	4					4	3	337	3			5					5	14	11952	6			8	2	3	3	10	3	3	4	43	1		39	3	1461	2		1290	169	15	4	2	8	7	1			1	338	6	52	279	278	1			1	31	49	170	1097	4					4	3	337	3			5					5	14	11952	6																																																																					0				1			1		9			9												0	0	0					0		2	0	12								11											408			
labateca	2024-12-31			537	537	0	0	154	154			2	1		1	2	1		1	13	1		12		46	1		45		6	4		1	1				1	12	4	0	1	1				7		8	0	26	2				1	1		86				2				1	1		361				2	1		1	2	1		1	13	1		12		46	1		45		6	4		1	1				1	12	4	0	1	1				7		8	0	26	2				1	1		86				2				1	1		361																																																																																																																															
labranzagrande	2024-12-31			1742	1742	0	0	832	832			20	2	11	7	52	4	26	22	23	1		20	2	39	1		36	2	20	16		4	4					29	21	0	8	8				0	92	8	202	19	27		1	3	13	11	5	382	3			60		2	5	28	27	9	787	8			20	2	11	7	52	4	26	22	23	1		20	2	39	1		36	2	20	16		4	4					29	21	0	8	8				0	92	8	202	19	27		1	3	13	11	5	382	3			60		2	5	28	27	9	787	8																																																																																																																														
landazuri	2024-12-31			1562	1562	0	9	348	348		3	10	2	3	5	13	2	4	7	34	2		32		139	3		136		3	1		2	1			1		3	1	0	2	1			1	0	21	24	90	78	8			1	4	3	5	219				15			1	10	4	6	1061				10	2	3	5	13	2	4	7	34	2		32		139	3		136		3	1		2	1			1		3	1	0	2	1			1	0	21	24	90	78	8			1	4	3	5	219				15			1	10	4	6	1061																																																																						0									0															0	0	0					0			0									3											9			
lebrija	2024-12-31			41052	41052	0	106	1189	1189		9	27	4	7	16	115	9	56	50	96	1	1	87	7	4245	1	2	4179	63	64	47	1	15	8		7		1	438	108	7	321	307		14		2	52	52	1142	2728	18			2	3	13	16	715	4		1	42			5	9	28	152	33350	9		3	27	4	7	16	115	9	56	50	96	1	1	87	7	4245	1	2	4179	63	64	47	1	15	8		7		1	438	108	7	321	307		14		2	52	52	1142	2728	18			2	3	13	16	715	4		1	42			5	9	28	152	33350	9		3																																																																			0				1			1		12			12												0	0	0					0		1	0	12								9											106			
leiva	2024-12-31			164	164	0	0	81	81			1			1	1			1	5	1		3	1	5	1		3	1											0	0	0					0	6	1	9	1	2					2	1	31	1			2					2	3	43	1			1			1	1			1	5	1		3	1	5	1		3	1											0	0	0					0	6	1	9	1	2					2	1	31	1			2					2	3	43	1																																																																																																																														
lejanias	2024-12-31			8997	8997	0	87	549	549		9	2		1	1	5		2	3	75	1		70	4	1032	4		828	200	5	3		2	2					246	4	0	242	242				0	9	42	17	759	4				1	3	6	400	1			7				2	5	67	7747	2			2		1	1	5		2	3	75	1		70	4	1032	4		828	200	5	3		2	2					246	4	0	242	242				0	9	42	17	759	4				1	3	6	400	1			7				2	5	67	7747	2																																																																					0				1			1		7			7												0	0	0					0		1	0	7								9											87			
lenguazaque	2024-12-31			1035	1035	0	0	302	302			5			5	17			17	17			17		41			41		17	11	2	3	2		1		1	36	21	2	11	8		3		2	41	2	105	5	3		2			3	3	113	1			5		2			5	13	442	1			5			5	17			17	17			17		41			41		17	11	2	3	2		1		1	36	21	2	11	8		3		2	41	2	105	5	3		2			3	3	113	1			5		2			5	13	442	1																																																																																																																														
lerida	2024-12-31			14042	14042	0	495	466	466		9	6		3	3	11		7	4	60	2	1	55	2	3027	58	1	2811	157	13	7		6	5		1			264	10	0	254	253		1		0	32	51	284	2005	7				2	5	6	369				15				6	9	12	12649				6		3	3	11		7	4	60	2	1	55	2	3027	58	1	2811	157	13	7		6	5		1			264	10	0	254	253		1		0	32	51	284	2005	7				2	5	6	369				15				6	9	12	12649																																																																						0				2			2		209			209												0	0	0					0		1	0	205								9											495			
leticia	2024-12-31			269048	269048	0	3380	6373	6373		16	45	3	14	28	2553	11	953	1589	199	11	3	172	13	27009	757	49	24511	1692	136	98	2	27	12		14	1	9	2390	313	25	980	890		89	1	1072	40	67	138	8163	49		1	1	11	37	26	2660	25	1	2	1913		1	1	350	1562	421	154588	68	1	3	45	3	14	28	2553	11	953	1589	199	11	3	172	13	27009	757	49	24511	1692	136	98	2	27	12		14	1	9	2390	313	25	980	890		89	1	1072	40	67	138	8163	49		1	1	11	37	26	2660	25	1	2	1913		1	1	350	1562	421	154588	68	1	3																																																																			0				1			1		295			295												0	0	0					0		1	0	295								13											3343			
libano	2024-12-31			41212	41212	0	136	926	926		6	14		3	11	855		104	751	85	2		81	2	3273	4		3264	5	17	10	1	6	4		2			705	14	1	690	687		3		0	51	56	1290	3303	9				1	8	14	573				62				1	61	822	33612				14		3	11	855		104	751	85	2		81	2	3273	4		3264	5	17	10	1	6	4		2			705	14	1	690	687		3		0	51	56	1290	3303	9				1	8	14	573				62				1	61	822	33612																																																																						0				1			1		1			1												0	0	0					0		1	0	1								6											136			
liborina	2024-12-31			113947	113944	0	106	829	829		8	24	1	8	15	831	1	209	621	65	3	2	53	7	7358	332	7	6919	100	36	18	2	12	9		3		4	3132	2181	49	864	776		88		38	63	34	2753	830	18			2	3	13	5	498	5			691			141	8	542	61	83469	115			24	1	8	15	831	1	209	621	65	3	2	53	7	7358	332	7	6919	100	36	18	2	12	9		3		4	3132	2181	49	864	776		88		38	63	34	2753	830	18			2	3	13	5	498	5			691			141	8	542	61	83469	115																																																																					0				2			2		14			14												0	0	0					0		1	0	9								7											99			
linares	2024-12-31			48	48	0	0	36	36							0									0															0	0	0					0	1	2	2	2								30	1										36	1							0									0															0	0	0					0	1	2	2	2								30	1										36	1																																																																																																																														
lloro	2024-12-31			4705	4705	0	5	775	775		4	12	4	1	7	41	21	4	16	40			38	2	314			305	9	12	7		5	3		2			16	9	0	7	5		2		0	61	18	181	120	10			2	3	5	6	397	4			30			15	6	9	13	2118	6			12	4	1	7	41	21	4	16	40			38	2	314			305	9	12	7		5	3		2			16	9	0	7	5		2		0	61	18	181	120	10			2	3	5	6	397	4			30			15	6	9	13	2118	6																																																																					0				1			1		2			2												0	0	0					0		1	0	2								4											5			
lopez-de-micay	2024-12-31			1107	1101	4	202	330	325	4	9	5		3	2	8		6	2	17	1		16		28	2		26		3	3								3	3	0	0					0	20	19	45	43	8			1	2	5	7	167	2		1	18			1	5	12	12	557	2		1	5		3	2	8		6	2	17	1		16		28	2		26		3	3								3	3	0	0					0	20	19	45	43	8			1	2	5	7	167	2		1	18			1	5	12	12	556	2		1					0									0															0	0	0					0			0																												0				1			1		2			2												0	0	0					0	1		1									7											198			
lorica	2024-12-31			21353	21349	0	1537	643	643		19	14	2	4	8	556	128	142	286	64	5	2	53	4	2422	111	5	1969	337	27	12	2	9	8		1		4	475	17	3	316	314		2		139	10	69	45	4064	13			3	2	8	10	471	1	1		304			212	3	89	95	18462	2	2		14	2	4	8	556	128	142	286	64	5	2	53	4	2422	111	5	1969	337	27	12	2	9	8		1		4	475	17	3	316	314		2		139	10	69	45	4064	13			3	2	8	10	471	1	1		304			212	3	89	95	18458	2	2																																																																1		1		56		56		3	1		2		205	56		149												0	0	0					0		4	0	167	1					1		16				56					56		1433			
los-andes	2024-12-31			2125	2125	0	1	341	341		1	6	1	4	1	13	1	11	1	31	1		30		81	2		79		5	4		1			1			15	14	0	1			1		0	14	15	61	37	3			1	1	1	3	232	1			6			1	2	3	8	1574	8			6	1	4	1	13	1	11	1	31	1		30		81	2		79		5	4		1			1			15	14	0	1			1		0	14	15	61	37	3			1	1	1	3	232	1			6			1	2	3	8	1574	8																																																																					0									0															0	0	0					0		1	0	1								1											1			
los-cordobas	2024-12-31			5146	5145	0	103	359	359		11	4			4	40			40	39	1		34	4	784	38		689	57	5	3		1	1				1	65	3	0	61	61				1	3	35	68	497							4	285	1									56	4398	1			4			4	40			40	39	1		34	4	783	38		688	57	5	3		1	1				1	65	3	0	61	61				1	3	35	68	497							4	285	1									56	4397	1																																																																					0				1			1		2			2												0	0	0					0		1	0	2								11											103			
los-palmitos	2024-12-31			121	121	0	1	81	81		1	1	1			2	2			5	1		4		6	2		4		2	1		1	1					2	1	0	1	1				0	2	3	3	3	1					1		47				1					1		53				1	1			2	2			5	1		4		6	2		4		2	1		1	1					2	1	0	1	1				0	2	3	3	3	1					1		47				1					1		53																																																																						0									0															0	0	0					0			0									1											1			
los-patios	2024-12-31			4726	4726	0	68	392	392		8	3	1		2	5	1		4	44			43	1	525			498	27	22	13	1	7	4	1	2		1	97	14	1	64	60	1	3		18	1	33	1	361	2				1	1	1	298				7				1	6	2	4009				3	1		2	5	1		4	44			43	1	525			498	27	22	13	1	7	4	1	2		1	97	14	1	64	60	1	3		18	1	33	1	361	2				1	1	1	298				7				1	6	2	4009																																																																						0				1			1		4			4												0	0	0					0			0									8											68			
los-santos	2024-12-31			14147	14147	0	132	1002	1002		6	15	1	6	8	198	16	107	75	70	1		68	1	863	3		855	5	54	34	3	17	12		4	1		289	85	5	199	193		5	1	0	46	55	611	1180	13		1	1	2	10	7	449	3			78		1	16	11	51	129	10197	4			15	1	6	8	198	16	107	75	70	1		68	1	863	3		855	5	54	34	3	17	12		4	1		289	85	5	199	193		5	1	0	46	55	611	1180	13		1	1	2	10	7	449	3			78		1	16	11	51	129	10197	4																																																																					0				1			1		28			28												0	0	0					0		1	0	28								6											132			
lourdes	2024-12-31			112	112	0	0	76	76							0				7			7		14			14												0	0	0					0		6	0	8								67											93								0				7			7		14			14												0	0	0					0		6	0	8								67											93																																																																																																																															
luruaco	2024-12-31			8990	8990	0	514	534	534		14	6	1	1	4	56	43	1	12	67	4		54	9	890	56		762	72	16	11		5	4		1			245	139	0	106	105		1		0	10	47	125	643	7				2	5	8	402	2			39				2	37	53	7364	4			6	1	1	4	56	43	1	12	67	4		54	9	890	56		762	72	16	11		5	4		1			245	139	0	106	105		1		0	10	47	125	643	7				2	5	8	402	2			39				2	37	53	7364	4																																																																					0				2			2		77			77												0	0	0					0		3	0	90								13											456			
macanal	2024-12-31			4361	4361	0	27	459	459		4	5		1	4	18		1	17	60			59	1	379			377	2	14	8	1	5	3		1	1		43	9	2	32	27		4	1	0	10	29	30	274	5				1	4	5	340	1			11				1	10	37	3133	3			5		1	4	18		1	17	60			59	1	379			377	2	14	8	1	5	3		1	1		43	9	2	32	27		4	1	0	10	29	30	274	5				1	4	5	340	1			11				1	10	37	3133	3																																																																					0				1			1		15			15												0	0	0					0		1	0	15								4											27			
macaravita	2024-12-31			50	50	0	0	29	29							0				1			1		2			2		3	3								3	3	0	0					0	1		1								1	14	1									4	27	1							0				1			1		2			2		3	3								3	3	0	0					0	1		1								1	14	1									4	27	1																																																																																																																														
maceo	2024-12-31			11105	11105	0	66	950	950		8	23	4	6	13	58	15	18	25	88	4	1	74	9	1049	8	5	981	55	17	9	1	6	5		1		1	86	12	1	68	65		3		5	61	44	306	621	12			2	1	9	10	690	3	1	1	24			5	1	18	21	7515	5	1	7	23	4	6	13	58	15	18	25	88	4	1	74	9	1049	8	5	981	55	17	9	1	6	5		1		1	86	12	1	68	65		3		5	61	44	306	621	12			2	1	9	10	690	3	1	1	24			5	1	18	21	7515	5	1	7																																																																			0				1			1		3			3												0	0	0					0		1	0	3								8											66			
macheta	2024-12-31			3064	3064	0	2	334	334		1	4		1	3	9		1	8	35	1		33	1	153	3		148	2	10	3	1	6	3	1	1	1		62	3	1	58	54	1	2	1	0	25	15	56	212	6				2	4	3	221				11				2	9	56	2428				4		1	3	9		1	8	35	1		33	1	153	3		148	2	10	3	1	6	3	1	1	1		62	3	1	58	54	1	2	1	0	25	15	56	212	6				2	4	3	221				11				2	9	56	2428																																																																						0									0															0	0	0					0			0									1											2			
madrid	2024-12-31			2029	2029	0	8	393	393		2	12	1	5	6	19	1	9	9	41	2		39		193	6		187		45	32	1	10	8	1	1		2	164	53	2	102	100	1	1		7	23	37	46	170	6				2	4	8	179				8				2	6	35	1417				12	1	5	6	19	1	9	9	41	2		39		193	6		187		45	32	1	10	8	1	1		2	164	53	2	102	100	1	1		7	23	37	46	170	6				2	4	8	179				8				2	6	35	1417																																																																						0				1			1		2			2												0	0	0					0		1	0	2								2											8			
magangue	2024-12-31			10051	10051	0	42	661	661		14	22	2	5	15	1442	541	18	883	55	3	1	42	9	257	12	2	204	39	34	21	1	9	7		2		3	159	87	6	23	19		4		43	34	27	1199	111	20			1	8	11	10	377	8	1		735			21	563	151	136	2636	425	1		22	2	5	15	1442	541	18	883	55	3	1	42	9	257	12	2	204	39	34	21	1	9	7		2		3	159	87	6	23	19		4		43	34	27	1199	111	20			1	8	11	10	377	8	1		735			21	563	151	136	2636	425	1																																																																1		1		3		3		3	1		2		9	3		6												0	0	0					0		1	0	5	1					1		11				3					3		36			
magui	2024-12-31			473	473	0	5	263	263		5	2		1	1	5		3	2	21			20	1	36			34	2	5	4		1			1			6	5	0	1			1		0	9	8	15	9	3				1	2	4	171	2			5				3	2	10	242	2			2		1	1	5		3	2	21			20	1	36			34	2	5	4		1			1			6	5	0	1			1		0	9	8	15	9	3				1	2	4	171	2			5				3	2	10	242	2																																																																					0									0															0	0	0					0			0									3											3			
mahates	2024-12-31			3042	3000	0	129	282	282		15	5		2	3	19		3	16	42	3	1	37	1	386	4	7	353	22	21	13	2	5	4		1		1	61	15	3	41	40		1		2	2	29	25	297	3					3	3	222	2			3					3	19	2571	2			5		2	3	19		3	16	42	3	1	37	1	386	4	7	353	22	21	13	2	5	4		1		1	61	15	3	41	40		1		2	2	29	25	297	3					3	3	222	2			3					3	19	2571	2																																																																	2		2		3		3		4	1		3		10	1		9												0	0	0					0		2	0	8	1					1		12				1					1		118			
maicao	2024-12-31			6162	6162	0	42	890	890		15	7		1	6	89		1	88	75	2	2	67	4	534	18	3	493	20	30	20		8	7		1		2	97	46	0	43	36		7		8	13	49	47	419	10				3	7	10	507	2			30				7	23	59	4034	4			7		1	6	89		1	88	75	2	2	67	4	534	18	3	493	20	30	20		8	7		1		2	97	46	0	43	36		7		8	13	49	47	419	10				3	7	10	507	2			30				7	23	59	4034	4																																																																					0				2			2		11			11												0	0	0					0		2	0	3								12											37			
majagual	2024-12-31			257	257	0	15	127	127		8	2		1	1	3		1	2	12	1		10	1	28	1		22	5	5	2		3	2		1			8	2	0	6	5		1		0		15	0	24	2					2	3	101				2					2	3	215				2		1	1	3		1	2	12	1		10	1	28	1		22	5	5	2		3	2		1			8	2	0	6	5		1		0		15	0	24	2					2	3	101				2					2	3	215																																																																						0									0															0	0	0					0			0									7											14			
malaga	2024-12-31			2924	2924	0	0	310	310			3		2	1	22		19	3	27	1		26		280	2		278		46	37	1	8	5	1	2			57	44	1	12	9	1	2		0	8	30	68	345	2				1	1	3	190				19				18	1	34	2296				3		2	1	22		19	3	27	1		26		280	2		278		46	37	1	8	5	1	2			57	44	1	12	9	1	2		0	8	30	68	345	2				1	1	3	190				19				18	1	34	2296																																																																																																																															
malambo	2024-12-31			2960	2960	0	87	331	331		16	3	1	1	1	9	1	1	7	37	1		34	2	275	2		263	10	21	17		3	2		1		1	246	206	0	39	38		1		1	2	32	22	183	4				2	2	3	258	1	1		62				2	60	37	2255	1	1		3	1	1	1	9	1	1	7	37	1		34	2	275	2		263	10	21	17		3	2		1		1	246	206	0	39	38		1		1	2	32	22	183	4				2	2	3	258	1	1		62				2	60	37	2255	1	1																																																																				0				2			2		4			4												0	0	0					0		2	0	3								13											71			
mallama	2024-12-31			11615	11615	0	4	1234	1234		3	22	3	10	9	73	3	55	15	70	2		67	1	675	2		655	18	33	29		4	4					57	47	0	10	10				0	33	22	76	586	16		2	2	6	8	18	447	2			18		4	2	6	10	72	7886	3			22	3	10	9	73	3	55	15	70	2		67	1	675	2		655	18	33	29		4	4					57	47	0	10	10				0	33	22	76	586	16		2	2	6	8	18	447	2			18		4	2	6	10	72	7886	3																																																																					0									0															0	0	0					0		1	0	1								3											4			
manati	2024-12-31			161	161	0	5	96	96		5					0				13		1	12		21		1	20		3			2	2				1	5	0	0	4	4				1	1	14	1	16								86											137								0				13		1	12		21		1	20		3			2	2				1	5	0	0	4	4				1	1	14	1	16								86											137																																																																						0				1			1		1			1												0	0	0					0		1	0	1								5											5			
manaure	2024-12-31			8742	8464	55	769	715	705	24	39	20	4	7	9	252	6	71	175	52	4		45	3	550	18		519	13	19	15		4	4					124	29	0	95	95				0	19	61	27	1489	18			2	4	12	13	415	2			151			4	6	141	341	6212	3			19	4	6	9	251	6	70	175	49	4		43	2	536	18		506	12	19	15		4	4					124	29	0	95	95				0	19	61	27	1489	18			2	4	12	13	409	2			151			4	6	141	341	6194	3			1			1	3			3	3			3		11			11												0	0	0					0		7	0	7	2					2	3	11				2					2	5	29				3	1	1	1	65	1	63	1	4			4		109			109												0	0	0					0		3	0	61	1					1		33				1					1		673			
manaure-balcon-del-cesar	2024-12-31			57403	57375	0	44	933	931		5	21	2	11	8	1881	80	337	1464	94	2		91	1	7118	638		6424	56	38	27	1	10	5		5			241	57	5	179	166		13		0	46	52	180	4909	23			2	11	10	11	507	5			1044			5	383	656	1472	47651	9			21	2	11	8	1881	80	337	1464	93	2		90	1	7108	638		6414	56	38	27	1	10	5		5			241	57	5	179	166		13		0	45	52	179	4908	23			2	11	10	11	506	5			1044			5	383	656	1472	47627	9																																																																					0				2			2		29			29												0	0	0					0		1	0	13								5											44			
mani	2024-12-31			33531	33531	0	1269	1015	1015		15	16	3	4	9	289	5	29	255	86	5	2	72	7	4311	119	8	3221	963	37	20	1	10	7		3		6	796	33	2	515	509		6		246	13	51	30	2587	10			1	3	6	9	690	5			140			1	11	128	359	28275	12			16	3	4	9	289	5	29	255	86	5	2	72	7	4311	119	8	3221	963	37	20	1	10	7		3		6	796	33	2	515	509		6		246	13	51	30	2587	10			1	3	6	9	690	5			140			1	11	128	359	28275	12																																																																					0				2			2		17			17												0	0	0					0		2	0	19								14											1069			
manizales	2024-12-31			1050993	1050993	0	1088	4319	4319		12	95	6	32	57	16929	30	5151	11748	215	7		200	8	137835	251		137447	137	487	417	8	62	37	4	20	1		11433	1999	31	9403	9278	27	92	6	0	270	80	15764	71306	69		3	2	22	45	34	1435	13	1	1	6363		20	2	121	6240	2615	909227	105	2	2	95	6	32	57	16929	30	5151	11748	215	7		200	8	137835	251		137447	137	487	417	8	62	37	4	20	1		11433	1999	31	9403	9278	27	92	6	0	270	80	15764	71306	69		3	2	22	45	34	1435	13	1	1	6363		20	2	121	6240	2615	909227	105	2	2																																																																			0				1			1		164			164												0	0	0					0		3	0	184								10											1084			
manta	2024-12-31			319	319	0	0	133	133							0				13			13		35			35		7	4		3	3					14	6	0	8	8				0	3	5	5	15							1	81										1	214								0				13			13		35			35		7	4		3	3					14	6	0	8	8				0	3	5	5	15							1	81										1	214																																																																																																																															
manzanares	2024-12-31			7854	7854	0	1	447	447		1	19	1	2	16	80	1	23	56	55	1		52	2	706	1		703	2	8	4		4	4					26	4	0	22	22				0	33	26	137	627	9			1		8	8	368	1			35			1		34	120	6651	2			19	1	2	16	80	1	23	56	55	1		52	2	706	1		703	2	8	4		4	4					26	4	0	22	22				0	33	26	137	627	9			1		8	8	368	1			35			1		34	120	6651	2																																																																					0									0															0	0	0					0			0									1											1			
mapiripan	2024-12-31			78334	78334	0	1469	941	941		11	9		2	7	198		13	185	90	6	2	77	5	10129	66	5	9854	204	14	8		3	3				3	389	9	0	247	247				133	13	54	28	3635	12				4	8	10	735	1			28				15	13	326	68376	2			9		2	7	198		13	185	90	6	2	77	5	10129	66	5	9854	204	14	8		3	3				3	389	9	0	247	247				133	13	54	28	3635	12				4	8	10	735	1			28				15	13	326	68376	2																																																																					0				1			1		232			232												0	0	0					0		1	0	232								10											1398			
margarita	2024-12-31			642	642	0	14	190	190		7	1			1	2			2	10		1	7	2	27		1	22	4	10	7		3	2		1			20	12	0	8	5		3		0	1	5	2	9								110											354				1			1	2			2	10		1	7	2	27		1	22	4	10	7		3	2		1			20	12	0	8	5		3		0	1	5	2	9								110											354																																																																						0				1			1		2			2												0	0	0					0		2	0	3								7											14			
maria-la-baja	2024-12-31			8829	8829	0	204	516	516		14	4		1	3	29		1	28	46	2	1	40	3	655	2	3	614	36	24	11	1	10	8		2		2	635	574	1	51	46		5		9	13	31	80	332	4				1	3	3	357	1	1		32				7	25	3	5315	4	2		4		1	3	29		1	28	46	2	1	40	3	655	2	3	614	36	24	11	1	10	8		2		2	635	574	1	51	46		5		9	13	31	80	332	4				1	3	3	357	1	1		32				7	25	3	5315	4	2																																																																				0				1			1		15			15												0	0	0					0		3	0	31								12											184			
marinilla	2024-12-31			5750	5750	0	61	554	554		4	8		4	4	17		8	9	55			53	2	407			370	37	65	53	2	10	6		4			277	82	3	192	184		8		0	29	39	131	501	8			1	2	5	6	324	1			15			1	3	11	13	4610	1			8		4	4	17		8	9	55			53	2	407			370	37	65	53	2	10	6		4			277	82	3	192	184		8		0	29	39	131	501	8			1	2	5	6	324	1			15			1	3	11	13	4610	1																																																																					0									0															0	0	0					0			0									4											61			
maripi	2024-12-31			180	180	0	0	87	87			2			2	2			2	6			6		13			13		2	2								3	3	0	0					0	4	4	8	4								55											110				2			2	2			2	6			6		13			13		2	2								3	3	0	0					0	4	4	8	4								55											110																																																																																																																															
marmato	2024-12-31			929	929	0	3	238	238		3	7		3	4	12		7	5	21	3		18		73	4		69		7	4		3	3					21	4	0	17	17				0	9	22	21	90	5					5		174	1			10					10		696	1			7		3	4	12		7	5	21	3		18		73	4		69		7	4		3	3					21	4	0	17	17				0	9	22	21	90	5					5		174	1			10					10		696	1																																																																					0									0															0	0	0					0			0									3											3			
marquetalia	2024-12-31			47757	47757	0	65	415	415		4	8		3	5	45		27	18	44	1		42	1	3339	1		3337	1	6	3		3	2		1			156	4	0	152	149		3		0	19	42	141	3207	3				2	1	8	347	1			8				3	5	64	41640	1			8		3	5	45		27	18	44	1		42	1	3339	1		3337	1	6	3		3	2		1			156	4	0	152	149		3		0	19	42	141	3207	3				2	1	8	347	1			8				3	5	64	41640	1																																																																					0				1			1		7			7												0	0	0					0		1	0	7								4											65			
marsella	2024-12-31			10232	10232	0	25	684	684		5	11	1	3	7	39	1	19	19	54	1		51	2	889	1		885	3	21	11	1	9	7		2			143	13	1	129	126		3		0	24	41	81	848	9				2	7	5	382	3			18				2	16	27	8023	4			11	1	3	7	39	1	19	19	54	1		51	2	889	1		885	3	21	11	1	9	7		2			143	13	1	129	126		3		0	24	41	81	848	9				2	7	5	382	3			18				2	16	27	8023	4																																																																					0				1			1		2			2												0	0	0					0		1	0	2								5											25			
marulanda	2024-12-31			6888	6888	0	0	394	394			13	1	2	10	80	1	2	77	52	2		49	1	791	2		788	1	8	5	1	2	2					49	17	2	30	30				0	31	10	88	112	10			1	1	8	2	261	1			43			1	1	41	11	5296	1			13	1	2	10	80	1	2	77	52	2		49	1	791	2		788	1	8	5	1	2	2					49	17	2	30	30				0	31	10	88	112	10			1	1	8	2	261	1			43			1	1	41	11	5296	1																																																																																																																														
matanza	2024-12-31			2023	2023	0	0	368	368			5		3	2	9		7	2	40			40		173			173		6	5		1	1					12	6	0	6	6				0	14	28	28	170	3				2	1	4	260	1			7				5	2	10	1537	1			5		3	2	9		7	2	40			40		173			173		6	5		1	1					12	6	0	6	6				0	14	28	28	170	3				2	1	4	260	1			7				5	2	10	1537	1																																																																																																																														
medellin	2024-12-31			317011	317010	0	766	5970	5970		12	110	18	34	58	1158	79	132	947	326	11	2	300	13	22509	778	4	21641	86	562	486	7	65	37	3	24	1	4	11589	4751	44	6782	5272	201	1271	38	12	382	82	5755	27422	78	1	2	8	19	51	37	1576	18		1	946	5	7	47	65	834	1110	197672	97		5	110	18	34	58	1158	79	132	947	326	11	2	300	13	22509	778	4	21641	86	562	486	7	65	37	3	24	1	4	11589	4751	44	6782	5272	201	1271	38	12	382	82	5755	27422	78	1	2	8	19	51	37	1576	18		1	946	5	7	47	65	834	1110	197671	97		5																																																																			0				1			1		46			46												0	0	0					0		2	0	61								11											765			
medina	2024-12-31			26390	26390	0	129	1916	1916		10	28	1	11	16	506	6	220	280	126	5	1	113	7	1884	109	3	1478	294	17	8		6	4		2		3	165	13	0	147	144		3		5	73	40	764	721	30			2	5	23	16	1026	8			554			7	193	354	234	12704	27			28	1	11	16	506	6	220	280	126	5	1	113	7	1884	109	3	1478	294	17	8		6	4		2		3	165	13	0	147	144		3		5	73	40	764	721	30			2	5	23	16	1026	8			554			7	193	354	234	12704	27																																																																					0				1			1		1			1												0	0	0					0		1	0	1								9											122			
medio-atrato	2024-12-31			4492	4492	0	63	744	744		10	28	2	5	21	92	6	21	65	67	6	2	52	7	263	7	5	214	37	18	11	1	4	3		1		2	32	21	2	4	3		1		5	46	20	243	76	18				2	16	8	487	9		3	62				22	40	16	2637	29		4	28	2	5	21	92	6	21	65	67	6	2	52	7	263	7	5	214	37	18	11	1	4	3		1		2	32	21	2	4	3		1		5	46	20	243	76	18				2	16	8	487	9		3	62				22	40	16	2637	29		4																																																																			0									0															0	0	0					0		1	0	9								9											62			
medio-baudo	2024-12-31			5297	5297	0	42	591	591		13	14	2	1	11	833	6	1	826	36	1	2	28	5	925	4	7	100	814	4	1		1	1				2	15	1	0	9	9				5	49	15	142	45	14			2	2	10	7	385	11		1	847			6	5	836	50	2215	20		2	14	2	1	11	833	6	1	826	36	1	2	28	5	925	4	7	100	814	4	1		1	1				2	15	1	0	9	9				5	49	15	142	45	14			2	2	10	7	385	11		1	847			6	5	836	50	2215	20		2																																																																			0				1			1		1			1												0	0	0					0		1	0	1								12											41			
medio-san-juan	2024-12-31			1325	1325	0	10	505	505		8	3			3	3			3	13	1		12		27	1		26		11	8		3	3					24	15	0	9	9				0	29	4	50	4	8				3	5	2	218	7		1	11				4	7	3	466	12		2	3			3	3			3	13	1		12		27	1		26		11	8		3	3					24	15	0	9	9				0	29	4	50	4	8				3	5	2	218	7		1	11				4	7	3	466	12		2																																																																			0									0															0	0	0					0			0									4											5			
melgar	2024-12-31			11063	11063	0	148	884	884		13	8		1	7	17		2	15	60	2	2	51	5	1025	8	3	925	89	40	23	2	14	9		5		1	176	39	3	132	127		5		2	24	46	240	598	3				1	2	3	511	1	1		9				2	7	5	8800	1	2		8		1	7	17		2	15	60	2	2	51	5	1025	8	3	925	89	40	23	2	14	9		5		1	176	39	3	132	127		5		2	24	46	240	598	3				1	2	3	511	1	1		9				2	7	5	8800	1	2																																																																				0				2			2		5			5												0	0	0					0		2	0	3								12											147			
mercaderes	2024-12-31			1581	1581	0	9	378	378		5	4		1	3	8		5	3	24	1		21	2	122	1		117	4	22	19		2	2				1	36	32	0	3	3				1	17	18	34	84	1					1	3	218				1					1	3	1086				4		1	3	8		5	3	24	1		21	2	122	1		117	4	22	19		2	2				1	36	32	0	3	3				1	17	18	34	84	1					1	3	218				1					1	3	1086																																																																		1			1	1			1	1			1		1			1												0	0	0					0		1	0	1								5											9			
mesetas	2024-12-31			18416	18415	0	232	1364	1364		12	11	1	4	6	72	2	9	61	116	5		106	5	2472	73		2161	238	53	37	2	13	6	1	6		1	450	96	3	344	330	1	13		7	33	47	95	1356	17				4	13	11	849	1			86				11	75	182	14509	5			11	1	4	6	72	2	9	61	116	5		106	5	2472	73		2161	238	53	37	2	13	6	1	6		1	450	96	3	344	330	1	13		7	33	47	95	1356	17				4	13	11	849	1			86				11	75	182	14509	5																																																																					0				1			1		21			21												0	0	0					0		2	0	27								10											229			
milan	2024-12-31			2703	2703	0	98	538	538		10	4	1		3	7	2		5	42	1		39	2	247	6		230	11	24	16		6	2	1	3		2	100	29	0	35	29	1	5		36	6	11	8	113	3					3	2	363	2			7					7	8	1958	3			4	1		3	7	2		5	42	1		39	2	247	6		230	11	24	16		6	2	1	3		2	100	29	0	35	29	1	5		36	6	11	8	113	3					3	2	363	2			7					7	8	1958	3																																																																	1	1			2	2			1			1		13			13												0	0	0					0	1	1	2	13								8	1										95	2		
miraflores-boy	2024-12-31			13256	13256	0	35	621	621		4	17		7	10	222		14	208	79	1		76	2	1178	5		1137	36	18	13		4	3		1		1	185	19	0	165	164		1		1	32	42	298	684	13			1	3	9	9	442	1			210			1	6	203	65	8435	1			17		7	10	222		14	208	79	1		76	2	1178	5		1137	36	18	13		4	3		1		1	185	19	0	165	164		1		1	32	42	298	684	13			1	3	9	9	442	1			210			1	6	203	65	8435	1																																																																					0				1			1		3			3												0	0	0					0		1	0	3								4											35			
miraflores-guv	2024-12-31			5750	5750	0	66	1006	1006		8	5			5	13			13	72	4		64	4	714	35		626	53	9	5		4	3		1			43	19	0	24	23		1		0	10	26	26	248	3					3	6	595	1			10					10	36	4010	1			5			5	13			13	72	4		64	4	714	35		626	53	9	5		4	3		1			43	19	0	24	23		1		0	10	26	26	248	3					3	6	595	1			10					10	36	4010	1																																																																					0									0															0	0	0					0			0									8											66			
miranda	2024-12-31			520	520	0	3	71	71		3	2		2		2		2		4			3	1	8			6	2	6	5		1	1					384	382	0	2	2				0	3	4	3	5	2				2			48	1			2				2			70	1			2		2		2		2		4			3	1	8			6	2	6	5		1	1					384	382	0	2	2				0	3	4	3	5	2				2			48	1			2				2			70	1																																																																					0									0															0	0	0					0			0									3											3			
miriti-parana	2024-12-31			13384	13384	0	19	2050	2050		7	5	1	3	1	1502	1262	239	1	34	1		33		1559	1		1558		24	19		3	1		2		2	1549	75	0	6	2		4		1468	14	5	38	9	9				1	8	6	973	2		1	233				16	217	12	3754	3		23	5	1	3	1	1502	1262	239	1	34	1		33		1559	1		1558		24	19		3	1		2		2	1549	75	0	6	2		4		1468	14	5	38	9	9				1	8	6	973	2		1	233				16	217	12	3754	3		23																																																																			0				1			1		3			3												0	0	0					0		1	0	3								4											9			
mistrato	2024-12-31			99840	99840	0	63	1694	1694		6	54	7	22	25	3233	19	400	2814	138	3		131	4	16810	350		16222	238	19	15		4	3	1				623	118	0	505	503	2			0	132	50	4621	5507	39			6	17	16	22	785	3			2371			17	67	2287	3120	76333	4			54	7	22	25	3233	19	400	2814	138	3		131	4	16810	350		16222	238	19	15		4	3	1				623	118	0	505	503	2			0	132	50	4621	5507	39			6	17	16	22	785	3			2371			17	67	2287	3120	76333	4																																																																					0				1			1		37			37												0	0	0					0		1	0	37								6											63			
mitu	2024-12-31			221471	221471	0	1464	3672	3672		13	13		3	10	38		14	24	158	6	1	146	5	34003	1394	1	31633	975	51	32		15	8		7		4	749	126	0	616	602		14		7	54	69	214	9424	26				5	21	21	1791	9		2	87				9	78	1208	185955	18		2	13		3	10	38		14	24	158	6	1	146	5	34003	1394	1	31633	975	51	32		15	8		7		4	749	126	0	616	602		14		7	54	69	214	9424	26				5	21	21	1791	9		2	87				9	78	1208	185955	18		2																																																																			0				1			1		49			49												0	0	0					0		1	0	49								12											1462			
mocoa	2024-12-31			142920	142919	0	749	3956	3955		11	47	4	17	26	1454	13	227	1214	208	8		196	4	15354	35		13839	1480	99	77	4	17	6	1	10		1	2121	156	7	1429	1401	3	25		529	119	61	594	9461	32		1	1	7	24	19	1740	12		1	560		5	9	11	540	953	117553	38		1	47	4	17	26	1454	13	227	1214	208	8		196	4	15354	35		13839	1480	99	77	4	17	6	1	10		1	2121	156	7	1429	1401	3	25		529	119	61	594	9461	32		1	1	7	24	19	1740	12		1	560		5	9	11	540	953	117553	38		1																																																																			0				1			1		84			84												0	0	0					0		1	0	84								10											739			
mogotes	2024-12-31			734	734	0	1	197	197		1	2			2	3			3	12			12		34			34		6	5		1	1					6	5	0	1	1				0	9	19	27	56	5				1	4	2	147	2			11				4	7	4	516	3			2			2	3			3	12			12		34			34		6	5		1	1					6	5	0	1	1				0	9	19	27	56	5				1	4	2	147	2			11				4	7	4	516	3																																																																					0									0															0	0	0					0			0									1											1			
molagavita	2024-12-31			499	499	0	0	104	104			5	1	1	3	6	2	1	3	21	1		19	1	48	2		45	1	2	1		1	1					2	1	0	1	1				0	6	8	11	19	3				1	2	2	61				4				1	3	4	396				5	1	1	3	6	2	1	3	21	1		19	1	48	2		45	1	2	1		1	1					2	1	0	1	1				0	6	8	11	19	3				1	2	2	61				4				1	3	4	396																																																																																																																															
momil	2024-12-31			462	462	0	42	180	180		10	6		4	2	39		32	7	13	1		10	2	47	11		25	11	9	5		4	3		1			27	19	0	8	7		1		0	4	21	6	40	4			1		3	3	138		1		16			1		15	5	302		1		6		4	2	39		32	7	13	1		10	2	47	11		25	11	9	5		4	3		1			27	19	0	8	7		1		0	4	21	6	40	4			1		3	3	138		1		16			1		15	5	302		1																																																																1		1		11		11		3	1		2		15	11		4												0	0	0					0		1	0	3	1					1		8				11					11		25			
mongua	2024-12-31			8688	8688	0	0	527	527			15	1	5	9	321	26	74	221	32	1		30	1	290	1		287	2	12	11	1							95	37	58	0					0	70	11	1302	67	19		1		8	11	8	182				385		1		139	246	64	3667				15	1	5	9	321	26	74	221	32	1		30	1	290	1		287	2	12	11	1							95	37	58	0					0	70	11	1302	67	19		1		8	11	8	182				385		1		139	246	64	3667																																																																																																																															
mongui	2024-12-31			3975	3975	0	0	504	504			11	2	2	7	69	3	3	63	27			27		290			290		26	19	2	5	3		2			82	31	39	12	5		7		0	62	10	313	54	10			2	3	5	6	154				20			2	4	14	117	1824				11	2	2	7	69	3	3	63	27			27		290			290		26	19	2	5	3		2			82	31	39	12	5		7		0	62	10	313	54	10			2	3	5	6	154				20			2	4	14	117	1824																																																																																																																															
moniquira	2024-12-31			5536	5536	0	15	644	644		3	14	1	6	7	84	1	10	73	66	1		64	1	330	2		325	3	31	22	1	8	5		3			61	28	1	32	29		3		0	48	35	229	418	10				6	4	5	331	3			53				21	32	42	3697	15			14	1	6	7	84	1	10	73	66	1		64	1	330	2		325	3	31	22	1	8	5		3			61	28	1	32	29		3		0	48	35	229	418	10				6	4	5	331	3			53				21	32	42	3697	15																																																																					0									0															0	0	0					0			0									3											15			
monitos	2024-12-31			4542	4541	1	116	316	315	1	10	8		4	4	16		4	12	42	1	1	39	1	573	1	2	551	19	2	1		1	1					49	1	0	48	48				0	2	56	59	497	4				1	3	10	245				4				1	3	59	3929				8		4	4	16		4	12	42	1	1	39	1	573	1	2	551	19	2	1		1	1					49	1	0	48	48				0	2	56	59	497	4				1	3	10	245				4				1	3	59	3929								0									0															0	0	0					0			0																												0				2			2		3			3												0	0	0					0		3	0	4								10											116			
montebello	2024-12-31			712	712	0	0	286	286			3			3	3			3	14	2		8	4	16	2		10	4	28	22		6	5		1			58	48	0	10	5		5		0	18	5	27	6	2					2	1	144	1			2					2	1	297	1			3			3	3			3	14	2		8	4	16	2		10	4	28	22		6	5		1			58	48	0	10	5		5		0	18	5	27	6	2					2	1	144	1			2					2	1	297	1																																																																																																																														
montecristo	2024-12-31			22883	22883	0	4	299	299		2	18	3	3	12	6540	359	37	6144	14		1	8	5	32		1	12	19	9	2	1	2	2				4	2151	4	654	18	18				1475	46	1	8241	2	7			1	1	5	4	196	4			1104			241	356	507	432	11998	4361			18	3	3	12	6540	359	37	6144	14		1	8	5	32		1	12	19	9	2	1	2	2				4	2151	4	654	18	18				1475	46	1	8241	2	7			1	1	5	4	196	4			1104			241	356	507	432	11998	4361																																																																	1	1			2	2								0															0	0	0					0			0		1					1		1				2					2		2			
montelibano	2024-12-31			15690	15690	0	250	1022	1022		12	19	2	7	10	153	35	42	76	105	5	2	90	8	1839	35	9	1573	222	32	22		9	6		2	1	1	197	44	0	152	147		4	1	1	23	56	238	1564	11			1	3	7	16	687	3			59			21	23	15	136	12471	10			19	2	7	10	153	35	42	76	105	5	2	90	8	1839	35	9	1573	222	32	22		9	6		2	1	1	197	44	0	152	147		4	1	1	23	56	238	1564	11			1	3	7	16	687	3			59			21	23	15	136	12471	10																																																																					0				2			2		17			17												0	0	0					0		2	0	10								12											250			
montenegro	2024-12-31			20469	20469	0	252	711	711		7	15		10	5	33		17	16	57	3		52	2	2275	16		2235	24	71	56	1	14	12		1	1		404	106	1	297	285		9	3	0	35	53	112	1183	9				4	5	6	404	3		1	14				6	8	22	17167	3		1	15		10	5	33		17	16	57	3		52	2	2275	16		2235	24	71	56	1	14	12		1	1		404	106	1	297	285		9	3	0	35	53	112	1183	9				4	5	6	404	3		1	14				6	8	22	17167	3		1																																																																			0				1			1		16			16												0	0	0					0		1	0	16								6											249			
monteria	2024-12-31			64008	64008	0	1606	1494	1494		23	35	5	7	23	547	18	63	466	118	7	2	101	8	7028	91	8	6442	487	131	101	2	24	14		9	1	4	1144	262	5	867	837		29	1	10	36	78	484	9352	18			1	5	12	23	824	10	1	1	79			1	11	67	253	54545	14	3	1	35	5	7	23	547	18	63	466	118	7	2	101	8	7028	91	8	6442	487	131	101	2	24	14		9	1	4	1144	262	5	867	837		29	1	10	36	78	484	9352	18			1	5	12	23	824	10	1	1	79			1	11	67	253	54545	14	3	1																																																																			0				2			2		67			67												0	0	0					0		3	0	59								19											1534			
monterrey	2024-12-31			14346	14346	0	127	694	694		9	7		1	6	28		3	25	69	1	2	63	3	1655	4	4	1501	146	23	9	2	9	4		5		3	199	12	3	158	150		8		26	8	45	11	1209	6				1	5	6	518	1			16				3	13	158	11978	1			7		1	6	28		3	25	69	1	2	63	3	1655	4	4	1501	146	23	9	2	9	4		5		3	199	12	3	158	150		8		26	8	45	11	1209	6				1	5	6	518	1			16				3	13	158	11978	1																																																																					0				1			1		7			7												0	0	0					0		1	0	7								8											118			
morales-bol	2024-12-31			2006	2006	0	1	462	462		1	7	1	2	4	33	4	15	14	40			38	2	185			182	3	13	6	1	5	3	1	1		1	38	12	1	23	7	2	14		2	14	27	52	129	5			1	2	2	4	342	1	1		16			4	7	5	9	1454	1	1		7	1	2	4	33	4	15	14	40			38	2	185			182	3	13	6	1	5	3	1	1		1	38	12	1	23	7	2	14		2	14	27	52	129	5			1	2	2	4	342	1	1		16			4	7	5	9	1454	1	1																																																																				0									0															0	0	0					0			0									1											1			
morales-cau	2024-12-31			1657	1657	0	3	314	314		2	3			3	6			6	29	1		28		117	2		115		5	2		3	3					27	4	0	23	23				0	26	17	49	65	2				1	1	3	224				4				1	3	3	1246				3			3	6			6	29	1		28		117	2		115		5	2		3	3					27	4	0	23	23				0	26	17	49	65	2				1	1	3	224				4				1	3	3	1246																																																																						0				1			1		1			1												0	0	0					0		1	0	1								2											3			
morelia	2024-12-31			14664	14664	0	138	1117	1117		8	8		1	7	92		3	89	85	4		75	6	1570	71		1243	256	22	14		7	5	1	1		1	207	27	0	113	109	2	2		67	14	37	17	701	8				1	7	9	656	12			89				3	86	81	11418	14			8		1	7	92		3	89	85	4		75	6	1570	71		1243	256	22	14		7	5	1	1		1	207	27	0	113	109	2	2		67	14	37	17	701	8				1	7	9	656	12			89				3	86	81	11418	14																																																																					0				1			1		15			15												0	0	0					0		1	0	15								8											138			
morichal	2024-12-31			285	285	0	0	136	136			1			1	5			5	8			8		12			12												0	0	0					0	2		5		2					2		68	1			3					3		122	2			1			1	5			5	8			8		12			12												0	0	0					0	2		5		2					2		68	1			3					3		122	2																																																																																																																														
morroa	2024-12-31			1218	1218	0	6	195	195		4	1		1		1		1		18			18		52			52		6	3		2	2				1	203	196	0	6	6				1	7	9	12	25	3			1	1	1	2	143	1			6			1	1	4	5	675	8			1		1		1		1		18			18		52			52		6	3		2	2				1	203	196	0	6	6				1	7	9	12	25	3			1	1	1	2	143	1			6			1	1	4	5	675	8																																																																					0									0															0	0	0					0			0									3											4			
mosquera-cun	2024-12-31			7085	7085	0	54	855	855		5	18	2	8	8	102	6	73	23	33	1		31	1	371	4		362	5	91	68	3	19	13	2	4		1	461	184	11	265	251	3	11		1	42	52	183	706	11				4	7	10	260	2			78				14	64	181	3406	3			18	2	8	8	102	6	73	23	33	1		31	1	371	4		362	5	91	68	3	19	13	2	4		1	461	184	11	265	251	3	11		1	42	52	183	706	11				4	7	10	260	2			78				14	64	181	3406	3																																																																					0				1			1		3			3												0	0	0					0		1	0	3								5											54			
mosquera-nar	2024-12-31			6261	5906	327	471	184	146	37	35	8	2	3	3	68	25	6	37	9	2		7		34	4		30		3		1	2	2					9	0	2	7	7				0	4	29	9	4599	8			2		6	5	127	1			125			5		120	127	5115	4			6	1	3	2	40	1	6	33	8	2		6		30	4		26		3		1	2	2					9	0	2	7	7				0	4	29	9	4599	7			1		6	5	94				121			1		120	127	4823				2		1	1	28	24		4	1			1		4			4												0	0	0					0			0		1			1				33	1			4			4				292	4			1	1			24	24			2			2		15			15												0	0	0					0		2	0	15								30	1										419	4		
motavita	2024-12-31			606	606	0	0	107	107			3		1	2	4		2	2	11			11		94			94		3	3								4	4	0	0					0	7	8	18	27							1	80										16	504				3		1	2	4		2	2	11			11		94			94		3	3								4	4	0	0					0	7	8	18	27							1	80										16	504																																																																																																																															
murillo	2024-12-31			37260	37260	0	4	1195	1195		1	32	1	10	21	417	23	145	249	76	3		73		3377	132		3245		40	27	2	11	7		4			283	39	6	238	234		4		0	69	33	572	897	25		1		7	18	12	512				395		2		11	384	365	18930	1			32	1	10	21	417	23	145	249	76	3		73		3377	132		3245		40	27	2	11	7		4			283	39	6	238	234		4		0	69	33	572	897	25		1		7	18	12	512				395		2		11	384	365	18930	1																																																																					0									0															0	0	0					0			0									1											4			
murindo	2024-12-31			403	403	0	2	138	138		2	5		1	4	15		4	11	3			3		3			3		1								1	2	0	0	0					2	17	3	67	4	2					2	2	104	3			4					4	12	266	4			5		1	4	15		4	11	3			3		3			3		1								1	2	0	0	0					2	17	3	67	4	2					2	2	104	3			4					4	12	266	4																																																																					0									0															0	0	0					0	1		1									1											1			
mutata	2024-12-31			36158	36158	0	164	1949	1949		12	33	5	6	22	1013	34	272	707	143	7		126	10	4986	41		4212	733	36	24		12	8		4			198	52	0	146	136		10		0	77	57	511	3575	26			2	4	20	27	1045	5		2	992			19	235	738	333	27447	17		4	33	5	6	22	1013	34	272	707	143	7		126	10	4986	41		4212	733	36	24		12	8		4			198	52	0	146	136		10		0	77	57	511	3575	26			2	4	20	27	1045	5		2	992			19	235	738	333	27447	17		4																																																																			0				2			2		64			64												0	0	0					0		3	0	39								12											164			
mutiscua	2024-12-31			503	503	0	0	190	190			7	3	1	3	10	4	1	5	11	1		9	1	35	1		33	1	11	9		2	1		1			19	17	0	2	1		1		0	17	4	27	10	8			3	2	3	4	94				11			4	2	5	10	278				7	3	1	3	10	4	1	5	11	1		9	1	35	1		33	1	11	9		2	1		1			19	17	0	2	1		1		0	17	4	27	10	8			3	2	3	4	94				11			4	2	5	10	278																																																																																																																															
muzo	2024-12-31			1778	1778	0	0	497	497			7	1	2	4	23	1	12	10	33		1	30	2	129		1	122	6	6			5	3		2		1	8	0	0	7	5		2		1	12	26	32	79	6			1		5	4	265	6			20			1		19	4	948	13			7	1	2	4	23	1	12	10	33		1	30	2	129		1	122	6	6			5	3		2		1	8	0	0	7	5		2		1	12	26	32	79	6			1		5	4	265	6			20			1		19	4	948	13																																																																																																																														
narino-ant	2024-12-31			3177	3177	0	17	738	738		5	14		6	8	38		18	20	57	2		50	5	193	10		178	5	20	10	3	7	4		3			76	20	5	51	12		39		0	51	22	130	140	10				3	7	4	426	2			16				4	12	10	1925	4			14		6	8	38		18	20	57	2		50	5	193	10		178	5	20	10	3	7	4		3			76	20	5	51	12		39		0	51	22	130	140	10				3	7	4	426	2			16				4	12	10	1925	4																																																																					0				1			1		4			4												0	0	0					0		1	0	4								5											17			
narino-cun	2024-12-31			1235	1235	0	5	433	433		3	2			2	3			3	8			8		16			16		40	35		5	4		1			88	72	0	16	12		4		0	15	10	38	30	2				1	1	2	184	2			10				8	2	3	480	2			2			2	3			3	8			8		16			16		40	35		5	4		1			88	72	0	16	12		4		0	15	10	38	30	2				1	1	2	184	2			10				8	2	3	480	2																																																																					0									0															0	0	0					0			0									3											5			
narino-nar	2024-12-31			1210	1210	0	0	215	215			5		2	3	18		2	16	7			7		28			28		9	7		2	2					20	12	0	8	8				0	5	4	18	19	3				2	1	1	111				3				2	1	2	858				5		2	3	18		2	16	7			7		28			28		9	7		2	2					20	12	0	8	8				0	5	4	18	19	3				2	1	1	111				3				2	1	2	858																																																																																																																															
nataga	2024-12-31			1237	1237	0	5	167	167		2	2			2	3			3	16			16		77			77		5			5	4		1			7	0	0	7	6		1		0	6	13	25	100	2				1	1	2	142	1			2				1	1	3	1000	1			2			2	3			3	16			16		77			77		5			5	4		1			7	0	0	7	6		1		0	6	13	25	100	2				1	1	2	142	1			2				1	1	3	1000	1																																																																					0									0															0	0	0					0			0									2											5			
natagaima	2024-12-31			4525	4525	0	101	538	538		9	5		1	4	14		2	12	39			36	3	243			205	38	9	3		5	4		1		1	49	5	0	43	41		2		1	39	27	348	190	5					5	1	383	3			13					13	2	3341	5			5		1	4	14		2	12	39			36	3	243			205	38	9	3		5	4		1		1	49	5	0	43	41		2		1	39	27	348	190	5					5	1	383	3			13					13	2	3341	5																																																																					0				1			1		11			11												0	0	0					0		1	0	11								9											101			
nechi	2024-12-31			44678	44677	0	242	650	649		14	30	5	5	20	29789	4446	423	24920	73	7		56	10	417	19		347	51	15	3	1	8	8				3	1209	5	106	47	47				1051	57	35	24067	263	14			3	1	10	13	497	8			8389			1186	4312	2891	1830	13096	14102			30	5	5	20	29789	4446	423	24920	73	7		56	10	417	19		347	51	15	3	1	8	8				3	1209	5	106	47	47				1051	57	35	24067	263	14			3	1	10	13	496	8			8389			1186	4312	2891	1830	13095	14102																																																																	1	1			125	125			2			2		5			5												0	0	0					0	1	2	19	7	1					1		13				125					125		117			
necocli	2024-12-31			34184	34131	12	908	918	905	12	33	20	2	6	12	375	59	71	245	78	4	1	66	7	3912	174	6	3495	237	47	34		12	7		5		1	456	52	0	401	391		10		3	16	82	196	6179	12				3	9	14	594	3	1		40				3	37	252	28890	8	1		20	2	6	12	374	59	70	245	78	4	1	66	7	3912	174	6	3495	237	47	34		12	7		5		1	455	51	0	401	391		10		3	16	82	196	6179	12				3	9	13	584	3	1		40				3	37	251	28871	8	1						0									0															0	0	0					0			0								1	10										1	10				1			1	1			1	2			2		242			242												0	0	0					0		3	0	78								28											902			
neira	2024-12-31			38795	38795	0	88	1035	1035		6	26	1	9	16	478	1	164	313	93	4		87	2	3615	4		3536	75	48	30	3	15	8		7			607	35	4	568	558		10		0	61	48	1033	4274	16				6	10	11	660	6			87				15	72	233	33277	16			26	1	9	16	478	1	164	313	93	4		87	2	3615	4		3536	75	48	30	3	15	8		7			607	35	4	568	558		10		0	61	48	1033	4274	16				6	10	11	660	6			87				15	72	233	33277	16																																																																					0				1			1		4			4												0	0	0					0		1	0	4								6											88			
neiva	2024-12-31			71278	71278	0	1036	1890	1890		13	19	2	6	11	145	11	10	124	85	2	3	75	5	3173	9	13	2889	262	115	89	2	22	13		8	1	2	1021	309	44	663	599		57	7	5	48	56	724	1978	20				5	15	7	736	4	1		116				7	109	59	26853	39	4		19	2	6	11	145	11	10	124	85	2	3	75	5	3173	9	13	2889	262	115	89	2	22	13		8	1	2	1021	309	44	663	599		57	7	5	48	56	724	1978	20				5	15	7	736	4	1		116				7	109	59	26853	39	4																																																																1		1		1		1		2		1	1		147		1	146												0	0	0					0		2	0	148	1					1		11				1					1		1031			
nemocon	2024-12-31			1214	1214	0	3	281	281		1	3			3	5			5	31	1		30		122	2		120		19	13	1	4	3	1			1	57	20	3	33	32	1			1	21	9	67	34	3				1	2	3	110				4				2	2	21	669				3			3	5			5	31	1		30		122	2		120		19	13	1	4	3	1			1	57	20	3	33	32	1			1	21	9	67	34	3				1	2	3	110				4				2	2	21	669																																																																						0									0															0	0	0					0			0									1											3			
nilo	2024-12-31			31261	31261	0	342	901	901		6	14	1	3	10	58	2	4	52	74	4	1	65	4	2414	8	2	2243	161	36	20	1	15	9		6			208	31	1	176	169		7		0	35	53	944	2095	7				3	4	7	572	1			10				3	7	72	27653	2			14	1	3	10	58	2	4	52	74	4	1	65	4	2414	8	2	2243	161	36	20	1	15	9		6			208	31	1	176	169		7		0	35	53	944	2095	7				3	4	7	572	1			10				3	7	72	27653	2																																																																					0				1			1		5			5												0	0	0					0		1	0	5								6											342			
nimaima	2024-12-31			4726	4726	0	32	304	304		7	1			1	1			1	35		1	32	2	417		1	413	3	17	11	1	4	3		1		1	135	94	1	39	36		3		1	5	42	48	344							4	242										4	3555				1			1	1			1	35		1	32	2	417		1	413	3	17	11	1	4	3		1		1	135	94	1	39	36		3		1	5	42	48	344							4	242										4	3555																																																																						0				1			1		5			5												0	0	0					0		1	0	5								7											32			
nobsa	2024-12-31			668	668	0	2	105	105		2	2		1	1	10		9	1	10	1		9		42	2		40		11	5	2	4	4					67	5	44	18	18				0	3	19	15	97	1				1		4	76				9				9		36	556				2		1	1	10		9	1	10	1		9		42	2		40		11	5	2	4	4					67	5	44	18	18				0	3	19	15	97	1				1		4	76				9				9		36	556																																																																						0									0															0	0	0					0			0									1											1			
nocaima	2024-12-31			12091	12091	0	41	1312	1312		8	8	1	3	4	20	5	3	12	55	1	1	47	6	783	3	13	747	20	78	60	2	14	5		8	1	2	244	99	7	124	103		20	1	14	22	33	124	300	4		1		2	2	4	393	1			4		1		2	2	8	6012	1			8	1	3	4	20	5	3	12	55	1	1	47	6	783	3	13	747	20	78	60	2	14	5		8	1	2	244	99	7	124	103		20	1	14	22	33	124	300	4		1		2	2	4	393	1			4		1		2	2	8	6012	1																																																																					0				1			1		5			5												0	0	0					0		1	0	5								8											41			
norcasia	2024-12-31			20509	20509	0	208	1452	1452		10	33	1	10	22	429	3	135	291	88	1	1	79	7	1831	221	2	1553	55	31	20	2	8	5		3		1	194	27	4	151	147		4		12	141	43	1635	1250	22		1	1	4	17	15	917	9			76		2	1	12	63	61	15649	44			33	1	10	22	429	3	135	291	88	1	1	79	7	1831	221	2	1553	55	31	20	2	8	5		3		1	194	27	4	151	147		4		12	141	43	1635	1250	22		1	1	4	17	15	917	9			76		2	1	12	63	61	15649	44																																																																					0				1			1		33			33												0	0	0					0		1	0	33								9											207			
norosi	2024-12-31			487	487	0	6	225	225		4	3		1	2	4		2	2	23	1		22		46	1		45		2			2	1		1			8	0	0	8	1		7		0	7	21	20	47	2					2	2	208				2					2	2	430				3		1	2	4		2	2	23	1		22		46	1		45		2			2	1		1			8	0	0	8	1		7		0	7	21	20	47	2					2	2	208				2					2	2	430																																																																						0									0															0	0	0					0			0									4											6			
novita	2024-12-31			1706	1679	1	3	589	588	1	2	6		2	4	9		2	7	11			10	1	19			18	1	8	7		1	1					17	15	0	2	2				0	51	1	122	1	3				1	2	5	155	3			4				1	3	7	345	7			6		2	4	9		2	7	11			10	1	19			18	1	8	7		1	1					17	15	0	2	2				0	51	1	121	1	3				1	2	5	155	3			4				1	3	7	343	7							0									0															0	0	0					0			0																												0									0															0	0	0					0			0									1											1			
nueva-granada	2024-12-31			4199	4199	0	20	295	295		5	2		1	1	69		43	26	28			27	1	159			153	6	14	9		4	3		1		1	296	280	0	14	12		2		2	4	13	32	37	5				2	3	3	217				116				46	70	3	2346				2		1	1	69		43	26	28			27	1	159			153	6	14	9		4	3		1		1	296	280	0	14	12		2		2	4	13	32	37	5				2	3	3	217				116				46	70	3	2346																																																																						0									0															0	0	0					0			0									3											13			
nuevo-colon	2024-12-31			1896	1896	0	0	108	108			1			1	1			1	14			14		49			49		5	3		2	2					227	218	0	9	9				0	4	1	5	3	1					1	2	73				1					1	2	339				1			1	1			1	14			14		49			49		5	3		2	2					227	218	0	9	9				0	4	1	5	3	1					1	2	73				1					1	2	339																																																																																																																															
nunchia	2024-12-31			18681	18681	0	151	977	977		14	11	1	4	6	98	4	35	59	88	2	2	80	4	1177	17	31	1045	84	36	18		14	11		3		4	346	137	0	200	196		4		9	20	42	125	374	16			1	1	14	9	695	4			169			4	1	164	62	8874	36			11	1	4	6	98	4	35	59	88	2	2	80	4	1177	17	31	1045	84	36	18		14	11		3		4	346	137	0	200	196		4		9	20	42	125	374	16			1	1	14	9	695	4			169			4	1	164	62	8874	36																																																																	1		1		1		1		2			2		4			4												0	0	0					0		1	0	3								12											146			
nuqui	2024-12-31			40706	32643	1702	1633	2303	2062	245	79	41	4	9	28	373	19	243	111	149	13	2	125	9	2780	111	5	2516	148	26	16		9	4		5		1	143	42	0	99	88		11		2	93	78	505	3039	41			6	4	31	31	1144	18	1	3	526			35	28	463	406	23156	51	1	4	36	4	9	23	314	19	205	90	143	12	2	120	9	2639	104	5	2383	147	26	16		9	4		5		1	142	41	0	99	88		11		2	91	77	474	3010	37			6	4	27	29	986	14	1	2	292			35	28	229	401	19465	44	1	2	6	1		5	43		37	6	7	1		6		48	1		47		1	1								1	1	0	0					0		18	0	553	8					8	5	168	4			260					260	71	1116	5							0				3			3		351			351												0	0	0					0		4	0	106								65	3										1540	25		
obando	2024-12-31			1677	1677	0	53	281	281		11	5		3	2	8		6	2	23			21	2	138			121	17	5	1	1	3	3					28	1	1	26	26				0	16	36	35	170	3				1	2	1	225	3			3				1	2	1	1345	3			5		3	2	8		6	2	23			21	2	138			121	17	5	1	1	3	3					28	1	1	26	26				0	16	36	35	170	3				1	2	1	225	3			3				1	2	1	1345	3																																																																					0				1			1		1			1												0	0	0					0		2	0	3								9											50			
ocamonte	2024-12-31			420	420	0	0	94	94			2		1	1	3		1	2	5			5		20			20		2			2	2					2	0	0	2	2				0	4	13	14	33	2				1	1		74	1			3				1	2		333	2			2		1	1	3		1	2	5			5		20			20		2			2	2					2	0	0	2	2				0	4	13	14	33	2				1	1		74	1			3				1	2		333	2																																																																																																																														
ocana	2024-12-31			19822	19822	0	9	808	808		4	22	3	8	11	471	3	33	435	93	2		88	3	1117	3		1095	19	9	6		3	2		1			62	9	0	53	52		1		0	51	46	141	1670	13			2	4	7	12	521	8			427			2	409	16	35	15977	25			22	3	8	11	471	3	33	435	93	2		88	3	1117	3		1095	19	9	6		3	2		1			62	9	0	53	52		1		0	51	46	141	1670	13			2	4	7	12	521	8			427			2	409	16	35	15977	25																																																																					0									0															0	0	0					0			0									4											9			
oiba	2024-12-31			1135	1135	0	8	227	227		4	3		1	2	6		4	2	17			17		61			61		14	7		7	6		1			20	8	0	12	11		1		0	11	24	36	83	3				2	1	2	139	3			7				6	1	8	607	3			3		1	2	6		4	2	17			17		61			61		14	7		7	6		1			20	8	0	12	11		1		0	11	24	36	83	3				2	1	2	139	3			7				6	1	8	607	3																																																																					0				1			1		4			4												0	0	0					0		1	0	4								4											8			
oicata	2024-12-31			163	163	0	1	52	52		1	2		1	1	2		1	1	6			6		10			10		7	3	2	2	1		1			22	3	15	4	3		1		0	3	6	3	13	1					1	2	39	1			1					1	7	116	1			2		1	1	2		1	1	6			6		10			10		7	3	2	2	1		1			22	3	15	4	3		1		0	3	6	3	13	1					1	2	39	1			1					1	7	116	1																																																																					0									0															0	0	0					0			0									1											1			
olaya	2024-12-31			6302	6302	0	243	397	397		11	11		3	8	51		7	44	46	2	1	37	6	559	5	2	530	22	19	10	2	6	5		1		1	85	12	3	69	68		1		1	28	39	280	596	8			2		6	1	314	2			35			8		27	3	4166	12			11		3	8	51		7	44	46	2	1	37	6	559	5	2	530	22	19	10	2	6	5		1		1	85	12	3	69	68		1		1	28	39	280	596	8			2		6	1	314	2			35			8		27	3	4166	12																																																																					0				1			1		50			50												0	0	0					0		3	0	52								11											243			
olaya-herrera	2024-12-31			2811	2806	0	93	191	191		3	3		2	1	89		2	87	10			10		22			22		13	9		4	3		1			15	10	0	5	4		1		0	2	27	2	2041	4					4	5	121			1	138					138	47	2229			1	3		2	1	89		2	87	10			10		22			22		13	9		4	3		1			15	10	0	5	4		1		0	2	27	2	2041	4					4	5	121			1	138					138	47	2229			1																																																																			0				1			1		2			2												0	0	0					0			0									3											93			
onzaga	2024-12-31			5370	5370	0	0	621	621			22	1	6	15	186	1	67	118	45			45		276			276		18	13	3	2	1		1			142	137	3	2	1		1		0	56	21	394	145	16			1	4	11	6	322	1			80			1	57	22	57	3202	2			22	1	6	15	186	1	67	118	45			45		276			276		18	13	3	2	1		1			142	137	3	2	1		1		0	56	21	394	145	16			1	4	11	6	322	1			80			1	57	22	57	3202	2																																																																																																																														
oporapa	2024-12-31			1124	1124	0	0	216	216			6		1	5	18		1	17	24			24		105			105		5	4		1	1					8	4	0	4	4				0	6	10	28	47	2				2		3	181				9				9		12	750				6		1	5	18		1	17	24			24		105			105		5	4		1	1					8	4	0	4	4				0	6	10	28	47	2				2		3	181				9				9		12	750																																																																																																																															
orito	2024-12-31			91583	91583	0	131	2187	2187		9	19		5	14	281		27	254	127	5	1	114	7	12261	68	1	11296	896	21	12		6	3		3		3	233	39	0	187	183		4		7	55	45	200	3591	14				2	12	16	1201	7			86				2	84	329	75836	54			19		5	14	281		27	254	127	5	1	114	7	12261	68	1	11296	896	21	12		6	3		3		3	233	39	0	187	183		4		7	55	45	200	3591	14				2	12	16	1201	7			86				2	84	329	75836	54																																																																					0				1			1		27			27												0	0	0					0		1	0	27								8											128			
orocue	2024-12-31			58486	58486	0	1207	1360	1360		15	21	2	4	15	985	6	19	960	97	9	2	78	8	3264	316	113	2433	402	43	25		12	10		2		6	27182	26270	0	736	730		6		176	15	47	164	1360	14			1	3	10	8	866	6			546			5	21	520	148	22345	20			21	2	4	15	985	6	19	960	97	9	2	78	8	3264	316	113	2433	402	43	25		12	10		2		6	27182	26270	0	736	730		6		176	15	47	164	1360	14			1	3	10	8	866	6			546			5	21	520	148	22345	20																																																																	1		1		1		1		2	1		1		25	1		24												0	0	0					0		2	0	26	1					1		13				1					1		1144			
ortega	2024-12-31			502	502	0	4	236	236		3	3			3	3			3	8			7	1	11			10	1	6	3		3	2		1			8	3	0	5	4		1		0	23	3	36	4	3			1	1	1		151	2			3			1	1	1		237	3			3			3	3			3	8			7	1	11			10	1	6	3		3	2		1			8	3	0	5	4		1		0	23	3	36	4	3			1	1	1		151	2			3			1	1	1		237	3																																																																					0									0															0	0	0					0			0									3											4			
ospina	2024-12-31			808	808	0	0	129	129			3		2	1	8		6	2	20			20		171			171		2			2	2					25	0	0	25	25				0	1	4	1	29								92											660				3		2	1	8		6	2	20			20		171			171		2			2	2					25	0	0	25	25				0	1	4	1	29								92											660																																																																																																																															
otanche	2024-12-31			18113	18113	0	62	1134	1134		7	14	3	4	7	180	12	109	59	69			64	5	892			865	27	41	29		12	5	1	6			62	32	0	30	23	1	6		0	60	39	493	814	13			1	6	6	9	586	3		1	54			8	20	26	75	8125	3		2	14	3	4	7	180	12	109	59	69			64	5	892			865	27	41	29		12	5	1	6			62	32	0	30	23	1	6		0	60	39	493	814	13			1	6	6	9	586	3		1	54			8	20	26	75	8125	3		2																																																																			0									0															0	0	0					0			0									5											59			
ovejas	2024-12-31			2630	2630	0	11	411	411		8	3			3	4			4	49	3		41	5	354	4		210	140	11	6		5	3		2			32	21	0	11	8		3		0	5	23	15	54	2					2	3	298	1			2					2	16	1575	1			3			3	4			4	49	3		41	5	354	4		210	140	11	6		5	3		2			32	21	0	11	8		3		0	5	23	15	54	2					2	3	298	1			2					2	16	1575	1																																																																					0				1			1		1			1												0	0	0					0		1	0	1								6											9			
pachavita	2024-12-31			1740	1740	0	0	228	228			3			3	9			9	26	1		25		69	5		64		6	3	1	2	2					31	12	2	17	17				0	13	7	22	31	5					5	3	169				26					26	18	725				3			3	9			9	26	1		25		69	5		64		6	3	1	2	2					31	12	2	17	17				0	13	7	22	31	5					5	3	169				26					26	18	725																																																																																																																															
pacho	2024-12-31			47897	47897	0	58	1464	1464		5	28	6	12	10	85	6	33	46	95	1		93	1	3147	1		3145	1	47	38	1	7	5		1	1	1	1138	50	1	1085	1083		1	1	2	95	50	988	3478	25			3	9	13	10	608	3	1	1	86			3	28	55	419	38540	6	1	1	28	6	12	10	85	6	33	46	95	1		93	1	3147	1		3145	1	47	38	1	7	5		1	1	1	1138	50	1	1085	1083		1	1	2	95	50	988	3478	25			3	9	13	10	608	3	1	1	86			3	28	55	419	38540	6	1	1																																																																			0				1			1		8			8												0	0	0					0		1	0	8								5											58			
pacoa	2024-12-31			11174	11174	0	29	2454	2454		9	7		3	4	19		3	16	97	6	2	82	7	573	52	25	467	29	15	14							1	41	39	0	0					2	50	17	190	54	15				3	12	9	1147	4		2	43				3	40	16	4892	7		4	7		3	4	19		3	16	97	6	2	82	7	573	52	25	467	29	15	14							1	41	39	0	0					2	50	17	190	54	15				3	12	9	1147	4		2	43				3	40	16	4892	7		4																																																																			0				1			1		1			1												0	0	0					0		1	0	1								8											28			
pacora	2024-12-31			3233	3233	0	2	449	449		1	8	4		4	13	5		8	37	3		32	2	181	5		174	2	14	8	2	4	3		1			50	17	2	31	30		1		0	27	23	91	147	8			2	1	5	2	326	2			12			2	1	9	3	2323	15			8	4		4	13	5		8	37	3		32	2	181	5		174	2	14	8	2	4	3		1			50	17	2	31	30		1		0	27	23	91	147	8			2	1	5	2	326	2			12			2	1	9	3	2323	15																																																																					0									0															0	0	0					0			0									1											2			
padilla	2024-12-31			54	54	0	0	47	47							0				5			5		5			5		1			1	1					1	0	0	1	1				0		2	0	2								42											42								0				5			5		5			5		1			1	1					1	0	0	1	1				0		2	0	2								42											42																																																																																																																															
paez-boy	2024-12-31			2994	2994	0	5	417	417		3	3	1		2	10	2		8	37			35	2	219			205	14	11	7		4	3		1			47	9	0	38	37		1		0	14	25	35	194	8			1		7	7	294	1			30			2		28	27	2286	2			3	1		2	10	2		8	37			35	2	219			205	14	11	7		4	3		1			47	9	0	38	37		1		0	14	25	35	194	8			1		7	7	294	1			30			2		28	27	2286	2																																																																					0									0															0	0	0					0			0									3											5			
paez-cau	2024-12-31			4664	4664	0	17	508	508		4	11	1	3	7	24	1	10	13	51	2		48	1	364	9		353	2	9	6		3	2		1			38	6	0	32	31		1		0	23	24	89	186	8			1	1	6	3	318	2			25			1	1	23	9	3683	2			11	1	3	7	24	1	10	13	51	2		48	1	364	9		353	2	9	6		3	2		1			38	6	0	32	31		1		0	23	24	89	186	8			1	1	6	3	318	2			25			1	1	23	9	3683	2																																																																					0				1			1		2			2												0	0	0					0		1	0	2								4											17			
paicol	2024-12-31			2454	2454	0	15	419	419		3	5		1	4	16		1	15	44			41	3	299			274	25	13	8		5	5					24	8	0	16	16				0	15	21	81	118	5				2	3	4	287	2			14				2	12	6	1828	3			5		1	4	16		1	15	44			41	3	299			274	25	13	8		5	5					24	8	0	16	16				0	15	21	81	118	5				2	3	4	287	2			14				2	12	6	1828	3																																																																					0									0															0	0	0					0			0									3											15			
pailitas	2024-12-31			447	447	0	8	189	189		8	2			2	2			2	24			23	1	43			42	1	2			1	1				1	7	0	0	5	5				2	9	23	28	46	4				1	3	1	163	2			5				1	4	1	381	5			2			2	2			2	24			23	1	43			42	1	2			1	1				1	7	0	0	5	5				2	9	23	28	46	4				1	3	1	163	2			5				1	4	1	381	5																																																																					0				1			1		1			1												0	0	0					0			0									7											7			
paime	2024-12-31			2161	2161	0	3	268	268		2	2		1	1	3		1	2	23			21	2	169			167	2	4	3		1	1					4	3	0	1	1				0	5	24	12	547	1				1		4	211	2			1				1		5	1818	3			2		1	1	3		1	2	23			21	2	169			167	2	4	3		1	1					4	3	0	1	1				0	5	24	12	547	1				1		4	211	2			1				1		5	1818	3																																																																					0				1			1		2			2												0	0	0					0		1	0	2								2											3			
paipa	2024-12-31			14376	14376	0	214	1056	1056		8	35	4	12	19	190	15	53	122	84	3		79	2	813	11		749	53	83	55	7	21	14	1	6			549	136	165	248	231	6	11		0	96	47	561	1017	34		1	4	10	20	12	456	2			146		1	8	56	82	290	9267	17			35	4	12	19	190	15	53	122	84	3		79	2	813	11		749	53	83	55	7	21	14	1	6			549	136	165	248	231	6	11		0	96	47	561	1017	34		1	4	10	20	12	456	2			146		1	8	56	82	290	9267	17																																																																					0				1			1		24			24												0	0	0					0		2	0	42								6											211			
pajarito	2024-12-31			20603	20603	0	16	1268	1268		5	19	1	8	10	170	1	123	46	82	3	1	74	4	1647	5	2	1576	64	20	10	2	5	5				3	191	16	8	163	163				4	59	39	336	1674	20		1	1	5	14	9	634	5			200		2	1	116	83	129	9872	10			19	1	8	10	170	1	123	46	82	3	1	74	4	1647	5	2	1576	64	20	10	2	5	5				3	191	16	8	163	163				4	59	39	336	1674	20		1	1	5	14	9	634	5			200		2	1	116	83	129	9872	10																																																																					0				1			1		2			2												0	0	0					0		1	0	2								5											16			
palermo	2024-12-31			12229	12229	0	646	633	633		12	6		1	5	15		1	14	58	1	2	49	6	1378	3	9	1213	153	33	23	1	8	3		5		1	327	33	1	289	282		7		4	20	47	184	924	6				1	5	7	401	1	1		51				2	49	45	10493	6	2		6		1	5	15		1	14	58	1	2	49	6	1378	3	9	1213	153	33	23	1	8	3		5		1	327	33	1	289	282		7		4	20	47	184	924	6				1	5	7	401	1	1		51				2	49	45	10493	6	2																																																																				0				1			1		128			128												0	0	0					0		2	0	133								10											641			
palestina-cal	2024-12-31			19593	19593	0	231	910	910		11	6		3	3	11		4	7	60	1		57	2	2017	1		1962	54	120	94	3	22	16		5	1	1	564	220	6	337	323		12	2	1	26	49	144	1618	6				1	5	3	426	5		1	8				2	6	8	15789	6		1	6		3	3	11		4	7	60	1		57	2	2017	1		1962	54	120	94	3	22	16		5	1	1	564	220	6	337	323		12	2	1	26	49	144	1618	6				1	5	3	426	5		1	8				2	6	8	15789	6		1																																																																			0				1			1		67			67												0	0	0					0		1	0	67								9											222			
palestina-hui	2024-12-31			61328	61328	0	346	937	937		4	24	2	9	13	1634	8	15	1611	82	1		79	2	7955	1		7952	2	29	23		6	3		3			490	36	0	454	449		5		0	62	43	3809	3453	19			1	7	11	14	531	5		1	243			7	22	214	1581	48177	8		5	24	2	9	13	1634	8	15	1611	82	1		79	2	7955	1		7952	2	29	23		6	3		3			490	36	0	454	449		5		0	62	43	3809	3453	19			1	7	11	14	531	5		1	243			7	22	214	1581	48177	8		5																																																																			0				1			1		9			9												0	0	0					0		1	0	9								4											346			
palmar	2024-12-31			129	129	0	3	50	50		2	1	1			2	2			7			7		18			18												0	0	0					0	2	7	6	18	1			1				44				2			2				115				1	1			2	2			7			7		18			18												0	0	0					0	2	7	6	18	1			1				44				2			2				115																																																																						0				1			1		2			2												0	0	0					0		1	0	2								2											3			
palmar-de-varela	2024-12-31			199	199	0	1	137	137		1	2			2	2			2	6			5	1	10			9	1	7	7								7	7	0	0					0	4	3	6	3	3					3		78	1	1		3					3		109	1	2		2			2	2			2	6			5	1	10			9	1	7	7								7	7	0	0					0	4	3	6	3	3					3		78	1	1		3					3		109	1	2																																																																				0									0															0	0	0					0			0									1											1			
palmas-del-socorro	2024-12-31			806	806	0	0	128	128			2		1	1	3		1	2	12			12		47			47		2			2	1		1			4	0	0	4	2		2		0	4	24	18	108							3	108										4	678				2		1	1	3		1	2	12			12		47			47		2			2	1		1			4	0	0	4	2		2		0	4	24	18	108							3	108										4	678																																																																																																																															
palmira	2024-12-31			77433	77432	0	1555	2346	2346		14	50	1	16	33	395	1	269	125	130	5		119	6	7184	37		6485	662	204	164	4	34	21		13		2	2236	383	7	1844	1815		29		2	131	74	1115	5427	42			2	11	29	16	1021	10	1		290			2	34	254	254	57091	20	2		50	1	16	33	395	1	269	125	130	5		119	6	7184	37		6485	662	204	164	4	34	21		13		2	2235	382	7	1844	1815		29		2	131	74	1115	5427	42			2	11	29	16	1021	10	1		290			2	34	254	254	57091	20	2																																																																				0				1			1		69			69												0	0	0					0		2	0	74								12											1345			
palmito	2024-12-31			1290	1290	0	35	236	236		15	2			2	9			9	35	2		29	4	178	3		163	12	3	2		1	1					14	3	0	11	11				0	2	22	6	172	1					1	3	177				1					1	6	1069				2			2	9			9	35	2		29	4	178	3		163	12	3	2		1	1					14	3	0	11	11				0	2	22	6	172	1					1	3	177				1					1	6	1069																																																																						0				2			2		2			2												0	0	0					0		1	0	2	1					1		13				1					1		33			
palocabildo	2024-12-31			939	939	0	4	150	150		2	1			1	1			1	13			13		69			69		2			2	2					3	0	0	3	3				0	4	12	4	51	1					1		123				1					1		786				1			1	1			1	13			13		69			69		2			2	2					3	0	0	3	3				0	4	12	4	51	1					1		123				1					1		786																																																																						0									0															0	0	0					0			0									2											4			
pamplona	2024-12-31			14636	14636	0	20	978	978		2	30	5	9	16	131	16	34	81	73	1		71	1	1518	10		1506	2	32	21	2	9	6	1	2			117	43	4	70	67	1	2		0	70	40	218	635	29			4	6	19	5	432	4			161			6	27	128	95	10051	21			30	5	9	16	131	16	34	81	73	1		71	1	1518	10		1506	2	32	21	2	9	6	1	2			117	43	4	70	67	1	2		0	70	40	218	635	29			4	6	19	5	432	4			161			6	27	128	95	10051	21																																																																					0				1			1		9			9												0	0	0					0		1	0	9								2											20			
pamplonita	2024-12-31			2203	2203	0	2	471	471		1	2	1		1	2	1		1	33		1	31	1	97		2	94	1	22	11		10	5	1	4		1	51	16	0	33	23	3	7		2	14	21	19	128	4		1		2	2	5	333	3			5		1		3	2	6	1490	7			2	1		1	2	1		1	33		1	31	1	97		2	94	1	22	11		10	5	1	4		1	51	16	0	33	23	3	7		2	14	21	19	128	4		1		2	2	5	333	3			5		1		3	2	6	1490	7																																																																					0									0															0	0	0					0			0									1											2			
pana-pana	2024-12-31			538	538	0	0	350	350							0				3			3		3			3		1	1								1	1	0	0					0	4		8		1					1	1	174				1					1	1	251								0				3			3		3			3		1	1								1	1	0	0					0	4		8		1					1	1	174				1					1	1	251																																																																																																																															
pandi	2024-12-31			1850	1850	0	4	442	442		2					0				24			24		88			88		29	24	1	4	4					60	42	1	17	17				0	24	13	52	82	2				1	1	1	239	1			3				2	1	1	1181	1							0				24			24		88			88		29	24	1	4	4					60	42	1	17	17				0	24	13	52	82	2				1	1	1	239	1			3				2	1	1	1181	1																																																																					0									0															0	0	0					0			0									2											4			
panqueba	2024-12-31			447	447	0	0	124	124			4	1	1	2	6	2	1	3	20	1		19		59	2		57		1		1							1	0	1	0					0	3	7	6	21	1					1	2	110				2					2	10	384				4	1	1	2	6	2	1	3	20	1		19		59	2		57		1		1							1	0	1	0					0	3	7	6	21	1					1	2	110				2					2	10	384																																																																																																																															
papunahua	2024-12-31			882	882	0	5	490	490		2					0				11			11		16			16		23	17		6	2		4			29	21	0	8	3		5		0	10	1	31	1	1					1		214				1					1		348								0				11			11		16			16		23	17		6	2		4			29	21	0	8	3		5		0	10	1	31	1	1					1		214				1					1		348																																																																						0									0															0	0	0					0			0																							
paramo	2024-12-31			3818	3818	0	2	321	321		2	6	1	3	2	67	8	8	51	30			30		205			205		7	3	1	3	2		1			10	4	1	5	3		2		0	16	32	323	831	4			1	2	1	5	219	2			12			8	3	1	61	2947	2			6	1	3	2	67	8	8	51	30			30		205			205		7	3	1	3	2		1			10	4	1	5	3		2		0	16	32	323	831	4			1	2	1	5	219	2			12			8	3	1	61	2947	2																																																																					0				1			1		1			1												0	0	0					0		1	0	1								2											2			
paratebueno	2024-12-31			10345	10345	0	117	692	692		10	4	1		3	9	2		7	61	2	2	52	5	731	3	6	639	83	17	9		5	4		1		3	113	21	0	83	82		1		9	4	43	4	454	7					7	7	465				21					21	57	5026				4	1		3	9	2		7	61	2	2	52	5	731	3	6	639	83	17	9		5	4		1		3	113	21	0	83	82		1		9	4	43	4	454	7					7	7	465				21					21	57	5026																																																																						0				1			1		9			9												0	0	0					0		1	0	9								8											115			
pasca	2024-12-31			6072	6072	0	0	745	745			18	2	6	10	121	57	21	43	50			50		402			402		25	20	1	4	2		2			72	31	3	38	36		2		0	80	16	1186	74	22			2	6	14	5	376	2			162			63	44	55	52	3865	3			18	2	6	10	121	57	21	43	50			50		402			402		25	20	1	4	2		2			72	31	3	38	36		2		0	80	16	1186	74	22			2	6	14	5	376	2			162			63	44	55	52	3865	3																																																																																																																														
pasto	2024-12-31			60656	60651	584	139	2688	2688	28	9	57	7	17	33	1856	210	195	1451	158	4		151	3	6252	55		6190	7	168	147	1	19	13	1	5		1	1223	383	5	832	806	11	15		3	124	75	624	2695	43		4	5	11	27	26	762	8			1199		48	65	287	847	339	38838	61			57	7	17	33	1856	210	195	1451	158	4		151	3	6252	55		6190	7	168	147	1	19	13	1	5		1	1223	383	5	832	806	11	15		3	124	75	624	2695	43		4	5	11	27	26	762	8			1199		48	65	287	847	339	38838	61			2	1		1	5		1	4						0															0	0	0					0		19	0	485	4					4	6	15				89					89	116	359								0				1			1		11			11												0	0	0					0		5	0	19								8											138			
patia	2024-12-31			10189	10189	0	158	574	574		8	7	1	2	4	146	6	132	8	39	2		34	3	704	12		615	77	44	37	1	5	3		2		1	626	527	4	94	92		2		1	25	40	178	665	6				1	5	2	341	1			18				2	16	5	7500	8			7	1	2	4	146	6	132	8	39	2		34	3	704	12		615	77	44	37	1	5	3		2		1	626	527	4	94	92		2		1	25	40	178	665	6				1	5	2	341	1			18				2	16	5	7500	8																																																																					0				1			1		4			4												0	0	0					0		1	0	4								7											157			
pauna	2024-12-31			5011	5011	0	2	584	584		1	8		2	6	64		9	55	36			36		317			317		8	6	1	1			1			11	9	1	1			1		0	41	13	200	79	7		1		2	5	5	292	3			70		1		9	61	79	3014	14			8		2	6	64		9	55	36			36		317			317		8	6	1	1			1			11	9	1	1			1		0	41	13	200	79	7		1		2	5	5	292	3			70		1		9	61	79	3014	14																																																																					0									0															0	0	0					0			0																							
paya	2024-12-31			32105	32105	0	13	925	925		5	14	1	6	7	48	1	25	22	90	1	2	83	4	463	2	7	394	60	11	5		4	3		1		2	42	14	0	21	20		1		7	16	30	68	142	16				6	10	5	665	3			67				16	51	5	4354	8			14	1	6	7	48	1	25	22	90	1	2	83	4	463	2	7	394	60	11	5		4	3		1		2	42	14	0	21	20		1		7	16	30	68	142	16				6	10	5	665	3			67				16	51	5	4354	8																																																																					0									0															0	0	0					0			0									5											13			
paz-de-ariporo	2024-12-31			137800	137800	0	5396	1845	1845		17	16	1	5	10	1514	15	49	1450	100	5	2	83	10	13349	1101	319	10354	1575	59	32	1	19	13		6		7	23470	19361	6	3207	3179		28		896	20	70	113	8913	15				5	10	13	1106	2		1	396				45	351	1296	97775	227		1	16	1	5	10	1514	15	49	1450	100	5	2	83	10	13349	1101	319	10354	1575	59	32	1	19	13		6		7	23470	19361	6	3207	3179		28		896	20	70	113	8913	15				5	10	13	1106	2		1	396				45	351	1296	97775	227		1																																																															1		1		4		4		2			2		77			77												0	0	0					0		3	0	128								15											4807			
paz-de-rio	2024-12-31			672	672	0	0	161	161			3		1	2	11		3	8	14			14		55			55		16	12	1	3	3					47	35	4	8	8				0	7	7	24	42	2				1	1	1	89				7				3	4	9	373				3		1	2	11		3	8	14			14		55			55		16	12	1	3	3					47	35	4	8	8				0	7	7	24	42	2				1	1	1	89				7				3	4	9	373																																																																																																																															
pedraza	2024-12-31			92	92	0	5	68	68		4	2		1	1	11		10	1	8			5	3	10			7	3	1			1	1					2	0	0	2	2				0	1	6	1	8								63											71				2		1	1	11		10	1	8			5	3	10			7	3	1			1	1					2	0	0	2	2				0	1	6	1	8								63											71																																																																						0									0															0	0	0					0			0									4											5			
pelaya	2024-12-31			346	346	0	11	165	165		6	2			2	5			5	19			17	2	40			35	5	4			3	2		1		1	9	0	0	8	6		2		1	7	20	14	39	2					2		149	1			2					2		302	1			2			2	5			5	19			17	2	40			35	5	4			3	2		1		1	9	0	0	8	6		2		1	7	20	14	39	2					2		149	1			2					2		302	1																																																																					0				1			1		4			4												0	0	0					0		1	0	4								6											11			
penol	2024-12-31			4682	4682	0	83	493	493		5	11	1	1	9	47	1	1	45	40	3		31	6	309	4		288	17	42	31	2	9	5		3	1		174	41	4	129	123		3	3	0	29	35	169	483	7		1			7	8	323	1			34		1			34	44	3455	1			11	1	1	9	47	1	1	45	40	3		31	6	309	4		288	17	42	31	2	9	5		3	1		174	41	4	129	123		3	3	0	29	35	169	483	7		1			7	8	323	1			34		1			34	44	3455	1																																																																					0				1			1		28			28												0	0	0					0		2	0	29								5											83			
pensilvania	2024-12-31			142479	142479	0	125	1037	1037		5	53	7	16	30	2554	89	580	1885	118	4		109	5	14038	11		14007	20	24	16		8	6		1	1		360	18	0	342	340		1	1	0	115	46	3204	8907	41	1		6	15	20	17	696	5			1280	3		77	83	1120	1360	122082	8			53	7	16	30	2554	89	580	1885	118	4		109	5	14038	11		14007	20	24	16		8	6		1	1		360	18	0	342	340		1	1	0	115	46	3204	8907	41	1		6	15	20	17	696	5			1280	3		77	83	1120	1360	122082	8																																																																					0				1			1		3			3												0	0	0					0		1	0	3								5											125			
peque	2024-12-31			74877	74877	0	380	993	993		7	28	1	9	18	1268	1	256	1011	77	5	1	66	5	8061	610	2	7367	82	18	10	1	3	2		1		4	474	138	32	66	62		4		238	94	42	4969	1489	26			2	8	16	7	584	6			1036			44	16	976	21	56922	223			28	1	9	18	1268	1	256	1011	77	5	1	66	5	8061	610	2	7367	82	18	10	1	3	2		1		4	474	138	32	66	62		4		238	94	42	4969	1489	26			2	8	16	7	584	6			1036			44	16	976	21	56922	223																																																																					0				1			1		30			30												0	0	0					0		1	0	30								7											380			
pereira	2024-12-31			406621	406617	0	2371	4252	4252		19	103	8	34	61	14712	100	6754	7858	248	12	1	224	11	37119	454	3	36077	585	241	193	3	42	26	1	14	1	3	5709	828	42	4833	4743	4	72	14	6	270	76	11865	27686	77		1	4	20	53	40	1417	13	1		6768		1	13	206	6549	3097	317738	49	2		103	8	34	61	14712	100	6754	7858	248	12	1	224	11	37119	454	3	36077	585	241	193	3	42	26	1	14	1	3	5709	828	42	4833	4743	4	72	14	6	270	76	11865	27686	77		1	4	20	53	40	1417	13	1		6768		1	13	206	6549	3097	317738	49	2																																																																1		1		2		2		3			3		282			282												0	0	0					0		2	0	279								15											2347			
pesca	2024-12-31			4105	4105	0	0	422	422			18	3	8	7	94	5	63	26	26			25	1	71			70	1	15	12		3	3					101	97	0	4	4				0	59	18	600	67	14			2	5	7	6	184				86			4	58	24	40	1521				18	3	8	7	94	5	63	26	26			25	1	71			70	1	15	12		3	3					101	97	0	4	4				0	59	18	600	67	14			2	5	7	6	184				86			4	58	24	40	1521																																																																																																																															
piamonte	2024-12-31			40264	40264	0	432	1084	1084		12	12		2	10	224		39	185	113	1		108	4	5167	5		4773	389	11	7		3	3				1	853	513	0	214	214				126	9	46	35	1640	8				1	7	11	794	3			56				6	50	203	34720	3			12		2	10	224		39	185	113	1		108	4	5167	5		4773	389	11	7		3	3				1	853	513	0	214	214				126	9	46	35	1640	8				1	7	11	794	3			56				6	50	203	34720	3																																																																					0				1			1		16			16												0	0	0					0		2	0	17								11											431			
piedecuesta	2024-12-31			49565	49565	0	158	2145	2145		7	53	7	20	26	614	33	132	449	131	5	1	123	2	5253	9	2	5239	3	144	113	2	28	18	1	8	1	1	895	202	11	680	640	1	37	2	2	142	51	2729	2398	56		2	7	16	33	19	907	8	1		577		3	31	94	452	133	35775	21	1		53	7	20	26	614	33	132	449	131	5	1	123	2	5253	9	2	5239	3	144	113	2	28	18	1	8	1	1	895	202	11	680	640	1	37	2	2	142	51	2729	2398	56		2	7	16	33	19	907	8	1		577		3	31	94	452	133	35775	21	1																																																																				0				1			1		31			31												0	0	0					0		1	0	31								7											158			
piedras	2024-12-31			14316	14316	0	492	599	599		10	6		2	4	17		6	11	52	2	2	44	4	1192	4	3	1085	100	12	5		5	5				2	230	5	0	222	222				3	34	57	365	976	5				2	3	6	418	1			15				6	9	47	11326	7			6		2	4	17		6	11	52	2	2	44	4	1192	4	3	1085	100	12	5		5	5				2	230	5	0	222	222				3	34	57	365	976	5				2	3	6	418	1			15				6	9	47	11326	7																																																																					0				1			1		33			33												0	0	0					0		1	0	33								9											491			
piendamo-tunia	2024-12-31			7467	7467	0	113	386	386		5	1			1	2			2	32			31	1	470			469	1	9	6		3	3					179	6	0	173	173				0	11	28	27	447							3	256	1									4	6052	1			1			1	2			2	32			31	1	470			469	1	9	6		3	3					179	6	0	173	173				0	11	28	27	447							3	256	1									4	6052	1																																																																					0				1			1		5			5												0	0	0					0		1	0	5								5											113			
pijao	2024-12-31			30965	30965	0	28	879	879		5	30	1	11	18	344	1	139	204	84	2		79	3	3394	71		3318	5	25	19		6	5		1			498	40	0	458	457		1		0	72	44	299	1825	19				5	14	9	555	1			162				23	139	89	26595	1			30	1	11	18	344	1	139	204	84	2		79	3	3394	71		3318	5	25	19		6	5		1			498	40	0	458	457		1		0	72	44	299	1825	19				5	14	9	555	1			162				23	139	89	26595	1																																																																					0				1			1		1			1												0	0	0					0		1	0	1								5											28			
pijino-del-carmen	2024-12-31			1667	1667	0	24	295	295		7	4		3	1	16		14	2	30	1		25	4	257	1		246	10	6	5		1	1					19	11	0	8	8				0	5	14	16	47	7				3	4	2	198				117				14	103	48	960				4		3	1	16		14	2	30	1		25	4	257	1		246	10	6	5		1	1					19	11	0	8	8				0	5	14	16	47	7				3	4	2	198				117				14	103	48	960																																																																						0				1			1		1			1												0	0	0					0		1	0	1								7											24			
pinchote	2024-12-31			2499	2499	0	12	264	264		4	5	1	1	3	18	2	1	15	24		1	22	1	119		1	117	1	16	9	1	5	4		1		1	18	10	1	6	5		1		1	8	30	174	600	2			1		1	3	177				3			2		1	22	2006				5	1	1	3	18	2	1	15	24		1	22	1	119		1	117	1	16	9	1	5	4		1		1	18	10	1	6	5		1		1	8	30	174	600	2			1		1	3	177				3			2		1	22	2006																																																																						0				1			1		5			5												0	0	0					0		1	0	5								4											12			
pinillos	2024-12-31			25399	25399	0	32	128	128		3	16	3	3	10	3457	369	4	3084	7	1		5	1	62	1		13	48	6	1	1	1	1				3	624	2	15	70	70				537	37	1	11329	1	11			2	3	6	4	61	4			1169			322	334	513	1181	16138	1033			16	3	3	10	3457	369	4	3084	7	1		5	1	62	1		13	48	6	1	1	1	1				3	624	2	15	70	70				537	37	1	11329	1	11			2	3	6	4	61	4			1169			322	334	513	1181	16138	1033																																																																	1	1			30	30								0															0	0	0					0			0		1					1		2				30					30		2			
piojo	2024-12-31			22992	22992	0	546	739	739		18	15	1	5	9	67	12	10	45	84	5	1	69	9	2040	93	18	1797	132	22	13		9	7		2			271	110	0	161	158		3		0	6	76	252	1426	17			1	4	12	13	527	2			107			1	11	95	156	16313	11			15	1	5	9	67	12	10	45	84	5	1	69	9	2040	93	18	1797	132	22	13		9	7		2			271	110	0	161	158		3		0	6	76	252	1426	17			1	4	12	13	527	2			107			1	11	95	156	16313	11																																																																					0				2			2		32			32												0	0	0					0		3	0	29								16											523			
pisba	2024-12-31			202	202	0	0	105	105			3			3	6			6	11			11		16			16												0	0	0					0	3	7	6	10	3					3	1	72				6					6	1	130				3			3	6			6	11			11		16			16												0	0	0					0	3	7	6	10	3					3	1	72				6					6	1	130																																																																																																																															
pital	2024-12-31			2363	2363	0	10	472	472		6	5	1	2	2	15	1	3	11	34			32	2	129			122	7	30	26	1	2	1		1		1	52	46	1	4	3		1		1	31	25	196	101	4			1	3		5	284	1			7			1	6		17	1379	1			5	1	2	2	15	1	3	11	34			32	2	129			122	7	30	26	1	2	1		1		1	52	46	1	4	3		1		1	31	25	196	101	4			1	3		5	284	1			7			1	6		17	1379	1																																																																					0				1			1		1			1												0	0	0					0		1	0	1								5											8			
pitalito	2024-12-31			49411	49411	0	966	1367	1367		11	32	5	9	18	1313	10	299	1004	125	6		113	6	4700	341		3627	732	55	35	2	18	14		4			2532	474	1447	611	602		9		0	66	61	1609	3358	23		1	2	7	14	17	696	5			625		2	3	104	518	624	38711	23			32	5	9	18	1313	10	299	1004	125	6		113	6	4700	341		3627	732	55	35	2	18	14		4			2532	474	1447	611	602		9		0	66	61	1609	3358	23		1	2	7	14	17	696	5			625		2	3	104	518	624	38711	23																																																																					0				1			1		66			66												0	0	0					0		3	0	70								10											962			
pivijay	2024-12-31			24873	24873	0	201	752	752		12	15	1	5	9	323	1	18	304	75	7	2	58	8	1890	30	20	1712	128	30	14	1	12	10		2		3	307	142	2	157	154		3		6	11	26	372	586	14			2	4	8	4	402	3			378			2	48	328	33	9756	5			15	1	5	9	323	1	18	304	75	7	2	58	8	1890	30	20	1712	128	30	14	1	12	10		2		3	307	142	2	157	154		3		6	11	26	372	586	14			2	4	8	4	402	3			378			2	48	328	33	9756	5																																																																					0				1			1		4			4												0	0	0					0		1	0	1								11											199			
planadas	2024-12-31			15170	15170	0	31	661	661		2	14			14	225			225	73	1		70	2	1394	1		1390	3	22	17	1	4	4					133	43	1	89	89				0	30	34	553	706	9				2	7	7	458	1			37				9	28	205	10752	2			14			14	225			225	73	1		70	2	1394	1		1390	3	22	17	1	4	4					133	43	1	89	89				0	30	34	553	706	9				2	7	7	458	1			37				9	28	205	10752	2																																																																					0									0															0	0	0					0			0									2											31			
planeta-rica	2024-12-31			16679	16679	0	79	757	757		11	14	3	4	7	84	36	10	38	83	4	2	69	8	962	26	11	860	65	21	12		7	5		2		2	113	39	0	72	63		9		2	13	29	245	418	11			1	4	6	8	487	4	1	1	44			2	15	27	51	6283	11	1	3	14	3	4	7	84	36	10	38	83	4	2	69	8	962	26	11	860	65	21	12		7	5		2		2	113	39	0	72	63		9		2	13	29	245	418	11			1	4	6	8	487	4	1	1	44			2	15	27	51	6283	11	1	3																																																																			0				1			1		2			2												0	0	0					0		1	0	2								10											78			
plato	2024-12-31			11055	11055	0	93	1386	1386		15	24	5	7	12	46	9	16	21	61	2	1	52	6	422	4	9	360	49	41	30	1	7	6		1		3	431	357	10	57	56		1		7	48	29	112	172	21		1	1	11	9	9	668	6	1		100		1	1	24	75	26	5586	6	4		24	5	7	12	46	9	16	21	61	2	1	52	6	422	4	9	360	49	41	30	1	7	6		1		3	431	357	10	57	56		1		7	48	29	112	172	21		1	1	11	9	9	668	6	1		100		1	1	24	75	26	5586	6	4																																																																1			1	2			2	1			1		4			4												0	0	0					0		2	0	5								13											90			
policarpa	2024-12-31			1881	1881	0	0	308	308			6	1	2	3	33	23	2	8	31			29	2	238			218	20	3	1		1	1				1	17	2	0	14	14				1	9	8	35	64	4			1	1	2	5	235				26			23	1	2	30	1423				6	1	2	3	33	23	2	8	31			29	2	238			218	20	3	1		1	1				1	17	2	0	14	14				1	9	8	35	64	4			1	1	2	5	235				26			23	1	2	30	1423																																																																																																																															
polonuevo	2024-12-31			108	108	0	4	73	73		4					0				5			4	1	8			7	1	1			1	1					2	0	0	2	2				0	1	8	1	10								58											86								0				5			4	1	8			7	1	1			1	1					2	0	0	2	2				0	1	8	1	10								58											86																																																																						0				1			1		1			1												0	0	0					0		2	0	2								4											4			
ponedera	2024-12-31			1171	1171	0	45	209	209		7	1			1	4			4	27	1		23	3	119	2		105	12	5	3		2	2					27	4	0	23	23				0	2	21	2	84	1					1	4	170	1			1					1	4	1006	1			1			1	4			4	27	1		23	3	119	2		105	12	5	3		2	2					27	4	0	23	23				0	2	21	2	84	1					1	4	170	1			1					1	4	1006	1																																																																					0									0															0	0	0					0			0									6											42			
popayan	2024-12-31			106187	106187	0	411	1860	1860		9	33	3	7	23	168	12	18	138	135	4		126	5	5931	21		5895	15	98	70	3	25	16	1	7	1		2285	140	4	2141	2112	1	24	4	0	110	74	573	7555	26		2	2	4	20	15	747	8			94		3	7	7	80	337	86475	28			33	3	7	23	168	12	18	138	135	4		126	5	5931	21		5895	15	98	70	3	25	16	1	7	1		2285	140	4	2141	2112	1	24	4	0	110	74	573	7555	26		2	2	4	20	15	747	8			94		3	7	7	80	337	86475	28																																																																					0				1			1		20			20												0	0	0					0		3	0	30								9											411			
pore	2024-12-31			11531	11531	0	140	1012	1012		13	10	2	2	6	54	14	4	36	83	2	2	73	6	962	21	4	621	316	24	14		8	7		1		2	205	69	0	118	114		4		18	13	37	64	340	10			1	1	8	3	634	2			67			8	1	58	37	6564	7			10	2	2	6	54	14	4	36	83	2	2	73	6	962	21	4	621	316	24	14		8	7		1		2	205	69	0	118	114		4		18	13	37	64	340	10			1	1	8	3	634	2			67			8	1	58	37	6564	7																																																																					0				1			1		4			4												0	0	0					0		1	0	4								11											127			
potosi	2024-12-31			737	737	0	0	184	184			5	1		4	14	1		13	26	2		24		120	4		116		6	5		1	1					9	6	0	3	3				0	3	7	3	44	3		1	1		2		106				3		2	1		2		523				5	1		4	14	1		13	26	2		24		120	4		116		6	5		1	1					9	6	0	3	3				0	3	7	3	44	3		1	1		2		106				3		2	1		2		523																																																																																																																															
pradera	2024-12-31			20171	20171	0	134	640	640		9	13	2	4	7	40	3	5	32	75	5		63	7	2448	46		2360	42	29	18	1	10	6		4			263	23	1	239	234		5		0	33	37	579	1241	9			1	3	5	4	398	2			42			1	4	37	34	16664	14			13	2	4	7	40	3	5	32	75	5		63	7	2448	46		2360	42	29	18	1	10	6		4			263	23	1	239	234		5		0	33	37	579	1241	9			1	3	5	4	398	2			42			1	4	37	34	16664	14																																																																					0				1			1		19			19												0	0	0					0		1	0	19								8											133			
prado	2024-12-31			7910	7910	0	296	521	521		12	9	2	1	6	47	2	1	44	45	1		41	3	736	27		594	115	13	4	1	5	5				3	93	4	1	83	83				5	31	36	286	435	6			1	1	4	7	344	1			40			1	1	38	17	5919	2			9	2	1	6	47	2	1	44	45	1		41	3	736	27		594	115	13	4	1	5	5				3	93	4	1	83	83				5	31	36	286	435	6			1	1	4	7	344	1			40			1	1	38	17	5919	2																																																																					0				2			2		49			49												0	0	0					0		1	0	46								11											294			
providencia-nar	2024-12-31			5	5	0	0	1	1							0									0															0	0	0					0			0										1											5							0									0															0	0	0					0			0										1											5																																																																																																																														
providencia-sap	2024-12-31			53210	13020	24909	1568	1575	1149	728	100	52	8	15	29	1929	194	630	1105	63	4	1	58		5740	198	1	5541		77	57	2	16	10		6		2	503	275	17	199	186		13		12	5	98	80	2318	58			21	9	28	25	626	17			7125			2306	3150	1669	1510	19625	407			34	5	12	17	507	26	264	217	27	3	1	23		473	18	1	454		75	56	1	16	10		6		2	485	274	1	199	186		13		11	5	97	80	2308	24			4	7	13	14	517	6			158			6	29	123	501	8195	19			34	10	7	17	1434	168	380	886	45	3		42		5270	180		5090		1		1							16	0	16	0					0		16	0	57	49			21	7	21	18	284	12			6968			2300	3121	1547	1024	11504	386			14	2		12	149	15		134	6			6		83			83												0	0	0					0		4	0	217	11			2	2	7	4	53	4			114			5	9	100	48	1245	41		
pueblo-bello	2024-12-31			6291	6291	0	29	605	605		8	16		4	12	30		5	25	66	3		56	7	473	16		398	59	19	13	1	5	3	1	1			68	49	1	18	15	2	1		0	18	37	40	477	10				3	7	12	382	5			28				3	25	78	4307	26			16		4	12	30		5	25	66	3		56	7	473	16		398	59	19	13	1	5	3	1	1			68	49	1	18	15	2	1		0	18	37	40	477	10				3	7	12	382	5			28				3	25	78	4307	26																																																																					0									0															0	0	0					0			0									8											29			
pueblo-nuevo	2024-12-31			3341	3341	0	38	546	546		9	10	2	3	5	28	9	4	15	48	1	2	40	5	357	1	2	320	34	9	3		3	1		2		3	40	3	0	33	28		5		4	15	23	53	211	4			1	1	2	5	422	3		1	4			1	1	2	13	2585	4		8	10	2	3	5	28	9	4	15	48	1	2	40	5	357	1	2	320	34	9	3		3	1		2		3	40	3	0	33	28		5		4	15	23	53	211	4			1	1	2	5	422	3		1	4			1	1	2	13	2585	4		8																																																																			0									0															0	0	0					0			0									9											38			
pueblo-rico	2024-12-31			476844	476843	0	152	2556	2556		11	97	10	30	57	18335	170	577	17588	278	6		262	10	92889	68		90607	2214	30	22	2	6	6					734	55	2	677	677				0	223	63	22106	15537	65		1	11	21	33	38	1048	8			12634		1	177	320	12137	16640	380346	22			97	10	30	57	18335	170	577	17588	278	6		262	10	92888	68		90606	2214	30	22	2	6	6					734	55	2	677	677				0	223	63	22106	15537	65		1	11	21	33	38	1048	8			12634		1	177	320	12137	16640	380345	22																																																																					0				2			2		41			41												0	0	0					0		2	0	41								10											151			
pueblorrico	2024-12-31			2010	2010	0	1	342	342		1	11		5	6	27		8	19	34			30	4	148			144	4	13	7		6	6					50	13	0	37	37				0	19	23	56	156	6				3	3	2	251	3			20				5	15	3	1566	5			11		5	6	27		8	19	34			30	4	148			144	4	13	7		6	6					50	13	0	37	37				0	19	23	56	156	6				3	3	2	251	3			20				5	15	3	1566	5																																																																					0									0															0	0	0					0			0									1											1			
puebloviejo	2024-12-31			1261458	1261111	85	1128046	664	656	3	114	30	4	6	20	650250	15748	75367	559135	70	4	1	61	4	1414	23	3	1311	77	23	8	6	6	6				3	15401	8	8239	652	652				6502	12	79	883	7889	15			1	4	10	20	465	5			71805			2	40	71763	1752	554765	134844			30	4	6	20	650240	15748	75367	559125	70	4	1	61	4	1412	23	3	1309	77	23	8	6	6	6				3	15401	8	8239	652	652				6502	12	79	883	7889	15			1	4	10	20	458	5			71805			2	40	71763	1752	554729	134834			1			1	10			10						0															0	0	0					0		1	0	1								1	1										1	10			13	1	2	10	573998	15721	152	558125	3			3		513			513		1		1							1426	0	1426	0					0	1	4	3	422	4				1	3	1	80	2			70508				2	70506	216	517194	134432		
puente-nacional	2024-12-31			1636	1636	0	9	305	305		1	3		1	2	3		1	2	30			29	1	118			117	1	7	4		3	3					14	5	0	9	9				0	14	28	121	155	4				1	3	2	222				5				2	3	8	1185				3		1	2	3		1	2	30			29	1	118			117	1	7	4		3	3					14	5	0	9	9				0	14	28	121	155	4				1	3	2	222				5				2	3	8	1185																																																																						0									0															0	0	0					0			0									1											9			
puerres	2024-12-31			6324	6324	0	0	667	667			16		4	12	253		11	242	81	1		79	1	536	1		534	1	6	2		4	3		1			13	2	0	11	10		1		0	27	13	221	56	12		1		3	9	8	395	1			442		1		95	347	42	3897	1			16		4	12	253		11	242	81	1		79	1	536	1		534	1	6	2		4	3		1			13	2	0	11	10		1		0	27	13	221	56	12		1		3	9	8	395	1			442		1		95	347	42	3897	1																																																																																																																														
puerto-alegria	2024-12-31			384	384	0	0	107	107			2		2		83		83		6	1		4	1	91	7		82	2	1			1	1					1	0	0	1	1				0			0		3				2	1		61	1			84				83	1		143	2			2		2		83		83		6	1		4	1	91	7		82	2	1			1	1					1	0	0	1	1				0			0		3				2	1		61	1			84				83	1		143	2																																																																																																																														
puerto-arica	2024-12-31			2200	2200	0	4	840	840		4	4		3	1	76		75	1	27	2		23	2	121	21		94	6	4	3		1	1					18	17	0	1	1				0	7	3	9	3	8				4	4	3	503	1		1	82				76	6	3	1031	1		2	4		3	1	76		75	1	27	2		23	2	121	21		94	6	4	3		1	1					18	17	0	1	1				0	7	3	9	3	8				4	4	3	503	1		1	82				76	6	3	1031	1		2																																																																			0									0															0	0	0					0			0									3											3			
puerto-asis	2024-12-31			138086	138086	0	2014	1928	1928		15	25		9	16	652		25	627	148	9	2	128	9	13182	51	9	11714	1408	39	26	1	10	5		5		2	1490	112	2	1031	1018		13		345	12	55	112	4872	20				4	16	18	1222	3			109				7	102	377	97639	70			25		9	16	652		25	627	148	9	2	128	9	13182	51	9	11714	1408	39	26	1	10	5		5		2	1490	112	2	1031	1018		13		345	12	55	112	4872	20				4	16	18	1222	3			109				7	102	377	97639	70																																																																					0				1			1		171			171												0	0	0					0		1	0	171								12											1996			
puerto-berrio	2024-12-31			13458	13458	0	189	1343	1343		12	32	4	10	18	405	167	14	224	91	7	1	72	11	1489	23	2	1383	81	32	18		11	8		3		3	403	149	0	103	95		8		151	76	39	436	629	22			4	9	9	16	743	5			244			180	22	42	79	8259	45			32	4	10	18	405	167	14	224	91	7	1	72	11	1489	23	2	1383	81	32	18		11	8		3		3	403	149	0	103	95		8		151	76	39	436	629	22			4	9	9	16	743	5			244			180	22	42	79	8259	45																																																																					0				2			2		25			25												0	0	0					0		2	0	18								11											188			
puerto-boyaca	2024-12-31			73308	73308	0	1554	1578	1578		17	39	4	13	22	1444	534	267	643	128	6	1	112	9	12037	60	6	10489	1482	46	32	2	9	7		2		3	1017	46	2	958	873		85		11	117	72	2215	4890	30			4	8	18	25	939	8			655			534	56	65	521	61359	66			39	4	13	22	1444	534	267	643	128	6	1	112	9	12037	60	6	10489	1482	46	32	2	9	7		2		3	1017	46	2	958	873		85		11	117	72	2215	4890	30			4	8	18	25	939	8			655			534	56	65	521	61359	66																																																																					0				2			2		56			56												0	0	0					0		3	0	56								15											1550			
puerto-caicedo	2024-12-31			1470	1470	0	14	470	470		4	4		2	2	5		3	2	31	2	1	27	1	97	2	1	85	9	14	8		4	3		1		2	43	10	0	29	27		2		4	5	14	7	36	5				1	4	4	331	1			6				1	5	4	1084	2			4		2	2	5		3	2	31	2	1	27	1	97	2	1	85	9	14	8		4	3		1		2	43	10	0	29	27		2		4	5	14	7	36	5				1	4	4	331	1			6				1	5	4	1084	2																																																																					0				1			1		3			3												0	0	0					0		1	0	3								4											14			
puerto-carreno	2024-12-31			58717	58717	0	1261	2563	2563		17	34	2	9	23	2600	86	1163	1351	140	9	2	115	14	8039	324	157	6466	1092	54	35	1	10	9		1		8	1030	135	4	211	210		1		680	31	61	144	2583	35				12	23	21	1524	15		2	2205				341	1864	476	39352	38		4	34	2	9	23	2600	86	1163	1351	140	9	2	115	14	8039	324	157	6466	1092	54	35	1	10	9		1		8	1030	135	4	211	210		1		680	31	61	144	2583	35				12	23	21	1524	15		2	2205				341	1864	476	39352	38		4																																																																			0				1			1		226			226												0	0	0					0		2	0	227								14	1										1220	1		
puerto-colombia-atl	2024-12-31			34452	34452	0	1715	856	856		33	11		4	7	148		127	21	65	3	2	56	4	2667	18	10	2612	27	60	46	1	12	8		4		1	643	115	1	525	512		13		2	7	73	1214	3547	9				3	6	16	395	4			160				121	39	119	29093	6			11		4	7	148		127	21	65	3	2	56	4	2667	18	10	2612	27	60	46	1	12	8		4		1	643	115	1	525	512		13		2	7	73	1214	3547	9				3	6	16	395	4			160				121	39	119	29093	6																																																																	2		1	1	8		7	1	3			3		217			217												0	0	0					0		3	0	214								21											1458			
puerto-colombia-gua	2024-12-31			4942	4942	0	1	1061	1061		1	2	2			4	4			22	1	1	19	1	45	1	1	42	1	8	5		2	2				1	12	9	0	2	2				1	13	3	27	3	14			2	2	10	7	518	3			33			4	5	24	63	1967	4			2	2			4	4			22	1	1	19	1	45	1	1	42	1	8	5		2	2				1	12	9	0	2	2				1	13	3	27	3	14			2	2	10	7	518	3			33			4	5	24	63	1967	4																																																																					0									0															0	0	0					0			0									1											1			
puerto-concordia	2024-12-31			7298	7298	0	306	645	645		11	6		2	4	22		11	11	64	1		59	4	888	2		798	88	14	4		8	7		1		2	105	9	0	77	74		3		19	7	39	9	560	7				1	6	5	498				19				10	9	74	6284				6		2	4	22		11	11	64	1		59	4	888	2		798	88	14	4		8	7		1		2	105	9	0	77	74		3		19	7	39	9	560	7				1	6	5	498				19				10	9	74	6284																																																																						0				1			1		30			30												0	0	0					0		1	0	30								9											285			
puerto-escondido	2024-12-31			680	675	2	22	252	250	1	10	6			6	9			9	23	1		22		54	2		52		2	1		1	1					5	1	0	4	4				0	2	19	10	58	2			1		1	2	177				3			2		1	2	449				6			6	9			9	22	1		21		52	2		50		2	1		1	1					5	1	0	4	4				0	2	19	10	58	1					1	2	177				1					1	2	449								0				1			1		2			2												0	0	0					0			0		1			1								2			2								1			1	1			1						0															0	0	0					0		1	0	1								10											22			
puerto-gaitan	2024-12-31			136064	136064	0	1633	3614	3614		19	59	14	10	35	1476	25	68	1383	178	14	2	145	17	13327	481	66	11753	1027	85	56	1	20	14		5	1	8	3247	1891	38	720	615		104	1	598	94	75	298	6041	44			8	7	29	23	1717	13	1	1	765			16	86	663	901	88073	94	1	12	59	14	10	35	1476	25	68	1383	178	14	2	145	17	13327	481	66	11753	1027	85	56	1	20	14		5	1	8	3247	1891	38	720	615		104	1	598	94	75	298	6041	44			8	7	29	23	1717	13	1	1	765			16	86	663	901	88073	94	1	12																																																															1		1		1		1		2	1		1		80	1		79												0	0	0					0		3	0	86	1					1		15				1					1		1554			
puerto-guzman	2024-12-31			4689	4689	0	86	779	779		6	4	1	1	2	12	3	1	8	37	1		32	4	389	1		301	87	11	8		2	2				1	89	51	0	25	25				13	12	22	35	107	4		1	1	1	2	4	392	2			6		1	3	1	2	11	2983	72			4	1	1	2	12	3	1	8	37	1		32	4	389	1		301	87	11	8		2	2				1	89	51	0	25	25				13	12	22	35	107	4		1	1	1	2	4	392	2			6		1	3	1	2	11	2983	72																																																																					0				1			1		13			13												0	0	0					0		1	0	13								6											86			
puerto-leguizamo	2024-12-31			34468	34468	0	703	2327	2327		11	22	1	8	13	211	1	87	123	116	8	2	97	9	4609	50	2	4269	288	45	29		13	7	1	5		3	345	44	0	170	161	1	8		131	17	45	45	1291	26		1	1	7	18	14	1317	6			181		2	1	73	107	163	25893	23			22	1	8	13	211	1	87	123	116	8	2	97	9	4609	50	2	4269	288	45	29		13	7	1	5		3	345	44	0	170	161	1	8		131	17	45	45	1291	26		1	1	7	18	14	1317	6			181		2	1	73	107	163	25893	23																																																																					0				1			1		72			72												0	0	0					0		1	0	72								10											697			
puerto-libertador	2024-12-31			9791	9791	0	168	524	524		9	10	1	5	4	30	3	7	20	66	5		55	6	1195	23		1097	75	20	12		7	5		2		1	96	24	0	71	68		3		1	11	33	178	622	5				1	4	5	397		1		5				1	4	60	6895		1		10	1	5	4	30	3	7	20	66	5		55	6	1195	23		1097	75	20	12		7	5		2		1	96	24	0	71	68		3		1	11	33	178	622	5				1	4	5	397		1		5				1	4	60	6895		1																																																																				0				2			2		28			28												0	0	0					0		1	0	12								9											168			
puerto-lleras	2024-12-31			17285	17285	0	401	646	646		12	6			6	7			7	66	2	1	59	4	2166	2	1	1882	281	12	7	1	2	2				2	219	9	1	207	207				2	14	40	22	1013	10					10	9	483	1			16					16	167	14734	1			6			6	7			7	66	2	1	59	4	2166	2	1	1882	281	12	7	1	2	2				2	219	9	1	207	207				2	14	40	22	1013	10					10	9	483	1			16					16	167	14734	1																																																																					0				1			1		11			11												0	0	0					0		1	0	11								11											399			
puerto-lopez	2024-12-31			172429	172429	0	3005	8195	8195		27	186	24	66	96	797	75	217	505	411	12	3	382	14	14365	89	60	13061	1155	255	197	3	43	25	2	15	1	12	3167	741	9	1866	1317	2	546	1	551	780	69	1973	8254	154		3	15	54	85	45	2665	38	1	2	694		6	57	117	520	1191	113565	269	10	4	186	24	66	96	797	75	217	505	411	12	3	382	14	14365	89	60	13061	1155	255	197	3	43	25	2	15	1	12	3167	741	9	1866	1317	2	546	1	551	780	69	1973	8254	154		3	15	54	85	45	2665	38	1	2	694		6	57	117	520	1191	113565	269	10	4																																																															3		1	2	19		9	10	3		1	2		148		9	139												0	0	0					0		3	0	143	1					1		18				9					9		2725			
puerto-nare	2024-12-31			29459	29459	0	838	1130	1130		14	30	6	11	13	227	16	100	111	100	6	1	82	11	2889	25	11	2651	202	29	16		10	8		2		3	398	154	0	238	236		2		6	65	57	466	1891	24			3	7	14	15	721	6	1		194			7	14	173	106	22943	12	8		30	6	11	13	227	16	100	111	100	6	1	82	11	2889	25	11	2651	202	29	16		10	8		2		3	398	154	0	238	236		2		6	65	57	466	1891	24			3	7	14	15	721	6	1		194			7	14	173	106	22943	12	8																																																																				0				1			1		73			73												0	0	0					0		4	0	81								14											838			
puerto-narino	2024-12-31			60374	60374	0	1389	2667	2667		13	25	1	6	18	563	1	394	168	130	3	2	116	9	9001	570	4	7946	481	59	33	2	17	10	1	6		7	721	81	10	261	250	1	10		369	14	52	42	2733	21				8	13	16	1536	9			450				398	52	225	49221	34			25	1	6	18	563	1	394	168	130	3	2	116	9	9001	570	4	7946	481	59	33	2	17	10	1	6		7	721	81	10	261	250	1	10		369	14	52	42	2733	21				8	13	16	1536	9			450				398	52	225	49221	34																																																																					0				1			1		206			206												0	0	0					0		1	0	206								11											1369			
puerto-parra	2024-12-31			15113	15113	0	449	876	876		11	32	4	3	25	178	14	45	119	70	7	1	54	8	2317	59	1	1063	1194	19	12		6	5		1		1	650	578	0	70	66		4		2	53	29	1906	210	19			2	4	13	12	586	4		1	89			6	34	49	28	9213	1693		7	32	4	3	25	178	14	45	119	70	7	1	54	8	2317	59	1	1063	1194	19	12		6	5		1		1	650	578	0	70	66		4		2	53	29	1906	210	19			2	4	13	12	586	4		1	89			6	34	49	28	9213	1693		7																																																																			0				2			2		12			12												0	0	0					0		2	0	11								11											449			
puerto-rico-caq	2024-12-31			6686	6686	0	101	832	832		6	5		2	3	9		4	5	53	1		50	2	494	1		437	56	30	19	1	8	5		3		2	125	26	1	73	65		8		25	5	25	19	218	5				1	4	4	493	2			7				1	6	20	3762	15			5		2	3	9		4	5	53	1		50	2	494	1		437	56	30	19	1	8	5		3		2	125	26	1	73	65		8		25	5	25	19	218	5				1	4	4	493	2			7				1	6	20	3762	15																																																																					0				1			1		4			4												0	0	0					0		1	0	4								6											101			
puerto-rico-met	2024-12-31			3552	3552	0	87	601	601		9	6		3	3	15		5	10	40		1	34	5	364		1	329	34	11	5		3	2		1		3	53	7	0	42	39		3		4	5	22	6	232	9				4	5	4	447	1			19				6	13	22	2651	1			6		3	3	15		5	10	40		1	34	5	364		1	329	34	11	5		3	2		1		3	53	7	0	42	39		3		4	5	22	6	232	9				4	5	4	447	1			19				6	13	22	2651	1																																																																					0				1			1		7			7												0	0	0					0		1	0	7								8											82			
puerto-rondon	2024-12-31			2723	2723	0	62	675	675		13	10	1	1	8	24	5	1	18	48	4	2	34	8	207	16	6	160	25	38	25		11	5		5	1	2	62	29	0	21	14		6	1	12	7	19	19	88	6			1	2	3	4	412	5		1	10			5	2	3	15	1896	17		1	10	1	1	8	24	5	1	18	48	4	2	34	8	207	16	6	160	25	38	25		11	5		5	1	2	62	29	0	21	14		6	1	12	7	19	19	88	6			1	2	3	4	412	5		1	10			5	2	3	15	1896	17		1																																																																			0									0															0	0	0					0		1	0	2								12											60			
puerto-salgar	2024-12-31			5724	5724	0	207	545	545		12	13	2	4	7	67	3	44	20	58	2	2	51	3	625	2	4	559	60	13	6	1	5	4		1		1	153	7	3	142	141		1		1	17	40	114	440	6			1	3	2	3	405	1		1	19			2	11	6	10	4707	1		1	13	2	4	7	67	3	44	20	58	2	2	51	3	625	2	4	559	60	13	6	1	5	4		1		1	153	7	3	142	141		1		1	17	40	114	440	6			1	3	2	3	405	1		1	19			2	11	6	10	4707	1		1																																																																			0				1			1		5			5												0	0	0					0		2	0	12								11											206			
puerto-santander-ama	2024-12-31			55856	55856	0	24	3972	3972		6	10	2	4	4	3179	2656	518	5	117	1	1	111	4	3745	15	1	3724	5	37	26		7	5		2		4	3315	153	0	12	7		5		3150	45	17	169	96	20				5	15	11	1724	5	1	1	592				24	568	102	11075	9	3	94	10	2	4	4	3179	2656	518	5	117	1	1	111	4	3745	15	1	3724	5	37	26		7	5		2		4	3315	153	0	12	7		5		3150	45	17	169	96	20				5	15	11	1724	5	1	1	592				24	568	102	11075	9	3	94																																																																			0				1			1		5			5												0	0	0					0		1	0	5								5											18			
puerto-santander-nsa	2024-12-31			108	108	0	0	68	68			10		3	7	16		3	13	1			1		1			1		1								1	2	0	0	0					2	1	2	1	2	3				1	2		45	2			3				1	2		70	3			10		3	7	16		3	13	1			1		1			1		1								1	2	0	0	0					2	1	2	1	2	3				1	2		45	2			3				1	2		70	3																																																																																																																														
puerto-tejada	2024-12-31			1207	1207	0	12	192	192		7	2			2	3			3	27	1		25	1	167	1		152	14	4	1		3	3					24	1	0	23	23				0	14	22	20	115	3					3	1	145	2			4					4	1	1022	3			2			2	3			3	27	1		25	1	167	1		152	14	4	1		3	3					24	1	0	23	23				0	14	22	20	115	3					3	1	145	2			4					4	1	1022	3																																																																					0				1			1		1			1												0	0	0					0		1	0	1								6											11			
puerto-triunfo	2024-12-31			61161	61161	0	1866	1044	1044		18	27	3	11	13	450	4	198	248	114	8	3	93	10	7442	130	8	6613	691	34	15	2	13	10		3		4	1009	30	7	967	960		7		5	53	64	663	4276	19			2	2	15	17	754	5			135			3	9	123	138	53884	12			27	3	11	13	450	4	198	248	114	8	3	93	10	7442	130	8	6613	691	34	15	2	13	10		3		4	1009	30	7	967	960		7		5	53	64	663	4276	19			2	2	15	17	754	5			135			3	9	123	138	53884	12																																																																	2		2		4		4		4		1	3		114		1	113												0	0	0					0		3	0	92	1					1		16				1					1		1863			
puerto-wilches	2024-12-31			421742	421742	0	6603	3570	3570		18	49	6	14	29	2796	22	929	1845	98	5	3	79	11	17589	1107	173	6898	9411	87	51	2	28	22		6		6	21941	20047	61	1601	1582		19		232	118	56	7737	4352	30			4	9	17	20	1046	15		1	1224			40	812	372	276	97896	1697		4	49	6	14	29	2796	22	929	1845	98	5	3	79	11	17589	1107	173	6898	9411	87	51	2	28	22		6		6	21941	20047	61	1601	1582		19		232	118	56	7737	4352	30			4	9	17	20	1046	15		1	1224			40	812	372	276	97896	1697		4																																																															2		2		3		3		4	1	1	2		88	2	1	85												0	0	0					0		3	0	83	2					2		14				3					3		6589			
puli	2024-12-31			3248	3248	0	7	278	278		1	1	1			2	2			26			25	1	224			222	2	6	4		2	1		1			20	5	0	15	14		1		0	9	23	132	222	1			1			1	224				2			2			1	2737				1	1			2	2			26			25	1	224			222	2	6	4		2	1		1			20	5	0	15	14		1		0	9	23	132	222	1			1			1	224				2			2			1	2737																																																																						0									0															0	0	0					0			0									1											7			
pupiales	2024-12-31			275	275	0	0	92	92							0				15			15		57			57		6	4		2	2					7	5	0	2	2				0	2	2	2	7	1		1			1	2	55				4		1			4	2	177								0				15			15		57			57		6	4		2	2					7	5	0	2	2				0	2	2	2	7	1		1			1	2	55				4		1			4	2	177																																																																																																																															
purace	2024-12-31			37443	37443	0	41	1606	1606		5	41	3	13	25	1289	376	151	762	121	6		113	2	6071	547		5522	2	25	18		7	5	1	1			325	35	0	290	288	1	1		0	119	48	374	1543	34		2	2	9	23	15	581	3			695		4	2	129	564	110	28808	13			41	3	13	25	1289	376	151	762	121	6		113	2	6071	547		5522	2	25	18		7	5	1	1			325	35	0	290	288	1	1		0	119	48	374	1543	34		2	2	9	23	15	581	3			695		4	2	129	564	110	28808	13																																																																					0				1			1		14			14												0	0	0					0		2	0	29								5											41			
purificacion	2024-12-31			26102	26102	0	1277	456	456		9	2			2	269			269	44	2		40	2	3380	271		2749	360	10	5	1	3	3				1	206	8	2	193	193				3	9	46	493	2131	3			1		2	6	313				271			2		269	24	22172				2			2	269			269	44	2		40	2	3380	271		2749	360	10	5	1	3	3				1	206	8	2	193	193				3	9	46	493	2131	3			1		2	6	313				271			2		269	24	22172																																																																						0				1			1		331			331												0	0	0					0		2	0	391								9											1277			
purisima-de-la-concepcion	2024-12-31			252	252	0	86	115	115		9	6		1	5	81		76	5	7	1		6		82	76		6		8	6	1	1			1			13	10	2	1			1		0	9	11	9	15	2					2	2	78	3			77					77	2	103	3			6		1	5	81		76	5	7	1		6		82	76		6		8	6	1	1			1			13	10	2	1			1		0	9	11	9	15	2					2	2	78	3			77					77	2	103	3																																																																	2		1	1	77		76	1	2	1		1		77	76		1												0	0	0					0		1	0	1	1					1		8				76					76		10			
quebradanegra	2024-12-31			5411	5411	0	24	281	281		6	1			1	7			7	25			23	2	465			463	2	11	5	1	5	2		3			125	6	1	118	115		3		0	9	22	117	321							3	227										9	4767				1			1	7			7	25			23	2	465			463	2	11	5	1	5	2		3			125	6	1	118	115		3		0	9	22	117	321							3	227										9	4767																																																																						0									0															0	0	0					0			0									6											24			
quetame	2024-12-31			5379	5379	0	1	599	599		1	8		4	4	29		15	14	63	1		61	1	352	2		348	2	14	9		5	3		2			186	18	0	168	149		19		0	27	19	71	438	9		1		3	6	3	380				33		1		12	21	23	3999				8		4	4	29		15	14	63	1		61	1	352	2		348	2	14	9		5	3		2			186	18	0	168	149		19		0	27	19	71	438	9		1		3	6	3	380				33		1		12	21	23	3999																																																																						0									0															0	0	0					0			0									1											1			
quibdo	2024-12-31			28619	28606	1	155	3609	3608	1	15	68	13	15	40	398	80	74	244	173	1	1	165	6	1181	2	1	1152	26	108	84	1	21	11	1	9		2	393	260	1	124	77	1	46		8	300	35	1659	432	64		2	8	16	40	43	1558	31	1	3	341		4	63	56	222	238	13021	256	1	7	68	13	15	40	398	80	74	244	173	1	1	165	6	1181	2	1	1152	26	108	84	1	21	11	1	9		2	393	260	1	124	77	1	46		8	300	35	1659	432	64		2	8	16	40	43	1558	31	1	3	341		4	63	56	222	233	13016	256	1	7					0									0															0	0	0					0			0									1											1								0				1			1		2			2												0	0	0					0		2	0	8							1	13										1	144			
quimbaya	2024-12-31			25098	25098	0	157	1060	1060		11	20	2	9	9	92	15	16	61	68			65	3	2403	10		2373	20	67	45	3	19	15		3	1		483	74	5	404	390		13	1	0	59	47	331	1229	11				6	5	8	553	3			21				8	13	40	18887	5			20	2	9	9	92	15	16	61	68			65	3	2403	10		2373	20	67	45	3	19	15		3	1		483	74	5	404	390		13	1	0	59	47	331	1229	11				6	5	8	553	3			21				8	13	40	18887	5																																																																					0				1			1		4			4												0	0	0					0		1	0	4								10											156			
quinchia	2024-12-31			2907	2907	0	4	397	397		2	1			1	29			29	42	1		38	3	278	1		274	3	20	11		9	8		1			64	12	0	52	51		1		0	26	25	148	184							2	283	3									30	2309	6			1			1	29			29	42	1		38	3	278	1		274	3	20	11		9	8		1			64	12	0	52	51		1		0	26	25	148	184							2	283	3									30	2309	6																																																																					0									0															0	0	0					0			0									2											4			
quipama	2024-12-31			14979	14979	0	53	400	400		2	4		2	2	17		2	15	40			38	2	1741			1736	5	5	2		3	2		1			26	2	0	24	23		1		0	15	41	82	1299	1				1		4	331	1			1				1		46	12918	1			4		2	2	17		2	15	40			38	2	1741			1736	5	5	2		3	2		1			26	2	0	24	23		1		0	15	41	82	1299	1				1		4	331	1			1				1		46	12918	1																																																																					0				1			1		9			9												0	0	0					0		1	0	9								2											53			
quipile	2024-12-31			657	657	0	0	245	245			6		4	2	10		5	5	17			16	1	34			33	1	15	13		2	2					23	21	0	2	2				0	9	9	17	16	2				1	1	3	116				2				1	1	6	223				6		4	2	10		5	5	17			16	1	34			33	1	15	13		2	2					23	21	0	2	2				0	9	9	17	16	2				1	1	3	116				2				1	1	6	223																																																																																																																															
ragonvalia	2024-12-31			354	354	0	0	71	71							0				3			3		10			10		4	2		2	2					6	3	0	3	3				0		4	0	10							1	52										2	136								0				3			3		10			10		4	2		2	2					6	3	0	3	3				0		4	0	10							1	52										2	136																																																																																																																															
ramiriqui	2024-12-31			946	946	0	1	335	335		1	8	2	3	3	10	2	4	4	18	1		17		62	2		60		10	5		5	5					19	5	0	14	14				0	54	18	77	68	9		1	2	3	4	6	177	2			11		1	2	3	6	12	556	2			8	2	3	3	10	2	4	4	18	1		17		62	2		60		10	5		5	5					19	5	0	14	14				0	54	18	77	68	9		1	2	3	4	6	177	2			11		1	2	3	6	12	556	2																																																																					0									0															0	0	0					0			0									1											1			
raquira	2024-12-31			7583	7583	0	35	713	713		5	14	3	3	8	178	58	104	16	34	2		32		370	4		366		38	25	2	11	8	1	2			125	46	2	77	65	5	7		0	58	39	349	380	15		2	1	5	9	4	283	2			99		2	16	49	34	120	5568	10			14	3	3	8	178	58	104	16	34	2		32		370	4		366		38	25	2	11	8	1	2			125	46	2	77	65	5	7		0	58	39	349	380	15		2	1	5	9	4	283	2			99		2	16	49	34	120	5568	10																																																																					0				1			1		22			22												0	0	0					0		2	0	23								5											35			
recetor	2024-12-31			1315	1315	0	7	268	268		1	3			3	13			13	38	1		36	1	163	2		153	8	1			1	1					9	0	0	9	9				0	3	20	6	86	1					1	5	236				4					4	13	1142				3			3	13			13	38	1		36	1	163	2		153	8	1			1	1					9	0	0	9	9				0	3	20	6	86	1					1	5	236				4					4	13	1142																																																																						0									0															0	0	0					0			0									1											7			
regidor	2024-12-31			52	52	0	0	45	45							0									0															0	0	0					0			0									2											2								0									0															0	0	0					0			0									2											2																																																																																																																															
remedios	2024-12-31			8177	8177	0	43	1131	1131		9	31	4	7	20	82	14	22	46	96	7	1	79	9	897	19	2	836	40	13	5		7	5		2		1	64	6	0	57	51		6		1	56	43	157	547	20			2	4	14	13	744	5		2	49			12	10	27	36	6066	17		2	31	4	7	20	82	14	22	46	96	7	1	79	9	897	19	2	836	40	13	5		7	5		2		1	64	6	0	57	51		6		1	56	43	157	547	20			2	4	14	13	744	5		2	49			12	10	27	36	6066	17		2																																																																			0				1			1		1			1												0	0	0					0		1	0	1								8											41			
remolino	2024-12-31			2790	2790	0	502	210	210		21	14	2	3	9	865	209	15	641	21	1		18	2	123	1		109	13	6	3	1	1	1				1	668	3	485	8	8				172	9	46	327	220	9			2	2	5	8	171	2			380			4	16	360	30	1944	302			14	2	3	9	865	209	15	641	21	1		18	2	123	1		109	13	6	3	1	1	1				1	668	3	485	8	8				172	9	46	327	220	9			2	2	5	8	171	2			380			4	16	360	30	1944	302																																																																	5	1	1	3	367	198	8	161	3			3		36			36												0	0	0					0		3	0	30	1					1		18	1			198					198		285	4		
repelon	2024-12-31			2564	2564	0	144	305	305		11	2			2	23			23	37	3		31	3	286	3		249	34	12	7		5	4		1			47	11	0	36	34		2		0	2	44	21	257	2					2	5	240				3					3	11	2275				2			2	23			23	37	3		31	3	286	3		249	34	12	7		5	4		1			47	11	0	36	34		2		0	2	44	21	257	2					2	5	240				3					3	11	2275																																																																						0				2			2		19			19												0	0	0					0		1	0	14								10											122			
restrepo-met	2024-12-31			188181	188181	0	4759	1494	1494		14	19	1	7	11	218	1	18	199	123	4	2	109	8	18024	17	5	15384	2618	63	37	3	21	9		12		2	2775	75	5	2538	2485		53		157	32	70	327	14654	16		1	1	3	12	15	899	7			96		6	2	13	81	1963	164351	27			19	1	7	11	218	1	18	199	123	4	2	109	8	18024	17	5	15384	2618	63	37	3	21	9		12		2	2775	75	5	2538	2485		53		157	32	70	327	14654	16		1	1	3	12	15	899	7			96		6	2	13	81	1963	164351	27																																																																					0				1			1		291			291												0	0	0					0		2	0	298								13											4752			
restrepo-vac	2024-12-31			7612	7612	0	11	819	819		3	13	1	1	11	49	1	3	45	66	1		60	5	482	1		465	16	27	19	1	7	7					131	48	1	82	82				0	51	31	379	426	10			1	2	7	8	469	4			18			1	4	13	22	5468	5			13	1	1	11	49	1	3	45	66	1		60	5	482	1		465	16	27	19	1	7	7					131	48	1	82	82				0	51	31	379	426	10			1	2	7	8	469	4			18			1	4	13	22	5468	5																																																																					0									0															0	0	0					0			0									3											11			
retiro	2024-12-31			58325	58325	0	121	1764	1764		8	80	4	24	52	1007	9	85	913	216	4		208	4	4695	22		4621	52	74	51	4	19	12		7			594	73	10	511	504		7		0	188	62	2333	3126	29			3	5	21	19	785	13			897			8	6	883	94	49333	21			80	4	24	52	1007	9	85	913	216	4		208	4	4695	22		4621	52	74	51	4	19	12		7			594	73	10	511	504		7		0	188	62	2333	3126	29			3	5	21	19	785	13			897			8	6	883	94	49333	21																																																																					0				1			1		22			22												0	0	0					0		3	0	38								8											121			
ricaurte-cun	2024-12-31			7673	7673	0	204	405	405		8	4	1	1	2	4	1	1	2	43		2	39	2	793		20	614	159	21	10	1	9	6		2	1	1	150	13	4	131	127		3	1	2	7	33	129	479	2				1	1	4	296		1		2				1	1	5	6732		1		4	1	1	2	4	1	1	2	43		2	39	2	793		20	614	159	21	10	1	9	6		2	1	1	150	13	4	131	127		3	1	2	7	33	129	479	2				1	1	4	296		1		2				1	1	5	6732		1																																																																				0				1			1		23			23												0	0	0					0		1	0	23								8											204			
ricaurte-nar	2024-12-31			434769	434768	0	21	2945	2945		4	42	4	13	25	9664	6	1406	8252	184	4		176	4	27332	13		26911	408	43	37		6	5		1			704	79	0	625	624		1		0	161	39	13175	2392	48		3	3	9	36	30	1005	8			3767		3	5	337	3425	1432	334685	31			42	4	13	25	9664	6	1406	8252	184	4		176	4	27332	13		26911	408	43	37		6	5		1			704	79	0	625	624		1		0	161	39	13174	2392	48		3	3	9	36	30	1005	8			3767		3	5	337	3425	1432	334684	31																																																																					0				1			1		1			1												0	0	0					0		1	0	1								4											21			
rio-de-oro	2024-12-31			1768	1768	0	21	324	324		5	4		2	2	8		6	2	36			35	1	182			181	1	4			4	2		2			19	0	0	19	13		6		0	7	25	10	187	1					1	4	266	2			1					1	5	1455	5			4		2	2	8		6	2	36			35	1	182			181	1	4			4	2		2			19	0	0	19	13		6		0	7	25	10	187	1					1	4	266	2			1					1	5	1455	5																																																																					0									0															0	0	0					0			0									5											21			
rio-iro	2024-12-31			351	351	0	0	181	181			4	1		3	13	4		9	18	1		17		27	1		26		2	1		1	1					3	2	0	1	1				0	6	10	21	11	5			1	1	3		150				16			4	1	11		260				4	1		3	13	4		9	18	1		17		27	1		26		2	1		1	1					3	2	0	1	1				0	6	10	21	11	5			1	1	3		150				16			4	1	11		260																																																																																																																															
rio-quito	2024-12-31			2534	2534	0	25	584	584		4	19	3	4	12	75	7	4	64	24	2	1	19	2	77	2	1	71	3	7	6							1	18	17	0	0					1	66	5	160	26	15			2	3	10	4	298	4			63			6	4	53	7	1201	9			19	3	4	12	75	7	4	64	24	2	1	19	2	77	2	1	71	3	7	6							1	18	17	0	0					1	66	5	160	26	15			2	3	10	4	298	4			63			6	4	53	7	1201	9																																																																					0									0															0	0	0					0			0									3											21			
rio-viejo	2024-12-31			313	313	0	12	142	142		8	7		1	6	9		1	8	7			6	1	17			16	1	6	3		2	2				1	10	6	0	2	2				2	13	11	22	17	4					4	3	110				6					6	4	177	2			7		1	6	9		1	8	7			6	1	17			16	1	6	3		2	2				1	10	6	0	2	2				2	13	11	22	17	4					4	3	110				6					6	4	177	2																																																																					0				1			1		1			1												0	0	0					0		1	0	2								8											12			
rioblanco	2024-12-31			6075	6075	0	7	558	558		3	18	2	3	13	126	3	54	69	50	2		48		407	67		340		6	3	1	2	2					42	4	3	35	35				0	43	19	304	176	14			1	4	9	6	390	2			125			1	68	56	23	2966	2			18	2	3	13	126	3	54	69	50	2		48		407	67		340		6	3	1	2	2					42	4	3	35	35				0	43	19	304	176	14			1	4	9	6	390	2			125			1	68	56	23	2966	2																																																																					0									0															0	0	0					0			0									3											7			
riofrio	2024-12-31			9560	9560	0	70	1018	1018		9	21	2	5	14	134	4	77	53	74	3		64	7	683	20		564	99	29	17	4	7	3		4		1	141	50	6	84	75		9		1	71	44	404	451	13		1	1	2	10	13	635	1			81		5	2	30	49	50	6206	5			21	2	5	14	134	4	77	53	74	3		64	7	683	20		564	99	29	17	4	7	3		4		1	141	50	6	84	75		9		1	71	44	404	451	13		1	1	2	10	13	635	1			81		5	2	30	49	50	6206	5																																																																					0				1			1		4			4												0	0	0					0		1	0	4								8											68			
riohacha	2024-12-31			311794	310616	660	15679	1233	1190	85	70	40	5	12	23	9174	10	2370	6794	95	9	2	78	6	28645	361	3	27102	1179	39	27	1	9	7		2		2	3515	75	1	3429	3425		4		10	33	107	98	56558	29			2	6	21	27	714	9	1		3550			5	25	3520	8748	266658	40	1		38	5	11	22	9172	10	2369	6793	92	9	2	75	6	28610	361	3	27067	1179	39	27	1	9	7		2		2	3515	75	1	3429	3425		4		10	32	107	97	56548	27			2	5	20	26	697	9	1		3545			5	24	3516	8678	266202	38	1		2			2	5			5	3			3		10			10												0	0	0					0		16	0	127	5					5	5	49	1			38					38	88	459	2			9	1	2	6	2387	2	2293	92	5		1	4		3714		1	3713												0	0	0					0		4	0	2214	2					2	1	49	1			3					3	1	13889	19		
rionegro-ant	2024-12-31			79311	79306	0	1509	3122	3120		12	70	6	27	37	360	23	93	244	115	4		108	3	5234	35		3680	1519	276	226	6	44	28	3	12	1		2968	689	26	2253	2204	21	24	4	0	259	77	1937	8402	61	1	2	5	16	40	23	1217	3			377	3	6	15	44	318	216	60586	10			70	6	27	37	360	23	93	244	115	4		108	3	5234	35		3680	1519	276	226	6	44	28	3	12	1		2968	689	26	2253	2204	21	24	4	0	259	77	1937	8402	61	1	2	5	16	40	23	1217	3			377	3	6	15	44	318	216	60586	10																																																																					0				1			1		161			161												0	0	0					0		3	0	279								10											1506			
rionegro-san	2024-12-31			13594	13594	0	107	1240	1240		10	28	2	8	18	90	4	21	65	95	3	2	84	6	931	14	11	833	73	40	23	1	15	9		6		1	176	97	2	76	64		12		1	82	38	478	561	23			3	4	16	10	773	8			65			6	8	51	62	7569	24			28	2	8	18	90	4	21	65	95	3	2	84	6	931	14	11	833	73	40	23	1	15	9		6		1	176	97	2	76	64		12		1	82	38	478	561	23			3	4	16	10	773	8			65			6	8	51	62	7569	24																																																																	1		1		4		4		1		1			4		4													0	0	0					0			0		1					1		8				4					4		102			
riosucio-cal	2024-12-31			57826	57826	0	11	1397	1397		4	38	1	13	24	1314	1	939	374	158	5		150	3	10413	921		9488	4	86	68	1	16	5	2	9		1	636	91	1	543	524	3	16		1	111	40	695	2195	21		1		5	16	15	619	6			1208		2		7	1201	184	49163	15			38	1	13	24	1314	1	939	374	158	5		150	3	10413	921		9488	4	86	68	1	16	5	2	9		1	636	91	1	543	524	3	16		1	111	40	695	2195	21		1		5	16	15	619	6			1208		2		7	1201	184	49163	15																																																																					0				1			1		5			5												0	0	0					0		1	0	5								4											11			
riosucio-cho	2024-12-31			53995	53596	14	559	2795	2794	2	23	54	7	13	34	1171	39	452	680	174	9	3	151	11	6941	88	6	6213	634	71	47	1	20	10	1	9		3	919	236	297	296	274	1	21		90	95	76	694	2908	41			4	8	29	34	1338	23		2	699			16	76	607	469	37990	164		10	54	7	13	34	1171	39	452	680	174	9	3	151	11	6916	88	6	6188	634	71	47	1	20	10	1	9		3	919	236	297	296	274	1	21		90	95	76	693	2894	41			4	8	29	34	1337	23		2	699			16	76	607	468	37667	164		10					0									0															0	0	0					0		1	0	8								2											14				2		1	1	2		1	1	3		1	2		78		1	77												0	0	0					0		3	0	83	2					2		19				2					2		545			
risaralda-cal	2024-12-31			2370	2370	0	18	256	256		4	1			1	2			2	30			29	1	221			217	4	14	4	1	8	6		2		1	60	4	1	54	51		3		1	10	28	19	171	1					1	1	202	1			2					2	2	2006	1			1			1	2			2	30			29	1	221			217	4	14	4	1	8	6		2		1	60	4	1	54	51		3		1	10	28	19	171	1					1	1	202	1			2					2	2	2006	1																																																																					0				1			1		4			4												0	0	0					0		1	0	4								4											18			
rivera	2024-12-31			19619	19619	0	147	590	590		7	7		2	5	69		2	67	68		2	63	3	2016		2	1981	33	26	18	2	5	4		1		1	176	35	4	136	134		2		1	16	44	336	1036	4		1		1	3	4	378	2			26		1		3	23	48	16250	2			7		2	5	69		2	67	68		2	63	3	2016		2	1981	33	26	18	2	5	4		1		1	176	35	4	136	134		2		1	16	44	336	1036	4		1		1	3	4	378	2			26		1		3	23	48	16250	2																																																																					0				1			1		16			16												0	0	0					0		1	0	16								7											147			
roberto-payan	2024-12-31			140	140	0	0	80	80			1			1	1			1	11			11		14			14												0	0	0					0	2	1	2	1							1	66			1							1	107			1	1			1	1			1	11			11		14			14												0	0	0					0	2	1	2	1							1	66			1							1	107			1																																																																																																																												
roldanillo	2024-12-31			4837	4837	0	49	691	691		7	13	2	5	6	31	7	11	13	59	1		54	4	359	1		343	15	33	21	1	10	5		5		1	112	54	1	56	47		9		1	29	28	113	272	9			1	4	4	3	400	2			23			1	14	8	7	3340	14			13	2	5	6	31	7	11	13	59	1		54	4	359	1		343	15	33	21	1	10	5		5		1	112	54	1	56	47		9		1	29	28	113	272	9			1	4	4	3	400	2			23			1	14	8	7	3340	14																																																																					0									0															0	0	0					0			0									6											46			
roncesvalles	2024-12-31			18870	18870	0	6	965	965		3	33	2	8	23	645	54	191	400	91	4		82	5	2456	163		2267	26	22	15	1	6	5		1			75	18	30	27	26		1		0	80	32	650	531	25				8	17	14	590	2			388				64	324	202	12925	9			33	2	8	23	645	54	191	400	91	4		82	5	2456	163		2267	26	22	15	1	6	5		1			75	18	30	27	26		1		0	80	32	650	531	25				8	17	14	590	2			388				64	324	202	12925	9																																																																					0				1			1		4			4												0	0	0					0		1	0	4								3											6			
rondon	2024-12-31			3285	3285	0	2	356	356		1	15		4	11	85		9	76	32			32		193			193		10	7		3	2		1			57	47	0	10	6		4		0	31	13	181	59	12				3	9	2	206				78				8	70	18	1536				15		4	11	85		9	76	32			32		193			193		10	7		3	2		1			57	47	0	10	6		4		0	31	13	181	59	12				3	9	2	206				78				8	70	18	1536																																																																						0				1			1		2			2												0	0	0					0		1	0	2								1											2			
rosas	2024-12-31			420	420	0	0	178	178			1			1	1			1	12			12		34			34		3	2		1	1					10	2	0	8	8				0	4	7	9	27								92	1										224	3			1			1	1			1	12			12		34			34		3	2		1	1					10	2	0	8	8				0	4	7	9	27								92	1										224	3																																																																																																																														
rovira	2024-12-31			1733	1733	0	14	323	323		4	11	2	3	6	15	3	3	9	31	2		28	1	124	2		121	1	7	4		3	3					31	19	0	12	12				0	23	15	73	77	10	1		1	2	7	5	202	1			12	2		2	2	8	12	1086	4			11	2	3	6	15	3	3	9	31	2		28	1	124	2		121	1	7	4		3	3					31	19	0	12	12				0	23	15	73	77	10	1		1	2	7	5	202	1			12	2		2	2	8	12	1086	4																																																																					0									0															0	0	0					0			0									3											12			
sabana-de-torres	2024-12-31			13669	13669	0	205	762	762		13	24	3	6	15	258	18	143	97	81	6	1	64	10	3414	44	31	2189	1150	17	8		7	4		3		2	414	103	0	291	54		237		20	58	30	395	320	14			3	3	8	13	567	7	1	1	203			18	137	48	28	10170	94	2	2	24	3	6	15	258	18	143	97	81	6	1	64	10	3414	44	31	2189	1150	17	8		7	4		3		2	414	103	0	291	54		237		20	58	30	395	320	14			3	3	8	13	567	7	1	1	203			18	137	48	28	10170	94	2	2																																																															1		1		3		3		2	1		1		12	3		9												0	0	0					0		1	0	9	1					1		11				3					3		201			
sabanagrande	2024-12-31			2411	2411	0	165	218	218		15	3			3	15			15	20			19	1	221			209	12	4	2		1	1				1	43	2	0	39	39				2	8	39	12	324	3				1	2	5	184	1			17				2	15	31	2141	1			3			3	15			15	20			19	1	221			209	12	4	2		1	1				1	43	2	0	39	39				2	8	39	12	324	3				1	2	5	184	1			17				2	15	31	2141	1																																																																					0				2			2		12			12												0	0	0					0		3	0	20								13											149			
sabanalarga-ant	2024-12-31			450532	450532	0	755	1013	1013		8	26	2	7	17	2154	3	687	1464	80	5	2	66	7	64194	1029	24	62996	145	27	10	2	9	5		4		6	6475	4236	75	1998	1837		161		166	83	47	9810	2873	22			3	2	17	11	631	5			1950			149	4	1797	30	230632	220			26	2	7	17	2154	3	687	1464	80	5	2	66	7	64194	1029	24	62996	145	27	10	2	9	5		4		6	6475	4236	75	1998	1837		161		166	83	47	9810	2873	22			3	2	17	11	631	5			1950			149	4	1797	30	230632	220																																																																					0				1			1		46			46												0	0	0					0		1	0	46								7											748			
sabanalarga-atl	2024-12-31			2993	2993	0	51	412	412		15	5		2	3	12		3	9	41	1		35	5	128	1		119	8	15	12		3	3					185	163	0	22	22				0	8	24	15	74	5				2	3	3	273	2			23				3	20	7	1917	4			5		2	3	12		3	9	41	1		35	5	128	1		119	8	15	12		3	3					185	163	0	22	22				0	8	24	15	74	5				2	3	3	273	2			23				3	20	7	1917	4																																																																					0				2			2		5			5												0	0	0					0		2	0	5								13											43			
sabanalarga-cas	2024-12-31			8917	8917	0	53	908	908		8	7	1		6	11	4		7	65	1	1	58	5	793	2	1	706	84	15	10		4	3		1		1	78	22	0	53	52		1		3	31	36	50	481	12			1		11	4	576	4			19			4		15	52	5948	4			7	1		6	11	4		7	65	1	1	58	5	793	2	1	706	84	15	10		4	3		1		1	78	22	0	53	52		1		3	31	36	50	481	12			1		11	4	576	4			19			4		15	52	5948	4																																																																					0				1			1		12			12												0	0	0					0		1	0	12								8											53			
sabanas-de-san-angel	2024-12-31			1091	1091	0	10	435	435		7	6	1	4	1	9	2	5	2	30	1		26	3	72	2		63	7	5	3		2	2					7	3	0	4	4				0	26	17	42	45	4				2	2	1	229	1			6				3	3	1	635	1			6	1	4	1	9	2	5	2	30	1		26	3	72	2		63	7	5	3		2	2					7	3	0	4	4				0	26	17	42	45	4				2	2	1	229	1			6				3	3	1	635	1																																																																					0				1			1		1			1												0	0	0					0		1	0	1								7											10			
sabaneta	2024-12-31			68210	68210	0	24	886	886		6	9		3	6	2185		682	1503	82	4		73	5	3998	64		3928	6	57	40	1	16	9	1	5	1		1659	693	2	964	925	6	31	2	0	29	50	3843	6802	8				2	6	9	550	2			1497				2	1495	588	55209	11			9		3	6	2185		682	1503	82	4		73	5	3998	64		3928	6	57	40	1	16	9	1	5	1		1659	693	2	964	925	6	31	2	0	29	50	3843	6802	8				2	6	9	550	2			1497				2	1495	588	55209	11																																																																					0				1			1		2			2												0	0	0					0		1	0	2								6											24			
saboya	2024-12-31			794	794	0	2	192	192		1	3			3	5			5	17			17		73			73		6	4	1	1	1					12	4	2	6	6				0	15	12	42	40	2		1			2	3	110	1			3		1			3	11	499	1			3			3	5			5	17			17		73			73		6	4	1	1	1					12	4	2	6	6				0	15	12	42	40	2		1			2	3	110	1			3		1			3	11	499	1																																																																					0									0															0	0	0					0			0									1											2			
sacama	2024-12-31			1327	1327	0	13	337	337		4	2	1	1		3	1	2		17			15	2	56			50	6	3			2	2				1	8	0	0	4	4				4	2	16	2	59	1					1	1	162				2					2	4	509				2	1	1		3	1	2		17			15	2	56			50	6	3			2	2				1	8	0	0	4	4				4	2	16	2	59	1					1	1	162				2					2	4	509																																																																						0									0															0	0	0					0		1	0	4								4											13			
sachica	2024-12-31			1262	1262	0	4	338	338		1	5		2	3	25		11	14	17			17		78			78		37	28	1	8	6		1	1		51	38	2	11	9		1	1	0	23	5	52	48	5				3	2	2	140	1			16				14	2	22	682	4			5		2	3	25		11	14	17			17		78			78		37	28	1	8	6		1	1		51	38	2	11	9		1	1	0	23	5	52	48	5				3	2	2	140	1			16				14	2	22	682	4																																																																					0									0															0	0	0					0			0									1											4			
sahagun	2024-12-31			7975	7975	0	155	483	483		7	8		4	4	230		210	20	58	1	1	53	3	938	4	1	881	52	16	12		4	2		2			170	36	0	134	131		3		0	9	40	65	769	3			1		2	3	357				200			198		2	45	6567				8		4	4	230		210	20	58	1	1	53	3	938	4	1	881	52	16	12		4	2		2			170	36	0	134	131		3		0	9	40	65	769	3			1		2	3	357				200			198		2	45	6567																																																																						0				1			1		8			8												0	0	0					0		1	0	8								7											155			
saladoblanco	2024-12-31			1136	1136	0	4	317	317		2	7		1	6	13		2	11	32	1		31		115	1		114		1			1	1					11	0	0	11	11				0	15	15	30	45	6				1	5	6	245	1			9				2	7	16	876	1			7		1	6	13		2	11	32	1		31		115	1		114		1			1	1					11	0	0	11	11				0	15	15	30	45	6				1	5	6	245	1			9				2	7	16	876	1																																																																					0									0															0	0	0					0			0									2											4			
salamina-cal	2024-12-31			9358	9358	0	4	837	837		2	26		10	16	158		43	115	70	3		67		891	4		887		32	24		8	5	1	2			131	27	0	104	101	1	2		0	63	32	385	400	22				5	17	8	519	5			72				20	52	39	6834	22			26		10	16	158		43	115	70	3		67		891	4		887		32	24		8	5	1	2			131	27	0	104	101	1	2		0	63	32	385	400	22				5	17	8	519	5			72				20	52	39	6834	22																																																																					0									0															0	0	0					0			0									2											4			
salamina-mag	2024-12-31			241	240	0	14	93	92		6					0				8			7	1	20			18	2	3	2		1	1					10	2	0	8	8				0	1	11	1	21	1					1		77				1					1		205								0				8			7	1	20			18	2	2	1		1	1					9	1	0	8	8				0	1	11	1	21	1					1		77				1					1		205																																																																						0									0															0	0	0					0			0									5											13			
salazar	2024-12-31			786	786	0	0	248	248			6		1	5	29		3	26	27			27		76			76		2	1		1	1					2	1	0	1	1				0	6	9	28	39	7				1	6		171	1			30				3	27		546	2			6		1	5	29		3	26	27			27		76			76		2	1		1	1					2	1	0	1	1				0	6	9	28	39	7				1	6		171	1			30				3	27		546	2																																																																																																																														
saldana	2024-12-31			1501	1501	0	47	318	318		7					0				19	1		17	1	119	1		97	21	15	6	1	7	4		3		1	53	7	1	40	36		4		5	11	17	20	106	2					2	1	199	1			4					4	1	1062	1							0				19	1		17	1	119	1		97	21	15	6	1	7	4		3		1	53	7	1	40	36		4		5	11	17	20	106	2					2	1	199	1			4					4	1	1062	1																																																																					0									0															0	0	0					0			0									7											47			
salento	2024-12-31			149554	149554	0	256	2484	2484		10	84	3	32	49	3398	512	816	2070	159	8		148	3	18508	632		17869	7	127	102	2	23	14	1	8			2219	238	3	1978	1962	1	15		0	233	58	2588	9669	70		2	2	24	44	23	1031	11			1715		3	41	232	1442	688	123012	78			84	3	32	49	3398	512	816	2070	159	8		148	3	18508	632		17869	7	127	102	2	23	14	1	8			2219	238	3	1978	1962	1	15		0	233	58	2588	9669	70		2	2	24	44	23	1031	11			1715		3	41	232	1442	688	123012	78																																																																					0				1			1		18			18												0	0	0					0		1	0	18								10											256			
salgar	2024-12-31			9101	9101	0	7	1123	1123		4	29		13	16	112		47	65	83	4		71	8	551	5	1	535	10	31	17	1	13	9		3	1		157	36	1	120	111		5	4	0	118	39	663	564	20				7	13	9	566	3			76				25	51	41	6118	4			29		13	16	112		47	65	83	4		71	8	551	5	1	535	10	31	17	1	13	9		3	1		157	36	1	120	111		5	4	0	118	39	663	564	20				7	13	9	566	3			76				25	51	41	6118	4																																																																					0									0															0	0	0					0			0									4											7			
samaca	2024-12-31			3197	3197	0	1	478	478		1	7		2	5	73		4	69	29	1		28		255	1		254		16	9	1	6	4		2			39	20	2	17	9		8		0	58	12	487	33	5		1		1	4	5	167				33		2		3	30	93	1439				7		2	5	73		4	69	29	1		28		255	1		254		16	9	1	6	4		2			39	20	2	17	9		8		0	58	12	487	33	5		1		1	4	5	167				33		2		3	30	93	1439																																																																						0									0															0	0	0					0			0									1											1			
samana	2024-12-31			73486	73486	0	187	1783	1783		9	67	7	19	41	1514	70	592	852	128	8	1	113	6	6927	174	1	6462	290	26	15	2	7	5		2		2	353	42	4	304	302		2		3	168	54	3379	5741	55			5	17	33	28	1092	13	1	2	748			66	56	626	413	61180	41	1	5	67	7	19	41	1514	70	592	852	128	8	1	113	6	6927	174	1	6462	290	26	15	2	7	5		2		2	353	42	4	304	302		2		3	168	54	3379	5741	55			5	17	33	28	1092	13	1	2	748			66	56	626	413	61180	41	1	5																																																																			0				1			1		58			58												0	0	0					0		2	0	59								9											187			
samaniego	2024-12-31			297	297	0	0	176	176							0				3			3		4			4		11	11								12	12	0	0					0	6	2	6	4	1				1			59	1			1				1			97	3							0				3			3		4			4		11	11								12	12	0	0					0	6	2	6	4	1				1			59	1			1				1			97	3																																																																																																																														
sampues	2024-12-31			1382	1382	0	7	227	227		4	2			2	2			2	30		1	28	1	102		1	98	3	7	4		3	2		1			52	10	0	42	26		16		0	2	11	4	50	3					3	2	166				3					3	2	621				2			2	2			2	30		1	28	1	102		1	98	3	7	4		3	2		1			52	10	0	42	26		16		0	2	11	4	50	3					3	2	166				3					3	2	621																																																																						0									0															0	0	0					0			0									4											7			
san-agustin	2024-12-31			43658	43658	0	170	1429	1429		5	41	5	9	27	708	10	72	626	129	8		116	5	3267	86		3171	10	64	48	3	13	9		4			601	113	5	483	476		7		0	87	47	1966	2433	26		1	2	8	16	24	736	8			203		1	5	85	113	653	33738	48			41	5	9	27	708	10	72	626	129	8		116	5	3267	86		3171	10	64	48	3	13	9		4			601	113	5	483	476		7		0	87	47	1966	2433	26		1	2	8	16	24	736	8			203		1	5	85	113	653	33738	48																																																																					0				1			1		1			1												0	0	0					0		1	0	1								5											170			
san-alberto	2024-12-31			3392	3392	0	33	587	587		10	9		1	8	23		1	22	50	2	1	41	6	253	4	2	222	25	36	24		12	7		5			147	41	0	106	101		5		0	14	30	19	159	7				1	6	1	384	5			13				1	12	3	1644	14			9		1	8	23		1	22	50	2	1	41	6	253	4	2	222	25	36	24		12	7		5			147	41	0	106	101		5		0	14	30	19	159	7				1	6	1	384	5			13				1	12	3	1644	14																																																																					0									0															0	0	0					0			0									8											30			
san-andres-de-cuerquia	2024-12-31			4953	4953	0	1	507	507		1	14	1	5	8	65	26	13	26	54	3		46	5	234	18		158	58	14	8		6	6					84	76	0	8	8				0	29	20	82	113	12			1	2	9	6	347	1			63			26	2	35	24	2049	2			14	1	5	8	65	26	13	26	54	3		46	5	234	18		158	58	14	8		6	6					84	76	0	8	8				0	29	20	82	113	12			1	2	9	6	347	1			63			26	2	35	24	2049	2																																																																					0									0															0	0	0					0			0									1											1			
san-andres-de-sotavento	2024-12-31			180	180	0	1	60	60		1					0				3			3		4			4		1	1								2	2	0	0					0		2	0	2								50	1										122	4							0				3			3		4			4		1	1								2	2	0	0					0		2	0	2								50	1										122	4																																																																					0									0															0	0	0					0			0									1											1			
san-andres-de-tumaco	2024-12-31			111086	96286	3879	5484	2687	2559	303	105	41	6	16	19	2591	62	444	2085	105	6	2	92	5	6467	139	2	5837	489	101	82	1	17	7	1	9		1	1092	234	2	855	823	1	31		1	53	101	149	9735	35			4	7	24	29	1021	18		1	1549			49	39	1461	1365	63425	39		5	41	6	16	19	2365	57	439	1869	105	6	2	92	5	6448	125	2	5832	489	101	82	1	17	7	1	9		1	1091	233	2	855	823	1	31		1	53	101	149	9735	32			3	7	22	29	987	18		1	1532			45	34	1453	1365	63255	38		5	5	1	2	2	226	5	5	216	3	3				14	14														0	0	0					0		10	0	54	7			2	1	4	1	52	1			18			4	5	9	4	150	1							0				2			2		222			222												0	0	0					0		6	0	226								63	4										4297	11		
san-andres-san	2024-12-31			1340	1340	0	6	278	278		2	11	3	4	4	23	8	7	8	32	2		29	1	114	8		100	6	5	3	1	1	1					23	7	1	15	15				0	16	48	31	240	5			1	1	3	8	215				14			1	1	12	58	1095				11	3	4	4	23	8	7	8	32	2		29	1	114	8		100	6	5	3	1	1	1					23	7	1	15	15				0	16	48	31	240	5			1	1	3	8	215				14			1	1	12	58	1095																																																																						0				1			1		5			5												0	0	0					0		1	0	5								1											5			
san-andres-sap	2024-12-31			102150	51151	34060	5042	1483	865	815	64	47	9	16	22	2672	887	260	1525	73	4	1	68		15101	65	22	15014		82	62	1	16	7		8	1	3	1754	192	52	734	687		46	1	776	4	119	1308	19179	53			24	6	23	30	525	12			12914			4720	3000	5194	5193	50562	86			26	6	8	12	2261	795	130	1336	42	1	1	40		3520	58	22	3440		82	62	1	16	7		8	1	3	1750	192	49	733	687		45	1	776	4	118	1264	19006	22			10	2	10	18	381	2			1960			59	16	1885	3092	38174	3			28	10	5	13	338	51	143	144	51	3		48		11594	7		11587		1		1							3	0	3	0					0		26	0	485	48			23	6	19	22	235	10			10959			4661	2984	3314	2224	12253	83			6			6	72			72	4			4		392			392												0	0	0					0		4	0	1114	5			1	1	3	3	36	2			59			6	5	48	30	4793	8		
san-antero	2024-12-31			27622	27470	184	2409	795	790	27	50	15	1	2	12	348	1	53	294	66	4	1	56	5	2798	9	1	2475	313	29	15		13	8		5		1	299	21	0	267	247		20		11	11	89	228	5017	10			1	1	8	16	496	5			177			2	5	170	480	22763	63			12	1	2	9	256	1	53	202	64	4	1	54	5	2790	9	1	2467	313	29	15		13	8		5		1	299	21	0	267	247		20		11	11	89	228	5017	8					8	15	495	4			169					169	431	22719	13			4	1		3	93		1	92	3			3		9			9												0	0	0					0		11	0	18	5			1	1	3	2	17	1			11			2	5	4	50	67	50			7	1	1	5	99	1	2	96	5			5		338			338												0	0	0					0	1	4	1	190	3			1	1	1		33	2			12			2	5	5		2124	51		
san-antonio	2024-12-31			18580	18580	0	84	598	598		2	16	3	2	11	350	3	144	203	82	1		78	3	2169	143		2022	4	7	5		2	2					34	5	0	29	29				0	40	34	831	1166	7				3	4	9	422	2			205				41	164	165	15149	2			16	3	2	11	350	3	144	203	82	1		78	3	2169	143		2022	4	7	5		2	2					34	5	0	29	29				0	40	34	831	1166	7				3	4	9	422	2			205				41	164	165	15149	2																																																																					0									0															0	0	0					0			0									2											84			
san-antonio-del-tequendama	2024-12-31			215904	215902	0	1743	2034	2034		8	37	4	18	15	580	5	40	535	182	5		172	5	19287	9		18949	329	134	111	3	19	11		7	1	1	5037	232	4	4800	4772		20	8	1	117	59	3036	10927	29		3	1	11	17	14	777	7			140		5	1	32	107	803	181580	17			37	4	18	15	580	5	40	535	182	5		172	5	19287	9		18949	329	134	111	3	19	11		7	1	1	5037	232	4	4800	4772		20	8	1	117	59	3036	10927	29		3	1	11	17	14	777	7			140		5	1	32	107	803	181580	17																																																																					0				1			1		13			13												0	0	0					0		1	0	13								8											1743			
san-benito	2024-12-31			149	149	0	0	63	63							0				4			4		6			6		4	2		2	1		1			5	3	0	2	1		1		0	1	3	4	4								36											110								0				4			4		6			6		4	2		2	1		1			5	3	0	2	1		1		0	1	3	4	4								36											110																																																																																																																															
san-benito-abad	2024-12-31			4256	4252	0	100	431	431		15	16	1	3	12	64	1	25	38	41	3	1	34	3	171	8	1	146	16	23	14	1	6	5		1		2	48	16	1	26	25		1		5	15	33	46	166	8			3		5	7	295	3			13			5		8	10	1501	8			16	1	3	12	64	1	25	38	41	3	1	34	3	171	8	1	146	16	23	14	1	6	5		1		2	48	16	1	26	25		1		5	15	33	46	166	8			3		5	7	295	3			13			5		8	10	1499	8																																																																	2		1	1	2		1	1	3	1		2		6	1		5												0	0	0					0		2	0	5	1					1		13				1					1		95			
san-bernardo-cun	2024-12-31			2564	2564	0	3	782	782		1	11	1	7	3	21	7	10	4	37			37		72			72		27	19		8	8					60	48	0	12	12				0	56	14	133	27	10				7	3	7	305				19				15	4	10	741				11	1	7	3	21	7	10	4	37			37		72			72		27	19		8	8					60	48	0	12	12				0	56	14	133	27	10				7	3	7	305				19				15	4	10	741																																																																						0									0															0	0	0					0			0									1											3			
san-bernardo-del-viento	2024-12-31			18176	18175	0	2513	379	379		36	20	1	4	15	1442	3	35	1404	46	3	2	38	3	1898	41	2	1512	343	15	6	1	6	6				2	339	14	1	306	306				18	5	63	289	1959	9					9	11	283	3			116					116	319	15377	192			20	1	4	15	1442	3	35	1404	46	3	2	38	3	1898	41	2	1512	343	15	6	1	6	6				2	338	13	1	306	306				18	5	63	289	1959	9					9	11	283	3			116					116	319	15377	192																																																																	11	1	1	9	861	3	18	840	3	1		2		172	18		154												0	0	0					0	1	3	7	96	3					3		26	2			22					22		2301	2		
san-bernardo-nar	2024-12-31			470	470	0	0	190	190			2		1	1	2		1	1	21	1		20		51	1		50		4	3		1	1					5	4	0	1	1				0	5	3	8	18	2					2	1	105	1			2					2	2	299	1			2		1	1	2		1	1	21	1		20		51	1		50		4	3		1	1					5	4	0	1	1				0	5	3	8	18	2					2	1	105	1			2					2	2	299	1																																																																																																																														
san-calixto	2024-12-31			47	47	0	0	27	27			1			1	1			1						0															0	0	0					0			0		1					1		15	1			2					2		17	1			1			1	1			1						0															0	0	0					0			0		1					1		15	1			2					2		17	1																																																																																																																														
san-carlos-ant	2024-12-31			45365	45365	0	266	2187	2187		10	63	4	21	38	594	34	253	307	149	7	1	134	7	3799	127	2	3112	558	44	27	2	14	9		4	1	1	520	95	5	418	409		8	1	2	178	54	1965	2849	48			1	13	34	27	1246	9		2	355			2	119	234	179	32847	146		14	63	4	21	38	594	34	253	307	149	7	1	134	7	3799	127	2	3112	558	44	27	2	14	9		4	1	1	520	95	5	418	409		8	1	2	178	54	1965	2849	48			1	13	34	27	1246	9		2	355			2	119	234	179	32847	146		14																																																																			0				1			1		24			24												0	0	0					0		2	0	27								10											266			
san-carlos-cor	2024-12-31			827	824	0	59	193	193		10	2			2	14			14	21			19	2	54			39	15	7	4		2	1		1		1	30	15	0	13	12		1		2		24	0	99	3					3	3	142	1			4					4	4	528	16			2			2	14			14	21			19	2	54			39	15	7	4		2	1		1		1	30	15	0	13	12		1		2		24	0	99	3					3	3	142	1			4					4	4	528	16																																																																					0				1			1		1			1												0	0	0					0		2	0	8								9											51			
san-carlos-de-guaroa	2024-12-31			10734	10734	0	194	996	996		14	17	2	3	12	90	2	11	77	99	5	1	85	8	1234	26	10	1026	172	27	15		8	6		2		4	530	297	0	205	202		3		28	19	50	68	614	15			1	1	13	7	721	4			100			1	1	98	66	7169	11			17	2	3	12	90	2	11	77	99	5	1	85	8	1234	26	10	1026	172	27	15		8	6		2		4	530	297	0	205	202		3		28	19	50	68	614	15			1	1	13	7	721	4			100			1	1	98	66	7169	11																																																																					0				1			1		4			4												0	0	0					0		2	0	5								12											185			
san-cayetano-cun	2024-12-31			1577	1577	0	0	472	472			8	1	4	3	14	1	8	5	39			39		96			96		6	4		2	1		1			9	7	0	2	1		1		0	25	16	52	192	7			2	3	2	4	191	1			11			2	7	2	12	679	1			8	1	4	3	14	1	8	5	39			39		96			96		6	4		2	1		1			9	7	0	2	1		1		0	25	16	52	192	7			2	3	2	4	191	1			11			2	7	2	12	679	1																																																																																																																														
san-cayetano-nsa	2024-12-31			1867	1867	0	23	351	351		6	4		1	3	4		1	3	25			24	1	138			135	3	10	4		5	3		2		1	20	4	0	13	11		2		3	9	22	13	148	10				1	9	2	244				18				1	17	15	1525				4		1	3	4		1	3	25			24	1	138			135	3	10	4		5	3		2		1	20	4	0	13	11		2		3	9	22	13	148	10				1	9	2	244				18				1	17	15	1525																																																																						0				1			1		3			3												0	0	0					0		1	0	3								6											23			
san-cristobal	2024-12-31			171	171	0	5	98	98		4	11	2		9	22	3		19	7			7		12			12		2	1							1	4	2	0	0					2	19	4	37	4	6			1	1	4	2	73	3			14			1	2	11	2	111	8			11	2		9	22	3		19	7			7		12			12		2	1							1	4	2	0	0					2	19	4	37	4	6			1	1	4	2	73	3			14			1	2	11	2	111	8																																																																	1	1			1	1								0															0	0	0					0		1	0	1	1					1		3				1					1		4			
san-diego	2024-12-31			4832	4832	0	1	226	226		1	6		3	3	17		14	3	18	1		16	1	67	1		65	1	10	4		6	6					129	71	0	58	58				0	7	7	7	39	8				3	5	4	132	1			16				10	6	29	1727	1			6		3	3	17		14	3	18	1		16	1	67	1		65	1	10	4		6	6					129	71	0	58	58				0	7	7	7	39	8				3	5	4	132	1			16				10	6	29	1727	1																																																																					0									0															0	0	0					0			0									1											1			
san-eduardo	2024-12-31			1172	1172	0	0	69	69			2			2	5			5	7			6	1	7			6	1	1			1	1					1	0	0	1	1				0	1	3	1	5	3				1	2		54				4				2	2		1151				2			2	5			5	7			6	1	7			6	1	1			1	1					1	0	0	1	1				0	1	3	1	5	3				1	2		54				4				2	2		1151																																																																																																																															
san-estanislao	2024-12-31			402	402	0	20	171	171		9	5		1	4	6		2	4	21	1		19	1	48	1		44	3	5	2		3	3					11	3	0	8	8				0	4	23	4	49	4			1		3	2	145	1			5			1		4	2	332	1			5		1	4	6		2	4	21	1		19	1	48	1		44	3	5	2		3	3					11	3	0	8	8				0	4	23	4	49	4			1		3	2	145	1			5			1		4	2	332	1																																																																					0				1			1		3			3												0	0	0					0		2	0	4								8											17			
san-felipe	2024-12-31			2354	2354	0	13	714	714		4	2		1	1	15		14	1	40	2		38		221	3		218		6	3	1	1	1				1	7	3	1	2	2				1	1	16	2	70	5				1	4	5	448				21				14	7	11	1628				2		1	1	15		14	1	40	2		38		221	3		218		6	3	1	1	1				1	7	3	1	2	2				1	1	16	2	70	5				1	4	5	448				21				14	7	11	1628																																																																						0				1			1		1			1												0	0	0					0		1	0	1								4											13			
san-fernando	2024-12-31			1039	1039	0	27	340	340		6	2			2	5			5	15			13	2	48			45	3	10	9		1	1					20	11	0	9	9				0	2	12	2	84								178		1									588		1		2			2	5			5	15			13	2	48			45	3	10	9		1	1					20	11	0	9	9				0	2	12	2	84								178		1									588		1																																																																				0									0															0	0	0					0		1	0	8								6											27			
san-francisco-ant	2024-12-31			127238	127238	0	950	1793	1793		12	49	5	17	27	1655	28	1460	167	137	4	2	122	9	13753	34	4	13362	353	29	16		12	5		7		1	561	143	0	416	403		13		2	124	57	3092	8457	38			3	13	22	21	1013	6		1	256			14	132	110	868	108676	12		4	49	5	17	27	1655	28	1460	167	137	4	2	122	9	13753	34	4	13362	353	29	16		12	5		7		1	561	143	0	416	403		13		2	124	57	3092	8457	38			3	13	22	21	1013	6		1	256			14	132	110	868	108676	12		4																																																																			0				2			2		38			38												0	0	0					0		1	0	33								11											949			
san-francisco-cun	2024-12-31			41183	41183	0	24	1583	1583		5	28	1	11	16	237	1	127	109	120	1		116	3	9901	1		9897	3	91	74	1	16	9		7			948	114	1	833	812		21		0	121	50	2119	1405	29		1	2	11	16	15	685	5			235		2	2	139	94	80	32085	18			28	1	11	16	237	1	127	109	120	1		116	3	9901	1		9897	3	91	74	1	16	9		7			948	114	1	833	812		21		0	121	50	2119	1405	29		1	2	11	16	15	685	5			235		2	2	139	94	80	32085	18																																																																					0				1			1		9			9												0	0	0					0		1	0	9								5											24			
san-francisco-put	2024-12-31			18696	18696	0	46	1070	1070		5	36	4	10	22	1027	46	35	946	126	3		120	3	2137	5		2128	4	29	22		7	3	1	3			128	26	0	102	97	2	3		0	63	41	233	858	19		1	2	4	13	9	557	1			234		1	8	6	220	51	15828	1			36	4	10	22	1027	46	35	946	126	3		120	3	2137	5		2128	4	29	22		7	3	1	3			128	26	0	102	97	2	3		0	63	41	233	858	19		1	2	4	13	9	557	1			234		1	8	6	220	51	15828	1																																																																					0									0															0	0	0					0		1	0	1								5											46			
san-gil	2024-12-31			13694	13694	0	52	684	684		5	12	1	4	7	192	68	15	109	61	1	1	54	5	789	1	1	776	11	43	34	1	7	3		4		1	117	55	2	59	54		5		1	30	43	788	1338	10			1	1	8	5	398	4			113			68	1	44	31	10954	4			12	1	4	7	192	68	15	109	61	1	1	54	5	789	1	1	776	11	43	34	1	7	3		4		1	117	55	2	59	54		5		1	30	43	788	1338	10			1	1	8	5	398	4			113			68	1	44	31	10954	4																																																																					0				1			1		4			4												0	0	0					0		1	0	4								5											52			
san-jacinto	2024-12-31			19088	19088	0	48	1062	1062		7	13	3	4	6	234	111	96	27	69	4	1	57	7	3675	124	2	1041	2508	53	43		9	4	1	4		1	416	356	0	58	46	2	10		2	11	39	511	322	13			1	6	6	9	552	1			203			1	94	108	117	11611	5			13	3	4	6	234	111	96	27	69	4	1	57	7	3675	124	2	1041	2508	53	43		9	4	1	4		1	416	356	0	58	46	2	10		2	11	39	511	322	13			1	6	6	9	552	1			203			1	94	108	117	11611	5																																																																					0				1			1		3			3												0	0	0					0			0									7											48			
san-jacinto-del-cauca	2024-12-31			31203	31203	0	19	504	504		14	21	3	2	16	10378	720	92	9566	22	1		17	4	68	1		28	39	11	4	1	3	3				3	2113	5	642	52	52				1414	55	8	12365	10	12			2	1	9	4	346	5			2294			469	716	1109	1357	13685	5742			21	3	2	16	10378	720	92	9566	22	1		17	4	68	1		28	39	11	4	1	3	3				3	2113	5	642	52	52				1414	55	8	12365	10	12			2	1	9	4	346	5			2294			469	716	1109	1357	13685	5742																																																																	1	1			3	3			1			1		1			1												0	0	0					0	1	2	2	3	1					1		12				3					3		15			
san-jeronimo	2024-12-31			9304	9304	1	85	760	760	1	8	10	1	2	7	51	1	42	8	65	3		58	4	706	3		699	4	40	26	1	13	10		2	1		213	55	1	157	152		4	1	0	28	46	218	1005	7					7	3	462				55					55	13	7101	1			10	1	2	7	51	1	42	8	65	3		58	4	706	3		699	4	40	26	1	13	10		2	1		213	55	1	157	152		4	1	0	28	46	218	1005	7					7	3	462				55					55	13	7101	1							0									0															0	0	0					0			0																												0				2			2		25			25												0	0	0					0		1	0	24								8											85			
san-joaquin	2024-12-31			242	242	0	0	106	106			4		4		6		6		4			4		5			5												0	0	0					0	14	9	19	16	5				4	1	1	64	1			8				6	2	1	94	2			4		4		6		6		4			4		5			5												0	0	0					0	14	9	19	16	5				4	1	1	64	1			8				6	2	1	94	2																																																																																																																														
san-jose	2024-12-31			2302	2302	0	3	244	244		2	4		1	3	5		1	4	25			23	2	195			191	4	8	4		4	2	1	1			32	4	0	28	26	1	1		0	5	21	22	157	2				1	1	1	204				2				1	1	2	1946				4		1	3	5		1	4	25			23	2	195			191	4	8	4		4	2	1	1			32	4	0	28	26	1	1		0	5	21	22	157	2				1	1	1	204				2				1	1	2	1946																																																																						0									0															0	0	0					0			0									2											3			
san-jose-de-cucuta	2024-12-31			12057	12057	0	268	1048	1048		16	16	4	5	7	48	5	19	24	80	3	2	70	5	1337	9	3	1220	105	62	44	1	13	8		5		4	316	90	2	213	182		31		11	15	41	28	921	10				4	6	5	613	6		1	60				9	51	51	9361	13		1	16	4	5	7	48	5	19	24	80	3	2	70	5	1337	9	3	1220	105	62	44	1	13	8		5		4	316	90	2	213	182		31		11	15	41	28	921	10				4	6	5	613	6		1	60				9	51	51	9361	13		1																																																																			0				2			2		18			18												0	0	0					0		2	0	18								14											263			
san-jose-de-la-montana	2024-12-31			7087	7079	0	0	414	413			19		7	12	44		17	27	35	3		29	3	87	15		69	3	11	6		5	3	2				70	63	0	7	3	4			0	43	5	97	9	17			1	6	10	4	186	1			41			3	15	23	14	476	1			19		7	12	44		17	27	35	3		29	3	87	15		69	3	10	5		5	3	2				69	62	0	7	3	4			0	43	5	95	9	17			1	6	10	4	186	1			41			3	15	23	14	474	1																																																																																																																														
san-jose-de-miranda	2024-12-31			219	219	0	2	133	133		1	3		1	2	3		1	2	12			12		19			19		6	5		1	1					8	7	0	1	1				0	6	8	10	9	3				1	2	1	84				4				1	3	1	126				3		1	2	3		1	2	12			12		19			19		6	5		1	1					8	7	0	1	1				0	6	8	10	9	3				1	2	1	84				4				1	3	1	126																																																																						0									0															0	0	0					0			0									1											2			
san-jose-de-pare	2024-12-31			447	447	0	0	129	129			3		1	2	4		1	3	16			16		36			36		2	2								3	3	0	0					0	5	15	13	41	2				1	1	1	96				3				1	2	1	335				3		1	2	4		1	3	16			16		36			36		2	2								3	3	0	0					0	5	15	13	41	2				1	1	1	96				3				1	2	1	335																																																																																																																															
san-jose-de-toluviejo	2024-12-31			52598	42985	2354	1163	1070	1036	39	22	22	2	12	8	213	44	94	75	94	7	1	75	11	3607	69	3	3480	55	28	16		10	7		3		2	1784	1361	0	415	400		15		8	21	68	227	2967	21			1	8	12	16	648	1	1		272			1	22	249	329	23042	2	6		22	2	12	8	212	44	94	74	88	7	1	69	11	2845	68	3	2719	55	28	16		10	7		3		2	1784	1361	0	415	400		15		8	20	68	218	2842	21			1	8	12	15	623	1	1		272			1	22	249	246	17288	2	5		1	1			7		7		2			2		56			56												0	0	0					0		19	0	862	3					3	4	29		1		99					99	172	1756		1		1		1		7		7		3			3		191			191												0	0	0					0		4	0	133								19											993			
san-jose-de-ure	2024-12-31			5613	5613	0	72	547	547		9	14	2	6	6	52	8	24	20	59	2		51	6	402	8		376	18	10	7		3	2		1			31	16	0	15	14		1		0	11	23	95	206	6			1	2	3	7	369	2	1		9			1	3	5	14	2733	3	1		14	2	6	6	52	8	24	20	59	2		51	6	402	8		376	18	10	7		3	2		1			31	16	0	15	14		1		0	11	23	95	206	6			1	2	3	7	369	2	1		9			1	3	5	14	2733	3	1																																																																				0				2			2		27			27												0	0	0					0		1	0	10								9											72			
san-jose-del-fragua	2024-12-31			10291	10291	0	111	1082	1082		9	8		3	5	25		8	17	87	1	1	80	5	851	1	1	762	87	13	8		3	2		1		2	168	13	0	97	95		2		58	23	29	30	382	4				1	3	8	609	2			13				1	12	49	6473	2			8		3	5	25		8	17	87	1	1	80	5	851	1	1	762	87	13	8		3	2		1		2	168	13	0	97	95		2		58	23	29	30	382	4				1	3	8	609	2			13				1	12	49	6473	2																																																																					0				1			1		5			5												0	0	0					0		1	0	5								7											108			
san-jose-del-guaviare	2024-12-31			141990	141989	0	3063	3775	3775		15	25	2	6	17	180	3	58	119	157	7	2	142	6	15238	285	4	14039	910	86	54	3	23	13		10		6	1528	277	15	910	876		34		326	59	77	367	7866	32				5	27	17	1981	6		1	211				49	162	859	116248	16		2	25	2	6	17	180	3	58	119	157	7	2	142	6	15238	285	4	14039	910	86	54	3	23	13		10		6	1528	277	15	910	876		34		326	59	77	367	7866	32				5	27	17	1981	6		1	211				49	162	859	116248	16		2																																																																			0				1			1		337			337												0	0	0					0		2	0	338								12											2932			
san-jose-del-palmar	2024-12-31			35537	35536	0	25	2539	2538		4	66	9	18	39	862	27	66	769	193	5		181	7	3161	11		2991	159	24	20	1	3	2		1			91	64	1	26	25		1		0	300	39	1959	1897	50			8	14	28	29	942	5			716			26	58	632	641	21963	17			66	9	18	39	862	27	66	769	193	5		181	7	3161	11		2991	159	24	20	1	3	2		1			91	64	1	26	25		1		0	300	39	1959	1897	50			8	14	28	29	942	5			716			26	58	632	641	21963	17																																																																					0				1			1		9			9												0	0	0					0	1	1	2	9								2											15			
san-juan-de-arama	2024-12-31			30925	30925	0	351	2218	2218		15	13	1	4	8	45	1	10	34	119	4	2	106	7	3785	65	2	3337	381	38	25	1	11	6		5		1	435	77	1	356	350		6		1	58	54	129	1895	20				5	15	13	1037	1			100				11	89	287	22987	3			13	1	4	8	45	1	10	34	119	4	2	106	7	3785	65	2	3337	381	38	25	1	11	6		5		1	435	77	1	356	350		6		1	58	54	129	1895	20				5	15	13	1037	1			100				11	89	287	22987	3																																																																					0				2			2		16			16												0	0	0					0		1	0	15								12											343			
san-juan-de-betulia	2024-12-31			1312	1312	0	5	145	145		4	1			1	3			3	12			12		24			24		5	2		3	2		1			125	116	0	9	7		2		0	3	7	9	8	1					1	1	118				3					3	1	1108				1			1	3			3	12			12		24			24		5	2		3	2		1			125	116	0	9	7		2		0	3	7	9	8	1					1	1	118				3					3	1	1108																																																																						0									0															0	0	0					0			0									3											3			
san-juan-de-rioseco	2024-12-31			7138	7138	0	44	444	444		4	7		4	3	31		21	10	49	1		44	4	1050	41		960	49	8	1	1	6	5		1			36	12	1	23	22		1		0	22	44	246	933	3				1	2	3	322	2			15				6	9	3	6192	2			7		4	3	31		21	10	49	1		44	4	1050	41		960	49	8	1	1	6	5		1			36	12	1	23	22		1		0	22	44	246	933	3				1	2	3	322	2			15				6	9	3	6192	2																																																																					0				1			1		34			34												0	0	0					0		1	0	34								4											44			
san-juan-de-uraba	2024-12-31			307	298	9	58	163	157	9	44	5	2		3	5	2		3	16	1		13	2	27	1		24	2	6	2		3	3				1	14	2	0	7	7				5	4	19	5	30	5			1		4	5	123	1			6			2		4	5	210	1			4	1		3	4	1		3	16	1		13	2	27	1		24	2	6	2		3	3				1	14	2	0	7	7				5	4	19	5	30	4			1		3	5	118	1			5			2		3	5	202	1			1		1		1	1								0															0	0	0					0			0		1					1		8				1					1		8				4	2		2	4	2		2	2			2		3			3												0	0	0					0		1	0	1	4			1		3		35				5			2		3		47			
san-juan-del-cesar	2024-12-31			11045	11045	0	16	531	531		9	11	1	3	7	194	1	162	31	47	1	1	43	2	464	3	1	457	3	14	10		3	2		1		1	31	14	0	16	14		2		1	23	25	154	230	8			1	3	4	11	349	3			118			1	81	36	318	4801	51			11	1	3	7	194	1	162	31	47	1	1	43	2	464	3	1	457	3	14	10		3	2		1		1	31	14	0	16	14		2		1	23	25	154	230	8			1	3	4	11	349	3			118			1	81	36	318	4801	51																																																																					0				1			1		1			1												0	0	0					0			0									9											16			
san-juan-nepomuceno	2024-12-31			151257	151231	0	215	1252	1252		16	24	4	8	12	1252	180	929	143	110	6	1	94	9	11628	453	31	6512	4632	48	38		9	6		3		1	6874	6577	0	296	289		7		1	25	63	1066	2792	20			2	7	11	17	809	4			2315			6	658	1651	608	115811	69			24	4	8	12	1252	180	929	143	110	6	1	94	9	11628	453	31	6512	4632	48	38		9	6		3		1	6874	6577	0	296	289		7		1	25	63	1066	2792	20			2	7	11	17	809	4			2315			6	658	1651	608	115807	69																																																																	1		1		1		1		3			3		17			17												0	0	0					0		2	0	4								15											214			
san-juanito	2024-12-31			20636	20636	0	4	745	745		3	28	3	13	12	1869	11	1711	147	82	4		78		2369	74		2295		13	9		4	3		1			236	15	0	221	219		2		0	58	32	445	721	26			1	11	14	6	463	3			1896			3	56	1837	67	14681	8			28	3	13	12	1869	11	1711	147	82	4		78		2369	74		2295		13	9		4	3		1			236	15	0	221	219		2		0	58	32	445	721	26			1	11	14	6	463	3			1896			3	56	1837	67	14681	8																																																																					0				1			1		2			2												0	0	0					0		1	0	2								3											4			
san-lorenzo	2024-12-31			433	433	0	0	184	184			1		1		1		1		11			11		23			23		7	4		3	1	1		1		7	4	0	3	1	1		1	0	5	5	5	17	2				2		1	104	1			3				3		3	218	32			1		1		1		1		11			11		23			23		7	4		3	1	1		1		7	4	0	3	1	1		1	0	5	5	5	17	2				2		1	104	1			3				3		3	218	32																																																																																																																														
san-luis-ant	2024-12-31			79193	79193	0	302	3517	3517		12	98	9	38	51	1406	104	596	706	197	7	1	181	8	7289	94	1	6956	238	58	44		14	7	1	5	1		549	144	0	405	392	2	10	1	0	301	55	3392	3937	75			8	30	37	36	1690	12	1	2	813			47	249	517	378	53411	98	1	51	98	9	38	51	1406	104	596	706	197	7	1	181	8	7289	94	1	6956	238	58	44		14	7	1	5	1		549	144	0	405	392	2	10	1	0	301	55	3392	3937	75			8	30	37	36	1690	12	1	2	813			47	249	517	378	53411	98	1	51																																																																			0				2			2		13			13												0	0	0					0		3	0	12								11											298			
san-luis-de-gaceno	2024-12-31			8743	8737	0	70	746	746		11	4		2	2	6		2	4	60		2	56	2	653		5	579	69	12	6	1	4	4				1	103	11	2	86	86				4	32	27	232	471	12				2	10	6	508	8			115				2	113	67	6421	72			4		2	2	6		2	4	60		2	56	2	653		5	579	69	12	6	1	4	4				1	103	11	2	86	86				4	32	27	232	471	12				2	10	6	508	8			115				2	113	67	6421	72																																																																					0				1			1		2			2												0	0	0					0		1	0	2								10											66			
san-luis-de-palenque	2024-12-31			69105	69105	0	2933	1044	1044		15	11	1	3	7	766	1	5	760	90	5	2	76	7	6574	410	41	5191	932	39	23	1	12	8		4		3	8944	7375	2	1170	924		246		397	7	62	12	4971	7				3	4	9	744	3			202				5	197	656	53794	10			11	1	3	7	766	1	5	760	90	5	2	76	7	6574	410	41	5191	932	39	23	1	12	8		4		3	8944	7375	2	1170	924		246		397	7	62	12	4971	7				3	4	9	744	3			202				5	197	656	53794	10																																																																					0				2			2		6			6												0	0	0					0		3	0	19								14											2550			
san-luis-de-since	2024-12-31			4104	4104	0	33	428	428		7	6	1	2	3	13	1	4	8	47	4	1	37	5	280	4	1	253	22	22	15	1	5	4		1		1	367	335	1	30	29		1		1	8	32	22	160	5				1	4	5	315				8				3	5	24	3424				6	1	2	3	13	1	4	8	47	4	1	37	5	280	4	1	253	22	22	15	1	5	4		1		1	367	335	1	30	29		1		1	8	32	22	160	5				1	4	5	315				8				3	5	24	3424																																																																						0									0															0	0	0					0			0									7											33			
san-luis-tol	2024-12-31			13494	13494	0	188	429	429		8	7	1	1	5	8	1	1	6	43			41	2	862			850	12	7	2		4	4				1	142	3	0	138	138				1	36	36	868	616	6			2	1	3	3	320	1			42			3	1	38	7	9228	1			7	1	1	5	8	1	1	6	43			41	2	862			850	12	7	2		4	4				1	142	3	0	138	138				1	36	36	868	616	6			2	1	3	3	320	1			42			3	1	38	7	9228	1																																																																					0				2			2		2			2												0	0	0					0		1	0	1								7											187			
san-marcos	2024-12-31			16026	16026	0	557	713	713		16	15	2	4	9	391	2	5	384	65	3	2	54	6	1870	12	11	1729	118	35	21	1	10	8		2		3	269	26	1	211	209		2		31	26	50	413	1974	11			3	3	5	8	475	3	1		80			3	4	73	42	12945	6	1		15	2	4	9	391	2	5	384	65	3	2	54	6	1870	12	11	1729	118	35	21	1	10	8		2		3	269	26	1	211	209		2		31	26	50	413	1974	11			3	3	5	8	475	3	1		80			3	4	73	42	12945	6	1																																																																1		1		1		1		3		1	2		37		1	36												0	0	0					0		2	0	33	1					1		13				1					1		533			
san-martin-ces	2024-12-31			21293	21293	0	637	436	436		12	12		1	11	69		13	56	55	1	1	47	6	930	12	169	369	380	22	10	1	9	8		1		2	7647	6765	1	845	795		50		36	16	35	139	235	7			1	2	4	5	343	5			22			1	14	7	12	12844	16			12		1	11	69		13	56	55	1	1	47	6	930	12	169	369	380	22	10	1	9	8		1		2	7647	6765	1	845	795		50		36	16	35	139	235	7			1	2	4	5	343	5			22			1	14	7	12	12844	16																																																																					0				2			2		4			4												0	0	0					0		2	0	3								12											637			
san-martin-de-loba	2024-12-31			721	721	0	2	241	241		2	4	2	2		7	2	5		2			2		3			3		11	9		2	1		1			22	17	0	5	1		4		0	5		6		3			1	1	1		110	1		1	5			1	2	2		305	2		1	4	2	2		7	2	5		2			2		3			3		11	9		2	1		1			22	17	0	5	1		4		0	5		6		3			1	1	1		110	1		1	5			1	2	2		305	2		1																																																																			0									0															0	0	0					0			0									2											2			
san-martin-met	2024-12-31			78619	78619	0	521	2423	2423		15	26	3	7	16	426	13	86	327	134	10	2	110	12	5641	101	14	4593	933	66	47	1	16	8		7	1	2	1005	366	1	624	603		20	1	14	54	65	402	3273	33			1	5	27	18	1227	6			492			9	24	459	671	49034	48			26	3	7	16	426	13	86	327	134	10	2	110	12	5641	101	14	4593	933	66	47	1	16	8		7	1	2	1005	366	1	624	603		20	1	14	54	65	402	3273	33			1	5	27	18	1227	6			492			9	24	459	671	49034	48																																																																					0				1			1		9			9												0	0	0					0		1	0	9								13											503			
san-mateo	2024-12-31			2714	2714	0	0	226	226			2		1	1	3		1	2	18			18		165			165		7	5		2	2					10	6	0	4	4				0	18	12	58	80	2					2	3	139				3					3	88	2174				2		1	1	3		1	2	18			18		165			165		7	5		2	2					10	6	0	4	4				0	18	12	58	80	2					2	3	139				3					3	88	2174																																																																																																																															
san-miguel-de-sema	2024-12-31			620	620	0	9	106	106		2	5	2	1	2	26	16	7	3	11	1		10		48	1		47		11	3	2	4	4				2	40	3	8	26	26				3	6	20	43	92	3				1	2	2	80				19				11	8	21	505				5	2	1	2	26	16	7	3	11	1		10		48	1		47		11	3	2	4	4				2	40	3	8	26	26				3	6	20	43	92	3				1	2	2	80				19				11	8	21	505																																																																						0				1			1		5			5												0	0	0					0		2	0	9								2											9			
san-miguel-put	2024-12-31			2196	2196	0	3	377	377		2	2			2	14			14	28			27	1	201			179	22	7	5		1	1				1	33	7	0	23	23				3		16	0	77	1				1			249				2				2			1551				2			2	14			14	28			27	1	201			179	22	7	5		1	1				1	33	7	0	23	23				3		16	0	77	1				1			249				2				2			1551																																																																						0									0															0	0	0					0			0									2											3			
san-miguel-san	2024-12-31			19	19	0	0	18	18							0									0					2	2								2	2	0	0					0		1	0	1								7	1										7	1							0									0					2	2								2	2	0	0					0		1	0	1								7	1										7	1																																																																																																																														
san-onofre	2024-12-31			59955	58877	632	633	1012	984	32	33	24	2	7	15	251	3	127	121	86	5	3	72	6	2371	10	8	2261	92	44	32		9	5		4		3	1574	1290	0	264	243		21		20	15	70	248	1489	15				2	13	17	593	5	1		91				2	89	26524	17765	21	3		24	2	7	15	251	3	127	121	86	5	3	72	6	2371	10	8	2261	92	44	32		9	5		4		3	1574	1290	0	264	243		21		20	15	70	248	1489	15				2	13	17	593	5	1		91				2	89	26524	17762	21	3						0									0															0	0	0					0			0									1											1				3	1	2		8	2	6		4		1	3		93		1	92												0	0	0					0		3	0	62	2					2		25				3					3		572			
san-pablo-bol	2024-12-31			2999	2999	0	8	763	763		8	25	5	5	15	61	18	5	38	72	4	2	59	7	297	8	4	152	133	21	13		5	3		2		3	45	26	0	11	7		4		8	45	24	94	40	15			3	3	9	11	474	8		1	47			16	4	27	21	1099	10		1	25	5	5	15	61	18	5	38	72	4	2	59	7	297	8	4	152	133	21	13		5	3		2		3	45	26	0	11	7		4		8	45	24	94	40	15			3	3	9	11	474	8		1	47			16	4	27	21	1099	10		1																																																															1		1		1		1		2			2		2			2												0	0	0					0		1	0	1								8											8			
san-pablo-de-borbur	2024-12-31			10876	10876	0	4	376	376		2	3		1	2	45		29	16	43			42	1	1210			1208	2	4		1	3	2		1			34	0	1	33	31		2		0	11	36	132	614	2					2	3	307	1			4					4	25	9570	1			3		1	2	45		29	16	43			42	1	1210			1208	2	4		1	3	2		1			34	0	1	33	31		2		0	11	36	132	614	2					2	3	307	1			4					4	25	9570	1																																																																					0									0															0	0	0					0			0									2											4			
san-pablo-nar	2024-12-31			569	569	0	1	141	141		1					0				16			16		37			37		1	1								1	1	0	0					0	3	9	9	36								121	1										445	12							0				16			16		37			37		1	1								1	1	0	0					0	3	9	9	36								121	1										445	12																																																																					0									0															0	0	0					0			0									1											1			
san-pedro-de-cartago	2024-12-31			1236	1236	0	0	164	164							0				15			15		64			64		4	2		2	1		1			6	4	0	2	1		1		0	4	6	210	62	1				1		1	127				43				43		1	956								0				15			15		64			64		4	2		2	1		1			6	4	0	2	1		1		0	4	6	210	62	1				1		1	127				43				43		1	956																																																																																																																															
san-pedro-de-los-milagros	2024-12-31			19390	19390	0	21	773	773		2	10	1		9	368	338		30	69			65	4	1465			1461	4	40	26	6	8	7		1			397	34	7	356	355		1		0	59	35	582	1176	8			2		6	5	403	6			362			340		22	34	14915	24			10	1		9	368	338		30	69			65	4	1465			1461	4	40	26	6	8	7		1			397	34	7	356	355		1		0	59	35	582	1176	8			2		6	5	403	6			362			340		22	34	14915	24																																																																					0				1			1		4			4												0	0	0					0		1	0	4								2											21			
san-pedro-de-uraba	2024-12-31			1954	1954	0	16	372	372		8	10	2	4	4	52	3	30	19	49	3		41	5	251	7		215	29	1			1	1					21	0	0	21	21				0	8	31	26	154	5			2		3	7	317	2			5			2		3	32	1590	2			10	2	4	4	52	3	30	19	49	3		41	5	251	7		215	29	1			1	1					21	0	0	21	21				0	8	31	26	154	5			2		3	7	317	2			5			2		3	32	1590	2																																																																					0				2			2		4			4												0	0	0					0		1	0	1								8											16			
san-pedro-suc	2024-12-31			1527	1527	0	9	232	232		6	2			2	3			3	18		1	16	1	70		1	68	1	24	12		10	7		3		2	180	162	0	15	12		3		3	5	6	9	16	3					3	1	164	1			14					14	25	1153	1			2			2	3			3	18		1	16	1	70		1	68	1	24	12		10	7		3		2	180	162	0	15	12		3		3	5	6	9	16	3					3	1	164	1			14					14	25	1153	1																																																																					0				1			1		1			1												0	0	0					0		1	0	1								6											9			
san-pedro-vac	2024-12-31			12144	12144	0	128	898	898		9	14	1	5	8	75	1	20	54	52	1		49	2	1084	2		1043	39	54	32	1	20	14		6		1	161	45	2	113	107		6		1	45	47	307	575	14				5	9	7	603	3			23				11	12	26	9971	7			14	1	5	8	75	1	20	54	52	1		49	2	1084	2		1043	39	54	32	1	20	14		6		1	161	45	2	113	107		6		1	45	47	307	575	14				5	9	7	603	3			23				11	12	26	9971	7																																																																					0				1			1		5			5												0	0	0					0		1	0	5								8											119			
san-pelayo	2024-12-31			1250	1250	0	47	251	251		11	4	1	1	2	21	1	11	9	32	2		28	2	143	3		124	16	17	8		9	5		4			53	17	0	36	28		8		0	2	33	6	132	3				1	2	1	196	1			3				1	2	1	1020	1			4	1	1	2	21	1	11	9	32	2		28	2	143	3		124	16	17	8		9	5		4			53	17	0	36	28		8		0	2	33	6	132	3				1	2	1	196	1			3				1	2	1	1020	1																																																																					0				2			2		3			3												0	0	0					0		2	0	2								10											45			
san-rafael	2024-12-31			54705	54705	0	231	1709	1709		10	42	1	15	26	517	8	265	244	129	5	1	114	9	3838	46	5	3714	73	35	23	1	10	7		3		1	525	79	1	440	437		3		5	133	49	2196	3529	40				10	30	20	1016	7	1	1	290				77	213	109	44751	30	1	1	42	1	15	26	517	8	265	244	129	5	1	114	9	3838	46	5	3714	73	35	23	1	10	7		3		1	525	79	1	440	437		3		5	133	49	2196	3529	40				10	30	20	1016	7	1	1	290				77	213	109	44751	30	1	1																																																																			0				1			1		30			30												0	0	0					0		1	0	30								9											229			
san-roque	2024-12-31			5870	5870	0	43	688	688		8	13	1	3	9	29	3	9	17	49	1		44	4	216	2		209	5	18	7	1	9	3		6		1	41	8	1	30	20		10		2	56	24	201	146	8			1	3	4	5	448	1			20			3	7	10	8	2691	1			13	1	3	9	29	3	9	17	49	1		44	4	216	2		209	5	18	7	1	9	3		6		1	41	8	1	30	20		10		2	56	24	201	146	8			1	3	4	5	448	1			20			3	7	10	8	2691	1																																																																					0				1			1		3			3												0	0	0					0		1	0	3								8											43			
san-sebastian	2024-12-31			7032	7032	0	0	527	527			11	2	3	6	106	4	45	57	48	2		46		250	51		199		8	8								32	32	0	0					0	28	5	542	11	6		1	1	3	2	2	190				59		1	1	45	13	14	1999				11	2	3	6	106	4	45	57	48	2		46		250	51		199		8	8								32	32	0	0					0	28	5	542	11	6		1	1	3	2	2	190				59		1	1	45	13	14	1999																																																																																																																															
san-sebastian-de-buenavista	2024-12-31			6364	6364	0	41	517	517		10	4		2	2	4		2	2	39	2	1	31	5	261	3	1	224	33	13	8		4	3		1		1	38	20	0	16	14		2		2	10	25	37	69	5				2	3	3	298				28				4	24	79	1344				4		2	2	4		2	2	39	2	1	31	5	261	3	1	224	33	13	8		4	3		1		1	38	20	0	16	14		2		2	10	25	37	69	5				2	3	3	298				28				4	24	79	1344																																																																						0				2			2		4			4												0	0	0					0		2	0	3								10											41			
san-sebastian-de-mariquita	2024-12-31			17766	17766	0	175	1291	1291		10	19	1	10	8	85	1	41	43	70	3		65	2	1547	9		1476	62	53	36	3	14	11		2	1		343	54	10	279	276		2	1	0	77	53	371	1087	14				5	9	8	671	5	1		31				10	21	22	13153	8	3		19	1	10	8	85	1	41	43	70	3		65	2	1547	9		1476	62	53	36	3	14	11		2	1		343	54	10	279	276		2	1	0	77	53	371	1087	14				5	9	8	671	5	1		31				10	21	22	13153	8	3																																																																1		1		5		5		2			2		24			24												0	0	0					0		2	0	26								10											175			
san-vicente-de-chucuri	2024-12-31			234634	234634	0	301	2265	2265		10	69	6	24	39	7297	1410	3182	2705	165	6	2	147	10	25926	70	86	25379	391	85	61		21	11		10		3	2029	1699	0	288	270		18		42	157	67	9198	18069	57			2	17	38	35	1306	18	1	2	7722			974	2864	3884	2845	169334	275	10	12	69	6	24	39	7297	1410	3182	2705	165	6	2	147	10	25926	70	86	25379	391	85	61		21	11		10		3	2029	1699	0	288	270		18		42	157	67	9198	18069	57			2	17	38	35	1306	18	1	2	7722			974	2864	3884	2845	169334	275	10	12																																																																			0				1			1		19			19												0	0	0					0		1	0	19								9											300			
san-vicente-del-caguan	2024-12-31			22763	22763	0	144	2686	2686		12	23	2	6	15	146	2	25	119	151	7	2	136	6	2656	191	4	2291	170	35	23		10	9		1		2	266	53	0	144	142		2		69	69	40	192	676	21			2	7	12	14	1425	6			198			2	23	173	162	14730	21			23	2	6	15	146	2	25	119	151	7	2	136	6	2656	191	4	2291	170	35	23		10	9		1		2	266	53	0	144	142		2		69	69	40	192	676	21			2	7	12	14	1425	6			198			2	23	173	162	14730	21																																																																					0									0															0	0	0					0			0									11											134			
san-vicente-ferrer	2024-12-31			3142	3142	0	13	455	455		4	16	2	6	8	62	5	43	14	36			35	1	132			130	2	23	15	3	5	4	1				86	20	3	63	60	3			0	42	25	194	236	13			1	3	9	2	273	2			30			3	11	16	5	1986	3			16	2	6	8	62	5	43	14	36			35	1	132			130	2	23	15	3	5	4	1				86	20	3	63	60	3			0	42	25	194	236	13			1	3	9	2	273	2			30			3	11	16	5	1986	3																																																																					0									0															0	0	0					0			0									4											13			
san-zenon	2024-12-31			2122	2122	0	155	326	326		12	7	1	2	4	15	1	2	12	38	1	1	32	4	240	2	1	211	26	8	4		2	1		1		2	30	12	0	16	15		1		2	5	28	7	157	11			1	3	7	4	237				30			1	4	25	29	1509				7	1	2	4	15	1	2	12	38	1	1	32	4	240	2	1	211	26	8	4		2	1		1		2	30	12	0	16	15		1		2	5	28	7	157	11			1	3	7	4	237				30			1	4	25	29	1509																																																																						0				2			2		25			25												0	0	0					0		3	0	24								11											144			
sandona	2024-12-31			718	718	0	0	291	291			3			3	3			3	14			13	1	51			49	2	11	10		1			1			13	12	0	1			1		0	10	5	20	22	3				1	2	1	136	1			4				2	2	2	346	3			3			3	3			3	14			13	1	51			49	2	11	10		1			1			13	12	0	1			1		0	10	5	20	22	3				1	2	1	136	1			4				2	2	2	346	3																																																																																																																														
santa-ana	2024-12-31			2564	2564	0	36	373	373		9	8		3	5	26		16	10	37	2	1	31	3	309	2	2	279	26	7	5		1	1				1	24	9	0	14	14				1	9	22	23	91	9				3	6	3	257	2			67				16	51	58	1371	4			8		3	5	26		16	10	37	2	1	31	3	309	2	2	279	26	7	5		1	1				1	24	9	0	14	14				1	9	22	23	91	9				3	6	3	257	2			67				16	51	58	1371	4																																																																					0									0															0	0	0					0		1	0	3								9											36			
santa-barbara-ant	2024-12-31			2690	2690	0	0	463	463			5		2	3	26		7	19	47	1		41	5	189	1		183	5	26	15		11	8		3			50	25	0	25	18		7		0	17	23	82	166	3				1	2	2	275	1			20				2	18	3	1997	1			5		2	3	26		7	19	47	1		41	5	189	1		183	5	26	15		11	8		3			50	25	0	25	18		7		0	17	23	82	166	3				1	2	2	275	1			20				2	18	3	1997	1																																																																																																																														
santa-barbara-de-pinto	2024-12-31			543	543	0	14	240	240		9					0				30	1		27	2	60	3		53	4	1			1	1					4	0	0	4	4				0	2	24	5	46	2					2	1	178	1			3					3	1	450	3							0				30	1		27	2	60	3		53	4	1			1	1					4	0	0	4	4				0	2	24	5	46	2					2	1	178	1			3					3	1	450	3																																																																					0				2			2		2			2												0	0	0					0		1	0	1								8											13			
santa-barbara-nar	2024-12-31			2452	2425	377	147	242	237	34	11	5		3	2	194		67	127	19			19		202			202		1			1	1					7	0	0	7	7				0		36	0	449	7					7	8	164				120					120	82	1507				5		3	2	194		67	127	19			19		202			202		1			1	1					7	0	0	7	7				0		36	0	448	7					7	8	163				120					120	82	1503				2	1		1	11		3	8	1			1		5			5												0	0	0					0		19	0	248	4					4	6	18				43					43	70	231								0				2			2		36			36												0	0	0					0		2	0	19								10											145			
santa-barbara-san	2024-12-31			11098	11098	0	0	840	840			21	1	9	11	549	2	287	260	53			53		652			652		12	8	1	3	3					24	12	6	6	6				0	56	25	739	332	19		1	1	5	13	4	406	1			563		4	2	262	299	28	5218	3			21	1	9	11	549	2	287	260	53			53		652			652		12	8	1	3	3					24	12	6	6	6				0	56	25	739	332	19		1	1	5	13	4	406	1			563		4	2	262	299	28	5218	3																																																																																																																														
santa-catalina	2024-12-31			22028	21935	17	1392	807	796	8	25	20	2	6	12	204	82	27	95	80	4	2	65	9	1704	109	3	1493	99	39	30		7	6		1		2	378	288	0	88	87		1		2	12	69	194	3982	17				5	12	18	537	3			229				14	215	421	17401	16			20	2	6	12	204	82	27	95	80	4	2	65	9	1700	109	3	1489	99	39	30		7	6		1		2	377	287	0	88	87		1		2	12	69	194	3982	16				5	11	17	534	3			221				14	207	419	17357	12							0									0															0	0	0					0		8	0	17	1					1	4	3				7					7	5	5				2		1	1	9		7	2	3			3		123			123												0	0	0					0		3	0	212								20											1285			
santa-cruz-de-mompox	2024-12-31			6037	6037	0	162	487	487		14	10	1	2	7	762	652	8	102	56	5	2	42	7	1118	35	11	1021	51	16	8	1	4	3		1		3	732	26	1	50	49		1		655	18	29	107	294	8			2	2	4	5	336	3			672			653	5	14	22	3650	79			10	1	2	7	762	652	8	102	56	5	2	42	7	1118	35	11	1021	51	16	8	1	4	3		1		3	732	26	1	50	49		1		655	18	29	107	294	8			2	2	4	5	336	3			672			653	5	14	22	3650	79																																																																	1		1		5		5		2	1		1		27	5		22												0	0	0					0		2	0	32	1					1		12				5					5		149			
santa-fe-de-antioquia	2024-12-31			33239	33238	1	102	1196	1195	1	13	27	2	6	19	3418	11	175	3232	78	4		66	8	1608	67		1487	54	75	53	2	17	11		6		3	538	179	81	249	229		20		29	84	49	6099	1650	20			3	5	12	16	615	3			2946			2085	15	846	26	22588	609			27	2	6	19	3418	11	175	3232	78	4		66	8	1608	67		1487	54	75	53	2	17	11		6		3	538	179	81	249	229		20		29	84	49	6099	1650	20			3	5	12	16	615	3			2946			2085	15	846	26	22588	609							0									0															0	0	0					0			0									1											1								0				1			1		37			37												0	0	0					0		2	0	40								12											101			
santa-helena-del-opon	2024-12-31			89	89	0	0	66	66							0				6		1	5		6		1	5		1								1	1	0	0	0					1	5	5	15	5								43										1	56								0				6		1	5		6		1	5		1								1	1	0	0	0					1	5	5	15	5								43										1	56																																																																																																																															
santa-isabel	2024-12-31			5264	5264	0	5	871	871		2	13	1	4	8	74	3	13	58	60	2		58		337	4		333		18	11	1	6	5		1			73	26	4	43	42		1		0	50	24	250	182	9				3	6	7	374				43				10	33	43	2654				13	1	4	8	74	3	13	58	60	2		58		337	4		333		18	11	1	6	5		1			73	26	4	43	42		1		0	50	24	250	182	9				3	6	7	374				43				10	33	43	2654																																																																						0				1			1		1			1												0	0	0					0		1	0	1								2											5			
santa-lucia	2024-12-31			46	46	0	0	22	22							0				2			2		2			2		1	1								12	12	0	0					0		1	0	1								14											16								0				2			2		2			2		1	1								12	12	0	0					0		1	0	1								14											16																																																																																																																															
santa-maria-boy	2024-12-31			105851	105851	0	311	2501	2501		9	23	2	11	10	1211	3	225	983	176	3	1	168	4	9012	7	1	8470	534	65	43	3	17	9	1	7		2	854	147	12	693	668	3	22		2	95	56	727	8536	27			2	8	17	11	996	7			378			3	186	189	1405	77636	30			23	2	11	10	1211	3	225	983	176	3	1	168	4	9012	7	1	8470	534	65	43	3	17	9	1	7		2	854	147	12	693	668	3	22		2	95	56	727	8536	27			2	8	17	11	996	7			378			3	186	189	1405	77636	30																																																																					0				1			1		2			2												0	0	0					0		1	0	2								8											309			
santa-maria-hui	2024-12-31			6513	6513	0	18	380	380		1	11	1	2	8	85	1	3	81	52	3	1	46	2	686	4	1	678	3	7	3		3	3				1	26	3	0	22	22				1	12	21	173	384	5		1		1	4	5	302				14		1		1	13	69	5453				11	1	2	8	85	1	3	81	52	3	1	46	2	686	4	1	678	3	7	3		3	3				1	26	3	0	22	22				1	12	21	173	384	5		1		1	4	5	302				14		1		1	13	69	5453																																																																						0									0															0	0	0					0			0									1											18			
santa-marta	2024-12-31			1114874	1029213	64733	9236	8316	7695	821	126	151	20	59	72	42209	5926	7485	28798	294	15	3	265	11	164764	7645	52	154583	2484	263	216	6	37	20	2	14	1	4	5591	3117	76	2375	2231	2	139	3	23	307	122	87519	89499	136		2	27	42	67	78	1960	28	1	1	55593		4	20208	12171	23214	51969	743821	476	6	4	129	18	54	57	36674	3468	4998	28208	254	15	3	225	11	142301	5184	52	134581	2484	261	215	5	37	20	2	14	1	4	5550	3113	39	2375	2231	2	139	3	23	303	122	87507	89493	98		2	9	38	51	64	1822	21	1	1	22229		4	439	4611	17179	48791	721024	294	6	4	34	8	5	21	5524	2458	2484	582	47	3		44		22389	2461		19928		3	1	2							38	1	37	0					0		2	0	2	45			21	6	18	16	208	9			33355			19769	7557	6029	3173	21965	182			15	1	2	12	99	2	38	59	7		1	6		1910		15	1895												0	0	0					0	1	4	2	1175	5			1	1	3	4	80	4			37			2	12	23	103	8634	39		
santa-rosa-bol	2024-12-31			11505	11505	0	260	575	575		14	9	1		8	68	7		61	62	4	1	47	10	928	13	2	844	69	21	12	1	8	6		2			465	333	2	130	126		4		0	8	46	76	520	6					6	10	378	1	1		48					48	29	7310	2	2		9	1		8	68	7		61	62	4	1	47	10	928	13	2	844	69	21	12	1	8	6		2			465	333	2	130	126		4		0	8	46	76	520	6					6	10	378	1	1		48					48	29	7310	2	2																																																																				0				2			2		21			21												0	0	0					0		2	0	18								11											247			
santa-rosa-cau	2024-12-31			78282	78282	0	439	1731	1731		9	23		5	18	1112		34	1078	160	5		150	5	10514	83		9713	718	29	25	1	2	2				1	352	37	1	239	239				75	64	54	745	4936	16		1		3	13	20	957	1			747		1		19	728	437	65424	4			23		5	18	1112		34	1078	160	5		150	5	10514	83		9713	718	29	25	1	2	2				1	352	37	1	239	239				75	64	54	745	4936	16		1		3	13	20	957	1			747		1		19	728	437	65424	4																																																																					0				1			1		14			14												0	0	0					0		1	0	14								8											435			
santa-rosa-de-cabal	2024-12-31			138056	138056	0	268	2446	2446		9	66	10	21	35	5356	647	1433	3276	148	7		139	2	16208	80		16123	5	90	71	1	18	14		4			1280	104	1	1175	1171		4		0	161	59	3156	6263	49		1	6	12	31	25	858	9	1		2430		2	17	666	1747	1000	110096	19	1		66	10	21	35	5356	647	1433	3276	148	7		139	2	16208	80		16123	5	90	71	1	18	14		4			1280	104	1	1175	1171		4		0	161	59	3156	6263	49		1	6	12	31	25	858	9	1		2430		2	17	666	1747	1000	110096	19	1																																																																				0				1			1		25			25												0	0	0					0		2	0	26								9											268			
santa-rosa-de-osos	2024-12-31			33853	33853	0	89	1534	1534		7	44	6	15	23	269	102	91	76	115	5	1	101	8	1479	6	2	1439	32	44	22	4	18	14	1	3			266	27	7	232	227	1	4		0	135	44	682	1155	36			5	10	21	7	562	5			256			101	42	113	18	13938	8			44	6	15	23	269	102	91	76	115	5	1	101	8	1479	6	2	1439	32	44	22	4	18	14	1	3			266	27	7	232	227	1	4		0	135	44	682	1155	36			5	10	21	7	562	5			256			101	42	113	18	13938	8																																																																					0				1			1		3			3												0	0	0					0		1	0	3								7											89			
santa-rosa-de-viterbo	2024-12-31			1701	1701	0	3	388	388		2	13		8	5	30		23	7	28			28		92			92		25	13	4	8	5	1	2			77	22	31	24	20	2	2		0	53	12	309	49	11			1	7	3	4	167	1			28			3	20	5	162	863	1			13		8	5	30		23	7	28			28		92			92		25	13	4	8	5	1	2			77	22	31	24	20	2	2		0	53	12	309	49	11			1	7	3	4	167	1			28			3	20	5	162	863	1																																																																					0									0															0	0	0					0			0									2											3			
santa-rosa-del-sur	2024-12-31			2333	2333	0	1	479	479		1	16	1	7	8	56	22	23	11	60	5		48	7	431	15		182	234	5	1		4	3		1			7	1	0	6	4		2		0	15	20	58	114	8			1	2	5	6	382	1			38			22	3	13	11	1754	1			16	1	7	8	56	22	23	11	60	5		48	7	431	15		182	234	5	1		4	3		1			7	1	0	6	4		2		0	15	20	58	114	8			1	2	5	6	382	1			38			22	3	13	11	1754	1																																																																					0									0															0	0	0					0			0									1											1			
santa-rosalia	2024-12-31			3324	3324	0	39	667	667		10	11		1	10	47		12	35	54	4	2	42	6	259	13	2	226	18	10	6		1	1				3	32	20	0	7	7				5	8	26	16	278	7				1	6	5	435				26				12	14	43	2252				11		1	10	47		12	35	54	4	2	42	6	259	13	2	226	18	10	6		1	1				3	32	20	0	7	7				5	8	26	16	278	7				1	6	5	435				26				12	14	43	2252																																																																						0				1			1		4			4												0	0	0					0		1	0	4								9											36			
santa-sofia	2024-12-31			526	526	0	0	175	175			5		2	3	8		2	6	14			14		37			37		9	5	2	2	1		1			39	5	29	5	4		1		0	14	16	34	39	2				1	1	2	93				3				1	2	6	336				5		2	3	8		2	6	14			14		37			37		9	5	2	2	1		1			39	5	29	5	4		1		0	14	16	34	39	2				1	1	2	93				3				1	2	6	336																																																																																																																															
santacruz	2024-12-31			160	160	0	0	98	98			3		2	1	3		2	1	4			4		5			5		3	3								3	3	0	0					0	3	1	3	1	1				1		1	27				1				1		1	43				3		2	1	3		2	1	4			4		5			5		3	3								3	3	0	0					0	3	1	3	1	1				1		1	27				1				1		1	43																																																																																																																															
santana	2024-12-31			458	458	0	0	112	112							0				8			8		10			10		1	1								1	1	0	0					0	2	11	6	24	1				1			76				1				1			153								0				8			8		10			10		1	1								1	1	0	0					0	2	11	6	24	1				1			76				1				1			153																																																																																																																															
santander-de-quilichao	2024-12-31			29346	29346	0	1036	760	760		13	9		4	5	70		21	49	51	1		48	2	2892	17		2413	462	58	40	1	17	9	2	5	1		680	63	4	613	602	3	7	1	0	34	60	418	2371	8				1	7	6	420	3			79				2	77	62	24951	11			9		4	5	70		21	49	51	1		48	2	2892	17		2413	462	58	40	1	17	9	2	5	1		680	63	4	613	602	3	7	1	0	34	60	418	2371	8				1	7	6	420	3			79				2	77	62	24951	11																																																																	1		1		3		3		2			2		84			84												0	0	0					0		2	0	85								12											979			
santiago-de-tolu	2024-12-31			25613	19535	2324	1616	702	618	88	67	23	3	8	12	185	5	31	149	78	5		65	8	3136	10		2920	206	29	22		6	4		2		1	416	27	0	388	384		4		1	8	75	178	4161	14			1	5	8	15	521				138			1	6	131	327	22206	3			21	3	8	10	181	5	31	145	70	5		57	8	2418	9		2203	206	29	22		6	4		2		1	416	27	0	388	384		4		1	7	75	170	4036	12			1	3	8	13	452				136			1	4	131	242	16949	3			3	1		2	10		7	3	4			4		52			52												0	0	0					0		18	0	832	5				2	3	5	68				101				2	99	174	1715				4	1	1	2	13	3	7	3	4			4		211			211												0	0	0					0		4	0	136	2				1	1	1	56				4				1	3	2	1405			
santiago-nsa	2024-12-31			327	327	0	0	90	90			1			1	1			1	9		1	7	1	16		1	13	2	3	1							2	3	1	0	0					2	2	2	2	20	1					1		61				2					2		231				1			1	1			1	9		1	7	1	16		1	13	2	3	1							2	3	1	0	0					2	2	2	2	20	1					1		61				2					2		231																																																																																																																															
santiago-put	2024-12-31			8518	8516	0	20	637	637		3	15	1	4	10	406	3	243	160	62			62		1152			1152		14	11	1	2	2					34	18	1	15	15				0	28	17	55	119	7		2		3	4	6	328				132		4		3	129	246	5989				15	1	4	10	406	3	243	160	62			62		1152			1152		14	11	1	2	2					34	18	1	15	15				0	28	17	55	119	7		2		3	4	6	328				132		4		3	129	246	5989																																																																						0									0															0	0	0					0		1	0	17								3											20			
santo-domingo	2024-12-31			3594	3594	0	14	624	624		5	11	2	4	5	35	2	13	20	58	1		56	1	191	1		189	1	20	11	1	8	5	1	2			73	16	2	55	52	1	2		0	47	28	116	174	7			2	1	4	1	357	1			28			2	7	19	1	2268	1			11	2	4	5	35	2	13	20	58	1		56	1	191	1		189	1	20	11	1	8	5	1	2			73	16	2	55	52	1	2		0	47	28	116	174	7			2	1	4	1	357	1			28			2	7	19	1	2268	1																																																																					0				1			1		2			2												0	0	0					0		1	0	2								5											14			
santo-tomas	2024-12-31			1115	1115	0	72	204	204		12	4		1	3	8		2	6	12			10	2	52			45	7	16	11		5	4		1			32	13	0	19	18		1		0	2	28	3	104	3				1	2	4	142				8				2	6	7	905				4		1	3	8		2	6	12			10	2	52			45	7	16	11		5	4		1			32	13	0	19	18		1		0	2	28	3	104	3				1	2	4	142				8				2	6	7	905																																																																						0				2			2		5			5												0	0	0					0		3	0	4								11											61			
santuario	2024-12-31			17177	17177	0	44	1311	1311		5	38	4	13	21	230	58	60	112	99	6		89	4	1457	32		1408	17	28	20		8	7		1			139	25	0	114	113		1		0	122	38	551	884	29			2	9	18	16	623	2			151			3	33	115	47	12085	3			38	4	13	21	230	58	60	112	99	6		89	4	1457	32		1408	17	28	20		8	7		1			139	25	0	114	113		1		0	122	38	551	884	29			2	9	18	16	623	2			151			3	33	115	47	12085	3																																																																					0				1			1		14			14												0	0	0					0		1	0	14								5											44			
sapuyes	2024-12-31			1686	1686	0	11	358	358		3	12	2	6	4	49	2	15	32	35	1		33	1	258	1		256	1	11	8		3	2		1			17	9	0	8	7		1		0	10	15	16	86	4		2		1	3	4	154				8		2		2	6	19	996				12	2	6	4	49	2	15	32	35	1		33	1	258	1		256	1	11	8		3	2		1			17	9	0	8	7		1		0	10	15	16	86	4		2		1	3	4	154				8		2		2	6	19	996																																																																						0									0															0	0	0					0		1	0	8								2											10			
saravena	2024-12-31			11822	11822	0	144	652	652		11	15	2	7	6	137	2	9	126	87	6	2	70	9	1506	11	2	1437	56	12	6		2	2				4	225	9	0	137	137				79	11	53	38	796	13			1	4	8	11	509	1			44			1	5	38	152	9542	3			15	2	7	6	137	2	9	126	87	6	2	70	9	1506	11	2	1437	56	12	6		2	2				4	225	9	0	137	137				79	11	53	38	796	13			1	4	8	11	509	1			44			1	5	38	152	9542	3																																																																					0				1			1		26			26												0	0	0					0		1	0	26								11											144			
sardinata	2024-12-31			473	473	0	1	280	280		1	9	2	5	2	20	5	11	4	15			15		25			25		8	6		2	1		1			10	7	0	3	1		2		0	19	8	34	13	3				2	1	3	113				6				3	3	6	171				9	2	5	2	20	5	11	4	15			15		25			25		8	6		2	1		1			10	7	0	3	1		2		0	19	8	34	13	3				2	1	3	113				6				3	3	6	171																																																																						0									0															0	0	0					0			0																							
sasaima	2024-12-31			11308	11308	0	32	1494	1494		6	17	2	8	7	64	9	46	9	85	1		83	1	739	1		737	1	120	97	4	19	10		9			365	194	7	164	144		20		0	63	38	205	818	14			1	6	7	7	586	3	1		74			6	52	16	21	7632	16	1		17	2	8	7	64	9	46	9	85	1		83	1	739	1		737	1	120	97	4	19	10		9			365	194	7	164	144		20		0	63	38	205	818	14			1	6	7	7	586	3	1		74			6	52	16	21	7632	16	1																																																																				0				1			1		1			1												0	0	0					0		1	0	1								6											32			
sativanorte	2024-12-31			322	322	0	0	120	120			5		3	2	20		5	15	3			3		5			5		5	3	1	1	1					10	3	6	1	1				0	26		78		6				2	4	2	39				21				4	17	8	124				5		3	2	20		5	15	3			3		5			5		5	3	1	1	1					10	3	6	1	1				0	26		78		6				2	4	2	39				21				4	17	8	124																																																																																																																															
sativasur	2024-12-31			28	28	0	0	20	20			1			1	1			1						0					1			1	1					1	0	0	1	1				0	2		2									12											12				1			1	1			1						0					1			1	1					1	0	0	1	1				0	2		2									12											12																																																																																																																															
segovia	2024-12-31			3122	3122	0	15	907	907		7	20	3	7	10	41	6	22	13	65	6	1	50	8	319	9	1	284	25	24	14		9	6		3		1	69	34	0	34	21		13		1	42	33	105	168	19			2	4	13	14	592	4			33			5	8	20	41	2131	5			20	3	7	10	41	6	22	13	65	6	1	50	8	319	9	1	284	25	24	14		9	6		3		1	69	34	0	34	21		13		1	42	33	105	168	19			2	4	13	14	592	4			33			5	8	20	41	2131	5																																																																					0									0															0	0	0					0		1	0	1								7											15			
sesquile	2024-12-31			25757	25757	0	4	760	760		2	12		2	10	37		3	34	64	3		60	1	503	16		486	1	66	46	3	15	11	1	3		2	11655	4815	4	6806	4870	1888	48		30	68	20	687	111	8		2		2	6	9	286	1			130		19		97	33	82	4784	2			12		2	10	37		3	34	64	3		60	1	503	16		486	1	66	46	3	15	11	1	3		2	11655	4815	4	6806	4870	1888	48		30	68	20	687	111	8		2		2	6	9	286	1			130		19		97	33	82	4784	2																																																																					0				1			1		1			1												0	0	0					0		1	0	1								2											4			
sevilla	2024-12-31			9734	9734	0	124	1051	1051		8	30	2	9	19	130	5	41	84	86	1		80	5	841	3		768	70	39	29	1	9	8		1			129	52	1	76	75		1		0	85	38	399	558	23		1	1	7	15	12	637	5			96		2	1	30	65	66	6660	18			30	2	9	19	130	5	41	84	86	1		80	5	841	3		768	70	39	29	1	9	8		1			129	52	1	76	75		1		0	85	38	399	558	23		1	1	7	15	12	637	5			96		2	1	30	65	66	6660	18																																																																					0				1			1		6			6												0	0	0					0		2	0	9								7											101			
siachoque	2024-12-31			610	610	0	0	137	137			5	1	1	3	12	2	1	9	7			7		8			8		8	7							1	10	9	0	0					1	27		64		5		1	1	1	3	1	41				12		1	2	1	9	1	98				5	1	1	3	12	2	1	9	7			7		8			8		8	7							1	10	9	0	0					1	27		64		5		1	1	1	3	1	41				12		1	2	1	9	1	98																																																																																																																															
sibate	2024-12-31			10279	10279	0	6	835	835		4	18	1	6	11	46	2	27	17	66	2		64		1178	4		1174		49	34	3	10	7	1	2		2	306	51	6	244	237	1	6		5	78	37	402	424	18			1	4	13	13	373				45			2	8	35	731	7649				18	1	6	11	46	2	27	17	66	2		64		1178	4		1174		49	34	3	10	7	1	2		2	306	51	6	244	237	1	6		5	78	37	402	424	18			1	4	13	13	373				45			2	8	35	731	7649																																																																						0				1			1		1			1												0	0	0					0		1	0	1								3											4			
sibundoy	2024-12-31			6984	6984	0	4	769	769		3	25	2	8	15	410	4	29	377	70	6	1	60	3	911	10	4	893	4	62	48		12	8	1	3		2	186	68	0	113	105	3	5		5	36	31	422	347	17		4	1	4	12	6	315				30		36	5	8	17	15	4838				25	2	8	15	410	4	29	377	70	6	1	60	3	911	10	4	893	4	62	48		12	8	1	3		2	186	68	0	113	105	3	5		5	36	31	422	347	17		4	1	4	12	6	315				30		36	5	8	17	15	4838																																																																						0									0															0	0	0					0		1	0	1								3											4			
silos	2024-12-31			613	613	0	0	156	156			5	1	3	1	7	1	4	2	17	1		16		70	1		69		10	7	1	2	1		1			10	7	1	2	1		1		0	16		20		6				3	3	2	56				15				4	11	2	255				5	1	3	1	7	1	4	2	17	1		16		70	1		69		10	7	1	2	1		1			10	7	1	2	1		1		0	16		20		6				3	3	2	56				15				4	11	2	255																																																																																																																															
silvania	2024-12-31			15265	15265	0	136	1289	1289		6	34	4	11	19	57	11	18	28	86	2		83	1	1191	7		1181	3	78	60	3	15	10		4	1		420	95	5	320	312		7	1	0	92	47	383	884	25			2	11	12	13	577	3			52			8	25	19	42	11004	3			34	4	11	19	57	11	18	28	86	2		83	1	1191	7		1181	3	78	60	3	15	10		4	1		420	95	5	320	312		7	1	0	92	47	383	884	25			2	11	12	13	577	3			52			8	25	19	42	11004	3																																																																					0				1			1		21			21												0	0	0					0		1	0	21								6											136			
silvia	2024-12-31			4862	4862	0	7	585	585		3	13	4	1	8	70	7	1	62	41	1		39	1	418	1		411	6	19	12	1	6	6					155	46	1	108	108				0	33	17	77	236	11		1	4	2	5	6	267	2			30		3	7	2	21	31	3544	3			13	4	1	8	70	7	1	62	41	1		39	1	418	1		411	6	19	12	1	6	6					155	46	1	108	108				0	33	17	77	236	11		1	4	2	5	6	267	2			30		3	7	2	21	31	3544	3																																																																					0									0															0	0	0					0			0									3											7			
simacota	2024-12-31			6237	6237	0	21	749	749		7	19	3	6	10	94	20	33	41	76	1	3	66	6	479	2	4	455	18	14	8		4	3		1		2	88	64	0	22	20		2		2	33	30	105	217	11			2	3	6	7	485	2			41			2	8	31	12	3716	11			19	3	6	10	94	20	33	41	76	1	3	66	6	479	2	4	455	18	14	8		4	3		1		2	88	64	0	22	20		2		2	33	30	105	217	11			2	3	6	7	485	2			41			2	8	31	12	3716	11																																																																	1		1		1		1		2		1	1		3		1	2												0	0	0					0		1	0	2	1					1		6				1					1		20			
simijaca	2024-12-31			204	204	0	0	116	116			1			1	1			1	5			5		8			8		11	6	1	4	2	2				26	10	2	14	9	5			0	9	6	11	8	1					1	1	60	1			1					1	2	118	1			1			1	1			1	5			5		8			8		11	6	1	4	2	2				26	10	2	14	9	5			0	9	6	11	8	1					1	1	60	1			1					1	2	118	1																																																																																																																														
simiti	2024-12-31			729	729	0	22	302	302		12	9	1		8	17	1		16	39	2	2	30	5	90	3	6	71	10	8	1	1	4	2		2		2	21	1	1	12	5		7		7	20	29	36	50	6			2	1	3	4	241	5			7			2	1	4	6	539	7			9	1		8	17	1		16	39	2	2	30	5	90	3	6	71	10	8	1	1	4	2		2		2	21	1	1	12	5		7		7	20	29	36	50	6			2	1	3	4	241	5			7			2	1	4	6	539	7																																																																					0				2			2		3			3												0	0	0					0		3	0	4								12											22			
sincelejo	2024-12-31			18031	18031	0	95	770	770		11	11	1	5	5	105	2	67	36	72	3	2	62	5	1201	7	23	1148	23	55	43		9	6		3		3	1475	1101	0	370	179		191		4	6	39	82	388	11			1	3	7	7	448	2			127			32	5	90	40	8913	7			11	1	5	5	105	2	67	36	72	3	2	62	5	1201	7	23	1148	23	55	43		9	6		3		3	1475	1101	0	370	179		191		4	6	39	82	388	11			1	3	7	7	448	2			127			32	5	90	40	8913	7																																																																					0				1			1		2			2												0	0	0					0		2	0	3								10											82			
sipi	2024-12-31			2448	2448	0	0	606	606			7	1	2	4	10	1	2	7	35			34	1	222	1		211	10	3	2		1	1					10	8	0	2	2				0	60	14	121	103	5			1		4	7	321	1		1	7			1		6	22	1526	1		2	7	1	2	4	10	1	2	7	35			34	1	222	1		211	10	3	2		1	1					10	8	0	2	2				0	60	14	121	103	5			1		4	7	321	1		1	7			1		6	22	1526	1		2																																																																																																																												
sitionuevo	2024-12-31			954267	954137	16	528905	806	805	13	65	33	3	7	23	433661	43580	77952	312129	77	4		67	6	11164	223		10063	878	43	27	3	10	8		2		3	115625	56	69127	5246	5242		4		41196	16	108	40934	30679	15				3	12	21	523	5			117213				3756	113457	9784	542342	97024			33	3	7	23	433660	43580	77952	312128	77	4		67	6	11158	223		10057	878	43	27	3	10	8		2		3	115625	56	69127	5246	5242		4		41196	16	108	40933	30679	15				3	12	21	523	5			117213				3756	113457	9784	542309	97024							0									0															0	0	0					0		5	0	6							2	8										3	9				13	1	2	10	316436	40895	641	274900	3			3		2008			2008		1		1							88	0	88	0					0		4	0	1664	2					2	1	45	2			96413					96413	14	281450	83005		
soacha	2024-12-31			111675	111675	0	55	1816	1816		8	42	5	15	22	1453	35	206	1212	156	3	2	145	6	15519	18	5	15450	46	100	73	4	20	13	2	5		3	1624	126	5	1487	1447	4	36		6	137	62	2528	6276	26		2	3	7	16	16	762	3			682		3	9	45	628	1099	95044	9			42	5	15	22	1453	35	206	1212	156	3	2	145	6	15519	18	5	15450	46	100	73	4	20	13	2	5		3	1624	126	5	1487	1447	4	36		6	137	62	2528	6276	26		2	3	7	16	16	762	3			682		3	9	45	628	1099	95044	9																																																																					0				1			1		1			1												0	0	0					0		1	0	1								7											53			
soata	2024-12-31			14487	14487	0	0	750	750			20	1	7	12	843	265	476	102	69	1		67	1	1115	1		1112	2	43	37		6	6					118	56	0	62	62				0	50	48	1138	1319	17			1	4	12	10	428	1			457			265	165	27	453	11634	1			20	1	7	12	843	265	476	102	69	1		67	1	1115	1		1112	2	43	37		6	6					118	56	0	62	62				0	50	48	1138	1319	17			1	4	12	10	428	1			457			265	165	27	453	11634	1																																																																																																																														
socha	2024-12-31			3545	3545	0	4	454	454		1	8	3	2	3	328	44	15	269	27			27		165			165		23	19		4	2	1	1			55	45	0	10	5	1	4		0	47	16	660	131	7			1	2	4	7	177	1			328			4	48	276	85	1700	5			8	3	2	3	328	44	15	269	27			27		165			165		23	19		4	2	1	1			55	45	0	10	5	1	4		0	47	16	660	131	7			1	2	4	7	177	1			328			4	48	276	85	1700	5																																																																					0									0															0	0	0					0			0									1											4			
socorro	2024-12-31			52489	52489	0	55	512	512		4	8		1	7	504		106	398	59	4		52	3	5490	5		4645	840	21	14		7	5		2			297	243	0	54	52		2		0	15	48	2013	7336	3					3	6	372	1		1	3					3	503	43661	1		5	8		1	7	504		106	398	59	4		52	3	5490	5		4645	840	21	14		7	5		2			297	243	0	54	52		2		0	15	48	2013	7336	3					3	6	372	1		1	3					3	503	43661	1		5																																																																			0				1			1		2			2												0	0	0					0		1	0	2								4											55			
socota	2024-12-31			4226	4226	0	0	500	500			10	2	4	4	398	20	8	370	29	1		28		112	2		110		8	4		4		2	2			17	9	0	8		2	6		0	59	12	1114	82	10			1	5	4	5	200	1			398			4	24	370	28	1989	2			10	2	4	4	398	20	8	370	29	1		28		112	2		110		8	4		4		2	2			17	9	0	8		2	6		0	59	12	1114	82	10			1	5	4	5	200	1			398			4	24	370	28	1989	2																																																																																																																														
sogamoso	2024-12-31			3310	3310	0	1	436	436		1	12	3	5	4	115	92	16	7	37	1		36		440	2		438		35	26	2	7	6		1			132	39	21	72	70		2		0	32	31	244	248	9			1	4	4	7	181	1			108			3	96	9	150	2339	2			12	3	5	4	115	92	16	7	37	1		36		440	2		438		35	26	2	7	6		1			132	39	21	72	70		2		0	32	31	244	248	9			1	4	4	7	181	1			108			3	96	9	150	2339	2																																																																					0									0															0	0	0					0			0									1											1			
solano	2024-12-31			107131	107131	0	640	5333	5333		13	28	4	7	17	128	14	21	93	196	10	2	177	7	4788	221	2	4359	206	61	36	1	18	12		6		6	394	167	2	86	76		10		139	89	44	823	1026	43			1	10	32	25	2488	12	1	1	220			1	46	173	217	49908	31	3	142	28	4	7	17	128	14	21	93	196	10	2	177	7	4788	221	2	4359	206	61	36	1	18	12		6		6	394	167	2	86	76		10		139	89	44	823	1026	43			1	10	32	25	2488	12	1	1	220			1	46	173	217	49908	31	3	142																																																																			0				1			1		64			64												0	0	0					0		1	0	64								11											627			
soledad	2024-12-31			1677	1677	0	28	196	196		11	2		1	1	7		3	4	29	1		28		171	5		166		8	5		3	2		1			114	14	0	100	99		1		0	2	26	12	216	1				1		5	162				3				3		6	1473				2		1	1	7		3	4	29	1		28		171	5		166		8	5		3	2		1			114	14	0	100	99		1		0	2	26	12	216	1				1		5	162				3				3		6	1473																																																																						0				2			2		6			6												0	0	0					0		1	0	4								10											26			
solita	2024-12-31			209	209	0	1	75	75		1	2	1		1	11	8		3	14	1		13		29	1		28		2			1	1				1	11	0	0	7	7				4	3	3	10	6	2			1		1	2	51				11			8		3	4	110				2	1		1	11	8		3	14	1		13		29	1		28		2			1	1				1	11	0	0	7	7				4	3	3	10	6	2			1		1	2	51				11			8		3	4	110																																																																						0									0															0	0	0					0			0									1											1			
somondoco	2024-12-31			448	448	0	0	140	140			2		1	1	2		1	1	18			18		24			24		4	3		1	1					5	4	0	1	1				0	4	11	8	34	2				1	1	4	101				7				1	6	8	338				2		1	1	2		1	1	18			18		24			24		4	3		1	1					5	4	0	1	1				0	4	11	8	34	2				1	1	4	101				7				1	6	8	338																																																																																																																															
sonson	2024-12-31			53721	53721	0	236	3380	3380		11	113	17	31	65	1067	99	446	522	252	2	2	239	9	3585	48	3	3418	116	82	59	3	17	11	2	4		3	441	198	3	233	222	4	7		7	413	50	3152	1702	85			16	20	49	41	1522	21		1	731			85	278	368	231	29784	61		10	113	17	31	65	1067	99	446	522	252	2	2	239	9	3585	48	3	3418	116	82	59	3	17	11	2	4		3	441	198	3	233	222	4	7		7	413	50	3152	1702	85			16	20	49	41	1522	21		1	731			85	278	368	231	29784	61		10																																																																			0				1			1		9			9												0	0	0					0		2	0	10								11											236			
sopetran	2024-12-31			16242	16242	0	645	660	660		12	14	2	2	10	159	2	38	119	63	3	2	52	6	1678	13	3	1632	30	36	17	1	14	9		5		4	296	23	1	267	259		8		5	22	54	529	1751	10			1	1	8	5	396	2			131			60	1	70	15	14069	27			14	2	2	10	159	2	38	119	63	3	2	52	6	1678	13	3	1632	30	36	17	1	14	9		5		4	296	23	1	267	259		8		5	22	54	529	1751	10			1	1	8	5	396	2			131			60	1	70	15	14069	27																																																																					0				1			1		200			200												0	0	0					0		2	0	201								12											645			
soplaviento	2024-12-31			234	234	0	11	127	127		7	1			1	2			2	8			7	1	16			15	1	8	4		3	2		1		1	11	4	0	5	4		1		2	5	15	9	23	1					1	3	107				1					1	3	191				1			1	2			2	8			7	1	16			15	1	8	4		3	2		1		1	11	4	0	5	4		1		2	5	15	9	23	1					1	3	107				1					1	3	191																																																																						0									0															0	0	0					0			0									6											8			
sopo	2024-12-31			12512	12512	0	165	570	570		7	10	1	3	6	152	5	137	10	57	1		56		1105	8		1097		57	38	3	16	9	3	4			557	81	6	470	452	4	14		0	31	49	481	1427	8		1		2	6	8	260	1			148		2		6	142	214	9976	1			10	1	3	6	152	5	137	10	57	1		56		1105	8		1097		57	38	3	16	9	3	4			557	81	6	470	452	4	14		0	31	49	481	1427	8		1		2	6	8	260	1			148		2		6	142	214	9976	1																																																																					0				1			1		40			40												0	0	0					0		2	0	45								6											164			
sora	2024-12-31			68	68	0	0	43	43			2		1	1	4		2	2	2			2		3			3		2	1	1							2	1	1	0					0	8		11								1	17										1	23				2		1	1	4		2	2	2			2		3			3		2	1	1							2	1	1	0					0	8		11								1	17										1	23																																																																																																																															
soraca	2024-12-31			662	662	0	0	110	110			3	1	1	1	6	2	3	1	14			14		56			56		3	1		2	1	1				5	1	0	4	3	1			0	6	11	68	39	2		2	1	1		2	83				5		5	2	3		5	541				3	1	1	1	6	2	3	1	14			14		56			56		3	1		2	1	1				5	1	0	4	3	1			0	6	11	68	39	2		2	1	1		2	83				5		5	2	3		5	541																																																																																																																															
sotaquira	2024-12-31			8543	8543	0	1	433	433		1	16	3	4	9	227	18	24	185	31			31		204			204		18	10	3	5	4		1			375	101	261	13	12		1		0	67	15	783	48	13			2	3	8	8	221	1			153			9	22	122	37	3551	1			16	3	4	9	227	18	24	185	31			31		204			204		18	10	3	5	4		1			375	101	261	13	12		1		0	67	15	783	48	13			2	3	8	8	221	1			153			9	22	122	37	3551	1																																																																					0				1			1		1			1												0	0	0					0		1	0	1								1											1			
sotara-paispamba	2024-12-31			1718	1718	0	4	395	395		2	9	1	2	6	12	2	2	8	41	3		38		142	4		138		4	2		2	2					20	2	0	18	18				0	11	16	22	95	8				2	6	2	208	1			10				2	8	3	1213	8			9	1	2	6	12	2	2	8	41	3		38		142	4		138		4	2		2	2					20	2	0	18	18				0	11	16	22	95	8				2	6	2	208	1			10				2	8	3	1213	8																																																																					0									0															0	0	0					0			0									2											4			
suaita	2024-12-31			9388	9388	0	37	954	954		3	14	4	3	7	98	39	26	33	64			60	4	648			643	5	30	25		5	2		3			46	33	0	13	9		4		0	65	34	411	652	15			1	6	8	8	432			1	59			1	30	28	38	5428			2	14	4	3	7	98	39	26	33	64			60	4	648			643	5	30	25		5	2		3			46	33	0	13	9		4		0	65	34	411	652	15			1	6	8	8	432			1	59			1	30	28	38	5428			2																																																																			0				1			1		25			25												0	0	0					0		1	0	25								3											37			
suan	2024-12-31			290	290	0	17	79	79		6					0				5			5		17			17		2			2	2					8	0	0	8	8				0	1	12	1	50							3	70										9	249								0				5			5		17			17		2			2	2					8	0	0	8	8				0	1	12	1	50							3	70										9	249																																																																						0									0															0	0	0					0			0									5											14			
suarez-cau	2024-12-31			215	215	0	4	105	105		2	6		2	4	10		3	7	7			7		13			13		5	3		2	2					6	3	0	3	3				0	25	3	55	8	4					4		80	2			5					5		150	2			6		2	4	10		3	7	7			7		13			13		5	3		2	2					6	3	0	3	3				0	25	3	55	8	4					4		80	2			5					5		150	2																																																																					0									0															0	0	0					0			0									2											4			
suarez-tol	2024-12-31			953	953	0	15	232	232		8	2		1	1	3		1	2	17		1	15	1	75		1	70	4	4	1		3	3					10	1	0	9	9				0	21	11	62	36	1					1		215	1			1					1		826	8			2		1	1	3		1	2	17		1	15	1	75		1	70	4	4	1		3	3					10	1	0	9	9				0	21	11	62	36	1					1		215	1			1					1		826	8																																																																	1		1		1		1		2		1	1		2		1	1												0	0	0					0		1	0	1	1					1		7				1					1		14			
suaza	2024-12-31			2080	2080	0	22	484	484		5	9	1	1	7	25	1	1	23	49		1	46	2	192		1	186	5	12	5		6	5		1		1	24	6	0	17	16		1		1	23	26	61	104	6				3	3	8	339		1		13				5	8	22	1608		3		9	1	1	7	25	1	1	23	49		1	46	2	192		1	186	5	12	5		6	5		1		1	24	6	0	17	16		1		1	23	26	61	104	6				3	3	8	339		1		13				5	8	22	1608		3																																																																				0									0															0	0	0					0			0									5											22			
subachoque	2024-12-31			16292	16292	0	2	2038	2038		2	39	3	15	21	128	7	81	40	84	3		81		1182	3		1179		182	155	4	21	13	2	6		2	461	312	6	140	106	2	32		3	184	24	1021	172	39		3	3	12	24	15	574	4	1		143		41	6	52	85	314	7695	14	4		39	3	15	21	128	7	81	40	84	3		81		1182	3		1179		182	155	4	21	13	2	6		2	461	312	6	140	106	2	32		3	184	24	1021	172	39		3	3	12	24	15	574	4	1		143		41	6	52	85	314	7695	14	4																																																																				0									0															0	0	0					0			0									2											2			
sucre-cau	2024-12-31			113	113	0	0	94	94							0				8			8		8			8												0	0	0					0	1	4	2	4								83											86								0				8			8		8			8												0	0	0					0	1	4	2	4								83											86																																																																																																																															
sucre-san	2024-12-31			451	451	0	0	182	182			4		2	2	4		2	2	18			18		23			23		6	3		3	1	2				6	3	0	3	1	2			0	19	6	30	15	4		1		2	2	2	100				4		1		2	2	3	212				4		2	2	4		2	2	18			18		23			23		6	3		3	1	2				6	3	0	3	1	2			0	19	6	30	15	4		1		2	2	2	100				4		1		2	2	3	212																																																																																																																															
sucre-suc	2024-12-31			159	159	0	7	96	96		4	3			3	4			4	12	2		9	1	17	2		13	2	2	1		1	1					2	1	0	1	1				0	1	8	1	15	1					1	1	80	1			1					1	1	132	1			3			3	4			4	12	2		9	1	17	2		13	2	2	1		1	1					2	1	0	1	1				0	1	8	1	15	1					1	1	80	1			1					1	1	132	1																																																																					0									0															0	0	0					0			0									4											7			
suesca	2024-12-31			5695	5695	0	9	744	744		3	10	1	5	4	39	9	24	6	48	1		47		603	3		600		88	66	3	17	12	2	3		2	348	139	3	200	193	3	4		6	42	27	240	246	8		2	1	2	5	7	251				41		3	9	16	16	168	3682				10	1	5	4	39	9	24	6	48	1		47		603	3		600		88	66	3	17	12	2	3		2	348	139	3	200	193	3	4		6	42	27	240	246	8		2	1	2	5	7	251				41		3	9	16	16	168	3682																																																																						0				1			1		1			1												0	0	0					0		1	0	1								3											9			
supata	2024-12-31			44156	44156	0	58	727	727		2	12	1	5	6	16	1	7	8	56			56		2480			2480		23	16		6	4		2		1	1100	18	0	1080	1077		3		2	42	34	242	2786	8		1		4	4	8	315	1			133		1		5	128	18	34571	1			12	1	5	6	16	1	7	8	56			56		2480			2480		23	16		6	4		2		1	1100	18	0	1080	1077		3		2	42	34	242	2786	8		1		4	4	8	315	1			133		1		5	128	18	34571	1																																																																					0									0															0	0	0					0			0									2											58			
supia	2024-12-31			5083	5083	0	36	435	435		4	14	1	3	10	34	1	11	22	49	2		45	2	522	14		505	3	11	7		4	4					118	7	0	111	111				0	23	29	75	370	9				3	6	5	307				28				3	25	10	4056				14	1	3	10	34	1	11	22	49	2		45	2	522	14		505	3	11	7		4	4					118	7	0	111	111				0	23	29	75	370	9				3	6	5	307				28				3	25	10	4056																																																																						0									0															0	0	0					0			0									4											36			
surata	2024-12-31			11468	11468	0	10	628	628		3	18	2	7	9	276	10	192	74	69	1		68		1289	7		1282		17	10		7	4		2	1		22	10	0	12	7		4	1	0	38	32	270	641	14			2	3	9	6	369				225			4	186	35	107	9418				18	2	7	9	276	10	192	74	69	1		68		1289	7		1282		17	10		7	4		2	1		22	10	0	12	7		4	1	0	38	32	270	641	14			2	3	9	6	369				225			4	186	35	107	9418																																																																						0				1			1		8			8												0	0	0					0		1	0	8								3											10			
susa	2024-12-31			6734	6734	0	61	226	226		5	8	2	4	2	636	470	164	2	24	1		23		253	10		243		11	8		3	2	1				345	12	0	333	332	1			0	17	43	661	1366	5				2	3	3	161				615				464	151	406	5037				8	2	4	2	636	470	164	2	24	1		23		253	10		243		11	8		3	2	1				345	12	0	333	332	1			0	17	43	661	1366	5				2	3	3	161				615				464	151	406	5037																																																																						0				1			1		35			35												0	0	0					0		2	0	50								5											61			
susacon	2024-12-31			2452	2452	0	0	430	430			15	3	6	6	52	5	15	32	31			31		120			120		20	15		5	3	1	1			43	37	0	6	4	1	1		0	53	9	643	30	12			4	4	4	8	204				33			8	10	15	76	1315				15	3	6	6	52	5	15	32	31			31		120			120		20	15		5	3	1	1			43	37	0	6	4	1	1		0	53	9	643	30	12			4	4	4	8	204				33			8	10	15	76	1315																																																																																																																															
sutamarchan	2024-12-31			948	948	0	7	260	260		2	3		1	2	7		2	5	14			14		43			43		13	7	1	5	4		1			32	10	13	9	8		1		0	12	9	27	28	3				1	2	4	122	2			6				1	5	13	450	3			3		1	2	7		2	5	14			14		43			43		13	7	1	5	4		1			32	10	13	9	8		1		0	12	9	27	28	3				1	2	4	122	2			6				1	5	13	450	3																																																																					0				1			1		4			4												0	0	0					0		1	0	4								2											7			
sutatausa	2024-12-31			976	976	0	17	201	201		3	3	1	1	1	23	10	9	4	16			16		64			64		18	13	1	4	3		1			44	15	1	28	27		1		0	10	15	47	136	4		2		2	2	2	98				26		2		12	14	20	616				3	1	1	1	23	10	9	4	16			16		64			64		18	13	1	4	3		1			44	15	1	28	27		1		0	10	15	47	136	4		2		2	2	2	98				26		2		12	14	20	616																																																																						0				1			1		7			7												0	0	0					0		2	0	11								3											17			
sutatenza	2024-12-31			442	442	0	5	143	143		3	1		1		1		1		11	1		10		35	1		34		6	4		2	1			1		9	6	0	3	2			1	0	5	11	8	34	1				1		2	98	1			1				1		3	327	1			1		1		1		1		11	1		10		35	1		34		6	4		2	1			1		9	6	0	3	2			1	0	5	11	8	34	1				1		2	98	1			1				1		3	327	1																																																																					0									0															0	0	0					0			0									3											5			
tabio	2024-12-31			22178	22178	0	51	716	716		2	16	2	4	10	41	6	6	29	47	1		46		3023	1		3022		118	96	4	17	11	2	4		1	665	167	7	490	471	4	15		1	49	40	851	1402	13		2		5	8	8	298				41		3		19	22	244	19126				16	2	4	10	41	6	6	29	47	1		46		3023	1		3022		118	96	4	17	11	2	4		1	665	167	7	490	471	4	15		1	49	40	851	1402	13		2		5	8	8	298				41		3		19	22	244	19126																																																																						0									0															0	0	0					0			0									2											51			
tado	2024-12-31			9764	9764	0	18	1309	1309		8	13	1	6	6	206	94	62	50	65		1	62	2	587		1	566	20	21	16		3	2		1		2	57	40	0	15	13		2		2	86	34	657	256	17			2	7	8	8	647	5		1	262			96	80	86	16	4680	10		10	13	1	6	6	206	94	62	50	65		1	62	2	587		1	566	20	21	16		3	2		1		2	57	40	0	15	13		2		2	86	34	657	256	17			2	7	8	8	647	5		1	262			96	80	86	16	4680	10		10																																																																			0				1			1		4			4												0	0	0					0		1	0	4								6											15			
talaigua-nuevo	2024-12-31			47	47	0	2	36	36		2	3		1	2	4		2	2						1			1												0	0	0					0	3		4								1	9										1	9				3		1	2	4		2	2						1			1												0	0	0					0	3		4								1	9										1	9																																																																						0									0															0	0	0					0			0									2											2			
tamalameque	2024-12-31			485	485	0	17	139	139		6					0				13			11	2	41			35	6	5	1		3	3				1	11	2	0	5	5				4	9	14	12	55	2					2	2	117	1			3					3	2	410	1							0				13			11	2	41			35	6	5	1		3	3				1	11	2	0	5	5				4	9	14	12	55	2					2	2	117	1			3					3	2	410	1																																																																					0									0															0	0	0					0			0									6											17			
tamara	2024-12-31			21194	21194	0	53	1043	1043		9	14	1	4	9	161	34	87	40	88	2	2	77	7	1050	2	4	963	81	37	20		14	12		2		3	420	218	0	195	192		3		7	16	32	159	285	16			1	4	11	8	711	5			340			34	77	229	41	9371	34			14	1	4	9	161	34	87	40	88	2	2	77	7	1050	2	4	963	81	37	20		14	12		2		3	420	218	0	195	192		3		7	16	32	159	285	16			1	4	11	8	711	5			340			34	77	229	41	9371	34																																																																					0									0															0	0	0					0			0									9											53			
tame	2024-12-31			40302	40302	0	322	2200	2200		15	27	1	8	18	792	1	627	164	131	3	2	116	10	3471	42	6	2998	425	58	37	2	15	8		7		4	456	71	3	206	196		10		176	60	57	1631	1614	30			1	5	24	13	1112	8			839			90	569	180	394	26492	149			27	1	8	18	792	1	627	164	131	3	2	116	10	3471	42	6	2998	425	58	37	2	15	8		7		4	456	71	3	206	196		10		176	60	57	1631	1614	30			1	5	24	13	1112	8			839			90	569	180	394	26492	149																																																																					0				1			1		5			5												0	0	0					0		2	0	9								13											312			
tamesis	2024-12-31			45865	45865	0	121	1487	1487		8	28	4	7	17	664	15	102	547	117	5		105	7	3830	99		3702	29	60	46	1	13	8		5			455	94	5	356	344		12		0	98	51	1140	3808	21			3	4	14	17	804	4			436			13	39	384	395	36272	6			28	4	7	17	664	15	102	547	117	5		105	7	3830	99		3702	29	60	46	1	13	8		5			455	94	5	356	344		12		0	98	51	1140	3808	21			3	4	14	17	804	4			436			13	39	384	395	36272	6																																																																					0				1			1		9			9												0	0	0					0		2	0	12								8											121			
taminango	2024-12-31			4755	4755	0	1	374	374		1	2		2		3		2	1	30	1		29		1939	2		1937		24	19	1	3	2		1		1	41	30	1	7	6		1		3	11	18	24	148	4				3	1	1	214	2			1768				3	1765	2	1682	25			2		2		3		2	1	30	1		29		1939	2		1937		24	19	1	3	2		1		1	41	30	1	7	6		1		3	11	18	24	148	4				3	1	1	214	2			1768				3	1765	2	1682	25																																																																					0									0															0	0	0					0			0									1											1			
tangua	2024-12-31			2488	2488	0	2	522	522		1	8		3	5	86		10	76	47			47		224			224		23	20		3	3					38	24	0	14	14				0	21	18	91	67	6		1		3	3	1	231				111		1		34	77	8	1223				8		3	5	86		10	76	47			47		224			224		23	20		3	3					38	24	0	14	14				0	21	18	91	67	6		1		3	3	1	231				111		1		34	77	8	1223																																																																						0									0															0	0	0					0		1	0	2								1											2			
taraira	2024-12-31			10517	10517	0	15	2026	2026		9	4			4	7			7	77	3		70	4	151	9		138	4	8	4		3	2		1		1	14	10	0	3	2		1		1	14	7	25	11	13			1	3	9	5	1137	3		2	21			1	4	16	10	3688	5		7	4			4	7			7	77	3		70	4	151	9		138	4	8	4		3	2		1		1	14	10	0	3	2		1		1	14	7	25	11	13			1	3	9	5	1137	3		2	21			1	4	16	10	3688	5		7																																																																			0				1			1		1			1												0	0	0					0		1	0	1								8											14			
tarapaca	2024-12-31			20155	20152	0	58	2900	2900		10	21		7	14	2336		1181	1155	120	6	2	105	7	3149	71	3	2911	164	26	17	1	5	5				3	84	40	5	13	13				26	14	20	32	81	26				7	19	12	1561	3	1	1	2347				72	2275	61	9931	7	1	7	21		7	14	2336		1181	1155	120	6	2	105	7	3149	71	3	2911	164	26	17	1	5	5				3	84	40	5	13	13				26	14	20	32	81	26				7	19	12	1561	3	1	1	2347				72	2275	61	9931	7	1	7																																																																			0				1			1		5			5												0	0	0					0		2	0	6								9											49			
taraza	2024-12-31			16205	16205	0	178	1216	1216		11	33	6	8	19	2220	247	184	1789	74	6		58	10	1042	7	1	950	84	20	9	1	8	7		1		2	123	16	2	65	64		1		40	108	43	3259	834	24			5	6	13	14	701	9			1216			392	259	565	148	10490	764			33	6	8	19	2220	247	184	1789	74	6		58	10	1042	7	1	950	84	20	9	1	8	7		1		2	123	16	2	65	64		1		40	108	43	3259	834	24			5	6	13	14	701	9			1216			392	259	565	148	10490	764																																																																	1	1			3	3			2			2		19			19												0	0	0					0		1	0	9	1					1		10				3					3		175			
tarqui	2024-12-31			1557	1557	0	15	353	353		7	8		3	5	35		3	32	37	1		34	2	147	1		137	9	6	3		3	3					14	5	0	9	9				0	15	21	70	74	4				1	3	5	279	1			23				16	7	30	1277	1			8		3	5	35		3	32	37	1		34	2	147	1		137	9	6	3		3	3					14	5	0	9	9				0	15	21	70	74	4				1	3	5	279	1			23				16	7	30	1277	1																																																																					0				1			1		1			1												0	0	0					0		2	0	3								7											15			
tarso	2024-12-31			8278	8278	0	35	456	456		8	10		3	7	221		129	92	50	1		43	6	739	4		710	25	11	3	1	7	7					120	3	1	116	116				0	15	45	454	954	7			1	1	5	3	335	4			179			27	1	151	24	6774	28			10		3	7	221		129	92	50	1		43	6	739	4		710	25	11	3	1	7	7					120	3	1	116	116				0	15	45	454	954	7			1	1	5	3	335	4			179			27	1	151	24	6774	28																																																																					0				1			1		1			1												0	0	0					0		1	0	1								8											35			
tasco	2024-12-31			3758	3758	0	0	340	340			11	1	3	7	193	9	14	170	25			25		198			198		10	5	1	4	4					23	12	1	10	10				0	52	7	489	20	10			1	3	6	4	133				99			4	13	82	129	1732				11	1	3	7	193	9	14	170	25			25		198			198		10	5	1	4	4					23	12	1	10	10				0	52	7	489	20	10			1	3	6	4	133				99			4	13	82	129	1732																																																																																																																															
tauramena	2024-12-31			74216	74216	0	2004	1771	1771		16	19	1	5	13	895	12	23	860	104	5	2	88	9	4714	240	52	3064	1358	56	36	1	15	12		3		4	15142	12612	6	2355	1675		680		169	37	55	160	1854	24				5	19	10	1054	7			734				14	720	230	42569	561			19	1	5	13	895	12	23	860	104	5	2	88	9	4714	240	52	3064	1358	56	36	1	15	12		3		4	15142	12612	6	2355	1675		680		169	37	55	160	1854	24				5	19	10	1054	7			734				14	720	230	42569	561																																																																					0				2			2		8			8												0	0	0					0		2	0	8								14											1993			
tausa	2024-12-31			15083	15083	0	5	840	840		2	12		5	7	126		56	70	45	1		44		521	33		488		35	23	2	8	7		1		2	369	203	6	150	138		12		10	77	22	902	162	10		2	2	4	4	10	226	3			95		38	3	53	39	169	4933	236			12		5	7	126		56	70	45	1		44		521	33		488		35	23	2	8	7		1		2	369	203	6	150	138		12		10	77	22	902	162	10		2	2	4	4	10	226	3			95		38	3	53	39	169	4933	236																																																																					0				1			1		3			3												0	0	0					0		1	0	3								2											5			
tello	2024-12-31			1906	1906	0	1	436	436		1	3		2	1	4		3	1	28			27	1	108			103	5	16	9	1	6	5		1			30	15	1	14	13		1		0	18	20	57	93	4				2	2	1	234	1			5				3	2	1	1233	1			3		2	1	4		3	1	28			27	1	108			103	5	16	9	1	6	5		1			30	15	1	14	13		1		0	18	20	57	93	4				2	2	1	234	1			5				3	2	1	1233	1																																																																					0									0															0	0	0					0			0									1											1			
tena	2024-12-31			33593	33578	0	179	1247	1244		8	22	1	13	8	287	1	23	263	84	1		81	2	2314	4		2290	20	60	48	2	10	7		3			614	73	3	538	535		3		0	75	65	758	2918	16		1		6	10	12	664	3	1		211		2		9	202	454	26164	3	1		22	1	13	8	287	1	23	263	84	1		81	2	2314	4		2290	20	60	48	2	10	7		3			614	73	3	538	535		3		0	74	65	751	2918	16		1		6	10	12	664	3	1		211		2		9	202	454	26164	3	1																																																																				0				1			1		50			50												0	0	0					0		2	0	60								8											179			
tenerife	2024-12-31			6029	6029	0	17	340	340		7	8		2	6	27		7	20	38	2	1	32	3	246	2	7	228	9	16	9		6	4		2		1	53	34	0	16	14		2		3	12	12	51	36	6				2	4	2	262	3			19				2	17	5	2196	6			8		2	6	27		7	20	38	2	1	32	3	246	2	7	228	9	16	9		6	4		2		1	53	34	0	16	14		2		3	12	12	51	36	6				2	4	2	262	3			19				2	17	5	2196	6																																																																					0				1			1		2			2												0	0	0					0		1	0	2								7											17			
tenjo	2024-12-31			4160	4160	0	10	545	545		3	14	1	6	7	30	1	19	10	47	1		45	1	483	7		474	2	64	49	3	11	7	1	3		1	243	91	4	147	141	1	5		1	39	42	159	272	11		2		4	7	10	247				28		4		10	18	73	3146				14	1	6	7	30	1	19	10	47	1		45	1	483	7		474	2	64	49	3	11	7	1	3		1	243	91	4	147	141	1	5		1	39	42	159	272	11		2		4	7	10	247				28		4		10	18	73	3146																																																																						0				1			1		2			2												0	0	0					0		1	0	2								2											9			
tenza	2024-12-31			747	747	0	2	167	167		1	1			1	1			1	20			20		49			49		8	4		4	4					16	4	0	12	12				0	1	10	1	55	1					1	1	127				1					1	4	639				1			1	1			1	20			20		49			49		8	4		4	4					16	4	0	12	12				0	1	10	1	55	1					1	1	127				1					1	4	639																																																																						0									0															0	0	0					0			0									1											2			
teorama	2024-12-31			302	302	0	0	128	128			3		2	1	3		2	1	4			4		4			4		2			2	1		1			4	0	0	4	2		2		0	1	5	1	16	2					2	1	50				4					4	5	134				3		2	1	3		2	1	4			4		4			4		2			2	1		1			4	0	0	4	2		2		0	1	5	1	16	2					2	1	50				4					4	5	134																																																																																																																															
teruel	2024-12-31			1661	1661	0	17	296	296		4	4			4	28			28	38		1	35	2	188		1	170	17	10	6	1	3	3					32	6	2	24	24				0	8	16	54	126	2					2	3	239				9					9	16	1388				4			4	28			28	38		1	35	2	188		1	170	17	10	6	1	3	3					32	6	2	24	24				0	8	16	54	126	2					2	3	239				9					9	16	1388																																																																						0									0															0	0	0					0			0									4											17			
tesalia	2024-12-31			1880	1880	0	35	522	522		6	5		3	2	12		4	8	27			25	2	109			90	19	9	6		3	3					26	6	0	20	20				0	49	22	141	99	4		2	1	1	2	4	296	3	1		11		4	6	1	4	5	1092	12	9		5		3	2	12		4	8	27			25	2	109			90	19	9	6		3	3					26	6	0	20	20				0	49	22	141	99	4		2	1	1	2	4	296	3	1		11		4	6	1	4	5	1092	12	9																																																																				0				1			1		6			6												0	0	0					0		1	0	6								6											35			
tibacuy	2024-12-31			24617	24617	0	107	664	664		4	10		5	5	183		12	171	70	1	1	66	2	2006	2	4	1998	2	18	11	2	4	4				1	312	15	6	287	287				4	25	45	1000	1944	4				3	1	7	445				10				6	4	200	20945				10		5	5	183		12	171	70	1	1	66	2	2006	2	4	1998	2	18	11	2	4	4				1	312	15	6	287	287				4	25	45	1000	1944	4				3	1	7	445				10				6	4	200	20945																																																																						0				1			1		1			1												0	0	0					0		1	0	1								4											107			
tibana	2024-12-31			3001	3001	0	4	269	269		1	2		1	1	3		1	2	28			28		252			252		6	1	1	4	4					15	2	2	11	11				0	11	26	46	295	4		1		1	3	4	181				17		2		1	16	32	2510				2		1	1	3		1	2	28			28		252			252		6	1	1	4	4					15	2	2	11	11				0	11	26	46	295	4		1		1	3	4	181				17		2		1	16	32	2510																																																																						0				1			1		4			4												0	0	0					0		1	0	4								1											4			
tibasosa	2024-12-31			1363	1363	0	0	322	322			6		3	3	21		4	17	16			15	1	46			45	1	45	31	4	10	5	1	4			145	65	16	64	51	6	7		0	31	15	108	64	6				4	2	3	123	1			39				36	3	23	711	1			6		3	3	21		4	17	16			15	1	46			45	1	45	31	4	10	5	1	4			145	65	16	64	51	6	7		0	31	15	108	64	6				4	2	3	123	1			39				36	3	23	711	1																																																																																																																														
tibirita	2024-12-31			621	621	0	4	152	152		3					0				16			16		52			52		4	2		2	2					5	2	0	3	3				0	1	12	1	63							1	124										2	492								0				16			16		52			52		4	2		2	2					5	2	0	3	3				0	1	12	1	63							1	124										2	492																																																																						0				1			1		1			1												0	0	0					0		1	0	1								3											4			
tibu	2024-12-31			2013	2013	0	13	652	652		4	19	3	5	11	34	3	7	24	37			33	4	99			91	8	16	11		4	3		1		1	43	16	0	23	21		2		4	6	15	14	59	14			2	4	8	6	309	2		1	22			3	6	13	8	852	4		1	19	3	5	11	34	3	7	24	37			33	4	99			91	8	16	11		4	3		1		1	43	16	0	23	21		2		4	6	15	14	59	14			2	4	8	6	309	2		1	22			3	6	13	8	852	4		1																																																																			0									0															0	0	0					0			0									4											13			
tierralta	2024-12-31			46668	46668	0	466	1493	1493		13	38	7	6	25	245	74	14	157	142	11		120	11	6718	141		6060	517	24	13	1	8	7		1		2	296	26	1	267	264		3		2	61	63	566	3308	31			4	5	22	28	927	10		1	144			48	8	88	630	36373	40		3	38	7	6	25	245	74	14	157	142	11		120	11	6718	141		6060	517	24	13	1	8	7		1		2	296	26	1	267	264		3		2	61	63	566	3308	31			4	5	22	28	927	10		1	144			48	8	88	630	36373	40		3																																																																			0				2			2		50			50												0	0	0					0		1	0	19								11											464			
timana	2024-12-31			1940	1940	0	15	338	338		5	6		3	3	22		4	18	38	1		35	2	177	2		173	2	17	12		5	2	2	1			34	15	0	19	16	2	1		0	14	21	64	135	3				3		2	245	1			4				4		17	1523	4			6		3	3	22		4	18	38	1		35	2	177	2		173	2	17	12		5	2	2	1			34	15	0	19	16	2	1		0	14	21	64	135	3				3		2	245	1			4				4		17	1523	4																																																																					0				1			1		1			1												0	0	0					0		1	0	1								5											15			
timbio	2024-12-31			8491	8491	0	101	435	435		6	4		3	1	6		5	1	50	2		45	3	476	2		471	3	30	21		9	9					208	25	0	183	183				0	18	35	51	530	3					3	2	294	1			6					6	2	6738	1			4		3	1	6		5	1	50	2		45	3	476	2		471	3	30	21		9	9					208	25	0	183	183				0	18	35	51	530	3					3	2	294	1			6					6	2	6738	1																																																																					0				1			1		14			14												0	0	0					0		1	0	14								6											101			
timbiqui	2024-12-31			10467	10447	8	1032	700	691	8	28	21	3	9	9	240	15	204	21	76	4	1	62	9	928	4	1	894	29	5		1	4	4					95	0	1	94	94				0	30	36	88	511	24			3	7	14	18	497	3		2	252			18	53	181	74	7539	4		2	20	3	9	8	239	15	204	20	76	4	1	62	9	928	4	1	894	29	5		1	4	4					95	0	1	94	94				0	30	36	86	511	24			3	7	14	18	489	3		2	252			18	53	181	74	7531	4		2	1			1	1			1						0															0	0	0					0			0									8											8				1			1	1			1	4			4		12			12												0	0	0					0		1	0	3	2			1	1			23				5			3	2			741			
tinjaca	2024-12-31			1167	1167	0	3	137	137		1	1			1	30			30	12			12		79			79		8	6	1	1	1					22	6	13	3	3				0	4	14	58	105							3	99										22	963				1			1	30			30	12			12		79			79		8	6	1	1	1					22	6	13	3	3				0	4	14	58	105							3	99										22	963																																																																						0									0															0	0	0					0			0									1											3			
tipacoque	2024-12-31			4656	4656	0	0	392	392			6	1	3	2	91	4	13	74	26			26		204			204		16	10		6	6					35	28	0	7	7				0	26	8	186	43	1			1			3	210				4			4			19	1853				6	1	3	2	91	4	13	74	26			26		204			204		16	10		6	6					35	28	0	7	7				0	26	8	186	43	1			1			3	210				4			4			19	1853																																																																																																																															
tiquisio	2024-12-31			172	172	0	5	94	94		5	3	1	1	1	3	1	1	1	3			3		3			3		1			1	1					1	0	0	1	1				0	3	3	4	3								69			1								107			1	3	1	1	1	3	1	1	1	3			3		3			3		1			1	1					1	0	0	1	1				0	3	3	4	3								69			1								107			1																																																																			0				1			1		1			1												0	0	0					0		1	0	1								5											5			
titiribi	2024-12-31			15055	15055	0	11	771	771		3	14		6	8	434		418	16	49	2		43	4	1142	8		1105	29	56	42	3	11	7	1	3			263	108	4	151	146	1	4		0	23	42	937	1655	10				2	8	5	459	3			442				6	436	12	12026	4			14		6	8	434		418	16	49	2		43	4	1142	8		1105	29	56	42	3	11	7	1	3			263	108	4	151	146	1	4		0	23	42	937	1655	10				2	8	5	459	3			442				6	436	12	12026	4																																																																					0									0															0	0	0					0			0									3											11			
toca	2024-12-31			5484	5484	0	33	337	337		3	12		5	7	240		219	21	20	1		19		186	9		177		17	13		4	4					84	34	0	50	50				0	49	30	996	561	12				3	9	6	149				96				70	26	162	2811				12		5	7	240		219	21	20	1		19		186	9		177		17	13		4	4					84	34	0	50	50				0	49	30	996	561	12				3	9	6	149				96				70	26	162	2811																																																																						0				1			1		30			30												0	0	0					0		2	0	32								3											33			
tocaima	2024-12-31			3766	3766	0	57	584	584		8	8	2	4	2	52	7	35	10	38	1	2	33	2	229	1	9	198	21	48	32	1	13	9		3	1	2	171	100	2	62	56		5	1	7	23	29	118	188	8			1	4	3	3	343				51			6	34	11	8	2760				8	2	4	2	52	7	35	10	38	1	2	33	2	229	1	9	198	21	48	32	1	13	9		3	1	2	171	100	2	62	56		5	1	7	23	29	118	188	8			1	4	3	3	343				51			6	34	11	8	2760																																																																						0				1			1		1			1												0	0	0					0		1	0	1								8											57			
tocancipa	2024-12-31			20923	20923	0	432	644	644		7	10	1	5	4	52	1	30	21	50	2		46	2	2018	161		1850	7	89	63	6	19	15	1	3		1	810	104	20	678	663	7	8		8	43	58	278	3412	7			1	1	5	10	270				63			27	1	35	1104	16511				10	1	5	4	52	1	30	21	50	2		46	2	2018	161		1850	7	89	63	6	19	15	1	3		1	810	104	20	678	663	7	8		8	43	58	278	3412	7			1	1	5	10	270				63			27	1	35	1104	16511																																																																		1		1		1		1		2			2		32			32												0	0	0					0		1	0	31								6											428			
togui	2024-12-31			2889	2889	0	6	301	301		4	5		3	2	15		13	2	34			34		281			281		6	4		2	2					10	6	0	4	4				0	19	20	158	270	6				3	3	2	201	2			50				13	37	54	2199	4			5		3	2	15		13	2	34			34		281			281		6	4		2	2					10	6	0	4	4				0	19	20	158	270	6				3	3	2	201	2			50				13	37	54	2199	4																																																																					0				1			1		2			2												0	0	0					0		1	0	2								4											6			
toledo-ant	2024-12-31			90203	90203	0	296	846	846		10	23		5	18	1633		661	972	76	7	1	61	7	22488	472	4	21856	156	23	9	3	7	6		1		4	1279	794	226	63	47		16		196	51	49	5031	2165	17			1	2	14	11	563	7			1394			195	4	1195	242	50169	256			23		5	18	1633		661	972	76	7	1	61	7	22488	472	4	21856	156	23	9	3	7	6		1		4	1279	794	226	63	47		16		196	51	49	5031	2165	17			1	2	14	11	563	7			1394			195	4	1195	242	50169	256																																																																					0				1			1		30			30												0	0	0					0		2	0	31								10											296			
toledo-nsa	2024-12-31			13379	13379	0	1	1630	1630		1	31	6	9	16	89	8	21	60	138	2	1	128	7	1199	7	1	1170	21	28	15	3	8	6	1	1		2	59	24	3	24	14	9	1		8	83	29	182	379	43			6	8	29	13	778	8		1	168			10	49	109	53	7416	50		4	31	6	9	16	89	8	21	60	138	2	1	128	7	1199	7	1	1170	21	28	15	3	8	6	1	1		2	59	24	3	24	14	9	1		8	83	29	182	379	43			6	8	29	13	778	8		1	168			10	49	109	53	7416	50		4																																																																			0									0															0	0	0					0			0									1											1			
tona	2024-12-31			10427	10427	0	2	1505	1505		1	41	4	18	19	372	27	42	303	79	1		78		751	1		750		99	76	2	21	15		6			214	159	2	53	38		15		0	115	34	604	1052	34		2	4	9	21	11	545	4		1	348		3	19	30	299	126	4882	7		1	41	4	18	19	372	27	42	303	79	1		78		751	1		750		99	76	2	21	15		6			214	159	2	53	38		15		0	115	34	604	1052	34		2	4	9	21	11	545	4		1	348		3	19	30	299	126	4882	7		1																																																																			0									0															0	0	0					0			0									1											2			
topaga	2024-12-31			224	224	0	0	70	70			2			2	4			4	8			8		19			19		4		2	2	2					14	0	11	3	3				0	3	7	10	10							2	48										7	166				2			2	4			4	8			8		19			19		4		2	2	2					14	0	11	3	3				0	3	7	10	10							2	48										7	166																																																																																																																															
topaipi	2024-12-31			3697	3697	0	0	210	210			2		1	1	2		1	1	21			20	1	231			230	1	3	2		1	1					3	2	0	1	1				0	7	21	41	286							2	160										3	3240				2		1	1	2		1	1	21			20	1	231			230	1	3	2		1	1					3	2	0	1	1				0	7	21	41	286							2	160										3	3240																																																																																																																															
toribio	2024-12-31			1302	1302	0	0	391	391			3			3	15			15	32			32		124			124		6	4		2	2					31	5	0	26	26				0	18	8	23	39	2					2	1	207	2			5					5	1	919	3			3			3	15			15	32			32		124			124		6	4		2	2					31	5	0	26	26				0	18	8	23	39	2					2	1	207	2			5					5	1	919	3																																																																																																																														
toro	2024-12-31			7055	7055	0	306	533	533		12	7		4	3	109		98	11	44			38	6	654			509	145	23	13	2	8	6		2			160	31	3	126	123		3		0	22	34	228	553	6				2	4	4	368	1	1		31				6	25	37	5788	2	3		7		4	3	109		98	11	44			38	6	654			509	145	23	13	2	8	6		2			160	31	3	126	123		3		0	22	34	228	553	6				2	4	4	368	1	1		31				6	25	37	5788	2	3																																																																				0				1			1		3			3												0	0	0					0		3	0	13								11											253			
tota	2024-12-31			4767	4767	0	64	316	316		4	10	4	4	2	206	101	103	2	28	2		25	1	460	23		432	5	25	14	1	9	8	1			1	70	19	1	48	47	1			2	27	41	343	1132	9	1		3	3	3	6	166	1			189	2		4	99	86	154	3876	4			10	4	4	2	206	101	103	2	28	2		25	1	460	23		432	5	25	14	1	9	8	1			1	70	19	1	48	47	1			2	27	41	343	1132	9	1		3	3	3	6	166	1			189	2		4	99	86	154	3876	4																																																																					0				1			1		40			40												0	0	0					0		2	0	42								4											64			
totoro	2024-12-31			24570	24570	0	38	676	676		3	24	4	5	15	179	22	30	127	71	4		67		1684	5		1679		10	6		4	4					452	6	0	446	446				0	42	41	147	1588	16		1	2	3	11	5	368	2			56		3	19	9	28	35	19826	21			24	4	5	15	179	22	30	127	71	4		67		1684	5		1679		10	6		4	4					452	6	0	446	446				0	42	41	147	1588	16		1	2	3	11	5	368	2			56		3	19	9	28	35	19826	21																																																																					0				1			1		6			6												0	0	0					0		1	0	6								3											38			
trinidad	2024-12-31			62862	62862	0	3133	1057	1057		13	14		2	12	816		25	791	88	6	2	70	10	5991	478	1084	3883	546	29	16		10	7		3		3	13679	11942	0	1433	1251		182		304	6	56	11	4339	10				3	7	10	734	5			356				26	330	640	43860	16			14		2	12	816		25	791	88	6	2	70	10	5991	478	1084	3883	546	29	16		10	7		3		3	13679	11942	0	1433	1251		182		304	6	56	11	4339	10				3	7	10	734	5			356				26	330	640	43860	16																																																																					0				1			1		88			88												0	0	0					0		2	0	105								12											2853			
trujillo	2024-12-31			6442	6442	0	28	661	661		6	20	1	5	14	85	1	18	66	64	2		55	7	643	24		526	93	15	11		4	2		2			60	13	0	47	45		2		0	36	29	204	333	13				4	9	4	474	4			58				17	41	24	4839	18			20	1	5	14	85	1	18	66	64	2		55	7	643	24		526	93	15	11		4	2		2			60	13	0	47	45		2		0	36	29	204	333	13				4	9	4	474	4			58				17	41	24	4839	18																																																																					0				1			1		4			4												0	0	0					0		1	0	4								6											28			
tubara	2024-12-31			4048	4048	0	586	472	472		19	7	1	1	5	19	1	6	12	48	1	1	42	4	312	1	1	294	16	22	13	1	7	5		2		1	65	19	1	44	42		2		1	2	58	63	389	7			1	2	4	10	324				22			1	8	13	37	3301				7	1	1	5	19	1	6	12	48	1	1	42	4	312	1	1	294	16	22	13	1	7	5		2		1	65	19	1	44	42		2		1	2	58	63	389	7			1	2	4	10	324				22			1	8	13	37	3301																																																																		1			1	1			1	3			3		11			11												0	0	0					0		3	0	12	1					1		17				1					1		557			
tuchin	2024-12-31			359	359	0	3	74	74		3					0				7			7		11			11		1			1	1					2	0	0	2	2				0		7	0	12								55											97								0				7			7		11			11		1			1	1					2	0	0	2	2				0		7	0	12								55											97																																																																						0				1			1		1			1												0	0	0					0			0									3											3			
tulua	2024-12-31			26274	26274	0	147	2089	2089		12	44	4	16	24	236	17	67	152	110	4		101	5	1410	54		1312	44	156	126	4	26	14	2	9	1		677	363	63	251	217	4	23	7	0	147	43	811	686	39		1	2	17	20	13	929	3	1		173		1	16	59	98	59	16731	10	3		44	4	16	24	236	17	67	152	110	4		101	5	1410	54		1312	44	156	126	4	26	14	2	9	1		677	363	63	251	217	4	23	7	0	147	43	811	686	39		1	2	17	20	13	929	3	1		173		1	16	59	98	59	16731	10	3																																																																				0				1			1		33			33												0	0	0					0		2	0	34								10											142			
tunja	2024-12-31			12966	12966	0	8	769	769		3	14		7	7	35		17	18	50	1		48	1	1211	8		1202	1	84	70	3	11	6	1	4			1146	126	476	544	533	2	9		0	55	47	318	1050	6		2		2	4	7	330	2			15		3		2	13	604	10064	2			14		7	7	35		17	18	50	1		48	1	1211	8		1202	1	84	70	3	11	6	1	4			1146	126	476	544	533	2	9		0	55	47	318	1050	6		2		2	4	7	330	2			15		3		2	13	604	10064	2																																																																					0									0															0	0	0					0			0									3											8			
tunungua	2024-12-31			50	50	0	0	25	25			1			1	2			2	4	1		3		6	2		4												0	0	0					0	2	1	3	2	1					1		21				2					2		27				1			1	2			2	4	1		3		6	2		4												0	0	0					0	2	1	3	2	1					1		21				2					2		27																																																																																																																															
tuquerres	2024-12-31			4501	4501	0	0	573	573			7		2	5	18		3	15	48	1		46	1	443	1		441	1	18	15		3	3					60	45	0	15	15				0	16	5	54	9	5		2		3	2	4	212	1			34		18		10	24	6	2058	4			7		2	5	18		3	15	48	1		46	1	443	1		441	1	18	15		3	3					60	45	0	15	15				0	16	5	54	9	5		2		3	2	4	212	1			34		18		10	24	6	2058	4																																																																																																																														
turbaco	2024-12-31			77231	77225	0	1212	1445	1445		17	21	4	10	7	346	32	103	211	110	5	2	94	9	9662	30	8	9502	122	149	125		21	9		11	1	3	3199	1276	0	1920	1845		72	3	3	16	78	1125	4575	13				6	7	17	710	5	1		149				35	114	399	61124	195	1		21	4	10	7	346	32	103	211	110	5	2	94	9	9662	30	8	9502	122	149	125		21	9		11	1	3	3199	1276	0	1920	1845		72	3	3	16	78	1125	4575	13				6	7	17	710	5	1		149				35	114	399	61124	195	1																																																																1		1		2		2		3			3		32			32												0	0	0					0		3	0	21								15											1193			
turbana	2024-12-31			3782	3782	0	35	416	416		11	7	1	2	4	28	5	2	21	46	2		43	1	318	6		306	6	15	10		4	4				1	307	279	0	26	26				2	7	36	51	151	6				3	3	5	307				6				3	3	9	2865				7	1	2	4	28	5	2	21	46	2		43	1	318	6		306	6	15	10		4	4				1	307	279	0	26	26				2	7	36	51	151	6				3	3	5	307				6				3	3	9	2865																																																																						0				1			1		1			1												0	0	0					0		2	0	3								9											20			
turbo	2024-12-31			31468	30027	296	1086	2108	2074	65	74	51	4	12	35	595	57	128	410	128	9	2	106	11	3816	112	710	2803	191	87	57	1	26	16		9	1	3	616	340	6	241	199		41	1	29	78	94	515	3516	33				7	26	30	1106	12	1	1	317				71	246	271	23555	37	1	1	50	4	12	34	563	57	121	385	127	9	2	105	11	3746	93	710	2754	189	87	57	1	26	16		9	1	3	616	340	6	241	199		41	1	29	78	93	510	3493	33				7	26	29	1085	8	1	1	310				71	239	251	23167	33	1	1	6	2		4	23		8	15	4	2		2		29	19		10												0	0	0					0		20	0	146	5					5	5	43	3			39					39	22	203	3			8		1	7	45		31	14	4	1		3		197	31		166												0	0	0					0	1	4	4	102	2					2		57	4			33					33		1028	4		
turmeque	2024-12-31			628	628	0	0	170	170			1			1	5			5	13			13		39			39		24	17	2	5	2	1	2			50	29	7	14	4	2	8		0	9	2	15	6			1				2	69						2				11	225				1			1	5			5	13			13		39			39		24	17	2	5	2	1	2			50	29	7	14	4	2	8		0	9	2	15	6			1				2	69						2				11	225																																																																																																																															
tuta	2024-12-31			1370	1370	0	11	211	211		5	9		6	3	19		15	4	23	1		21	1	60	5		53	2	27	14	1	12	8	1	3			69	19	18	32	28	1	3		0	19	22	101	185	5				2	3	9	115				27				6	21	43	747				9		6	3	19		15	4	23	1		21	1	60	5		53	2	27	14	1	12	8	1	3			69	19	18	32	28	1	3		0	19	22	101	185	5				2	3	9	115				27				6	21	43	747																																																																		1		1		1		1		2			2		6			6												0	0	0					0		1	0	5								4											8			
tutaza	2024-12-31			1493	1493	0	0	222	222			8	2	3	3	124	7	5	112	12			12		63			63		6	5	1							34	5	29	0					0	27	3	113	8	8			2	4	2	3	72				53			6	7	40	84	362				8	2	3	3	124	7	5	112	12			12		63			63		6	5	1							34	5	29	0					0	27	3	113	8	8			2	4	2	3	72				53			6	7	40	84	362																																																																																																																															
ubala	2024-12-31			42682	42682	0	95	1574	1574		9	23	2	9	12	313	19	208	86	133	3		124	6	3772	9		3394	369	44	30		12	9		3		2	570	162	0	405	402		3		3	47	44	486	2046	29		1	1	8	20	13	924	5			275		1	18	120	137	404	29876	14			23	2	9	12	313	19	208	86	133	3		124	6	3772	9		3394	369	44	30		12	9		3		2	570	162	0	405	402		3		3	47	44	486	2046	29		1	1	8	20	13	924	5			275		1	18	120	137	404	29876	14																																																																					0									0															0	0	0					0			0									7											92			
ubaque	2024-12-31			10757	10757	0	11	773	773		2	13	1	5	7	193	1	7	185	62	2		60		651	2		649		45	26	3	16	11	1	3	1		183	54	7	122	117	1	3	1	0	59	33	1394	448	11			1	4	6	7	345	4			195			3	7	185	110	7669	24			13	1	5	7	193	1	7	185	62	2		60		651	2		649		45	26	3	16	11	1	3	1		183	54	7	122	117	1	3	1	0	59	33	1394	448	11			1	4	6	7	345	4			195			3	7	185	110	7669	24																																																																					0									0															0	0	0					0			0									2											11			
ulloa	2024-12-31			1888	1888	0	20	289	289		3	3		1	2	5		2	3	25	2		21	2	164	3		153	8	22	9	1	12	9		3			67	16	1	50	45		5		0	13	14	82	65	3					3	1	205	3			5					5	1	1455	17			3		1	2	5		2	3	25	2		21	2	164	3		153	8	22	9	1	12	9		3			67	16	1	50	45		5		0	13	14	82	65	3					3	1	205	3			5					5	1	1455	17																																																																					0									0															0	0	0					0			0									3											20			
umbita	2024-12-31			961	961	0	0	196	196			3			3	4			4	18			17	1	98			97	1	11	9		2	2					19	12	0	7	7				0	23	9	40	33	3					3	5	121	1			3					3	25	550	1			3			3	4			4	18			17	1	98			97	1	11	9		2	2					19	12	0	7	7				0	23	9	40	33	3					3	5	121	1			3					3	25	550	1																																																																																																																														
une	2024-12-31			3533	3533	0	0	299	299			9	1	4	4	91	3	57	31	28			28		241			241		9	5		4	3		1			18	11	0	7	6		1		0	40	13	463	37	9			1	4	4	6	181				93			3	57	33	24	2099				9	1	4	4	91	3	57	31	28			28		241			241		9	5		4	3		1			18	11	0	7	6		1		0	40	13	463	37	9			1	4	4	6	181				93			3	57	33	24	2099																																																																																																																															
unguia	2024-12-31			11287	11283	1	474	1540	1539	1	30	44	5	12	27	552	15	375	162	109	7	2	88	12	825	46	7	682	90	20	15		2	1		1		3	56	27	0	9	8		1		20	70	48	798	283	25			1	2	22	20	812	17		1	93			11	8	74	106	6123	467		1	43	5	12	26	551	15	375	161	109	7	2	88	12	825	46	7	682	90	20	15		2	1		1		3	56	27	0	9	8		1		20	70	48	798	283	24			1	2	21	20	812	17		1	92			11	8	73	106	6123	466		1	1			1	1			1						0															0	0	0					0			0		1					1						1					1						3		1	2	3		1	2	3	1		2		13	1		12												0	0	0					0	1	3	2	36	3					3		22	1			3					3		465	1		
union-panamericana	2024-12-31			5306	5306	0	67	759	759		5	12	3	4	5	67	23	9	35	41			41		173			173		7	4		3	2		1			7	4	0	3	2		1		0	63	10	424	30	15			2	2	11	9	472	9			53			21	2	30	44	2685	44			12	3	4	5	67	23	9	35	41			41		173			173		7	4		3	2		1			7	4	0	3	2		1		0	63	10	424	30	15			2	2	11	9	472	9			53			21	2	30	44	2685	44																																																																					0				1			1		1			1												0	0	0					0		1	0	1								4											19			
uramita	2024-12-31			6061	6061	0	0	326	326			4		1	3	13		9	4	16			14	2	56			53	3	13	10		3	3					199	76	0	123	123				0	13	6	187	44	3				1	2	3	190				11				9	2	98	1308				4		1	3	13		9	4	16			14	2	56			53	3	13	10		3	3					199	76	0	123	123				0	13	6	187	44	3				1	2	3	190				11				9	2	98	1308																																																																																																																															
uribe	2024-12-31			17457	17457	0	70	2002	2002		8	13	1	3	9	38	1	6	31	115	4		106	5	2190	67		1889	234	30	20		9	6		3		1	262	70	0	177	171		6		15	29	44	52	1070	15			1	2	12	11	1063	9			45			1	4	40	112	13051	13			13	1	3	9	38	1	6	31	115	4		106	5	2190	67		1889	234	30	20		9	6		3		1	262	70	0	177	171		6		15	29	44	52	1070	15			1	2	12	11	1063	9			45			1	4	40	112	13051	13																																																																					0				1			1		1			1												0	0	0					0		1	0	1								7											64			
uribia	2024-12-31			47970	36776	3741	1794	1842	1507	477	146	44	6	9	29	1000	35	187	778	91	5	1	80	5	5648	94	2	5475	77	65	47	2	15	11		4		1	343	167	2	172	167		5		2	15	81	61	2473	41			6	11	24	25	696	13			1133			199	696	238	531	23545	88			35	5	7	23	925	32	154	739	85	5	1	74	5	4393	71	2	4243	77	64	47	1	15	11		4		1	342	167	1	172	167		5		2	15	81	61	2465	32			4	9	19	24	623	8			308			41	124	143	474	21880	43			18	4	2	12	79	3	33	43	18	1		17		1256	23		1233		1		1							1	0	1	0					0		15	0	83	18			4	5	9	7	147	8			826			158	572	96	73	1886	45			13	1	1	11	61	1	38	22	6			6		144			144		1		1							1	0	1	0					0		2	0	102	4			1		3	3	101	6			10			1		9	3	1660	14		
urrao	2024-12-31			65960	65958	0	11	3901	3901		8	110	10	43	57	2436	110	1229	1097	314	5		302	7	7954	12		7902	40	66	52	1	13	11		1	1		542	176	1	365	363		1	1	0	483	38	5575	981	82		1	10	33	39	39	1369	23			2150		1	672	900	578	1407	40834	131			110	10	43	57	2436	110	1229	1097	314	5		302	7	7954	12		7902	40	66	52	1	13	11		1	1		542	176	1	365	363		1	1	0	483	38	5575	981	82		1	10	33	39	39	1369	23			2150		1	672	900	578	1407	40833	131																																																																					0				1			1		1			1												0	0	0					0		1	0	1								8											11			
urumita	2024-12-31			1675	1675	0	2	386	386		2	8		2	6	77		56	21	33	1		32		165	9		156		8	6		2	2					11	7	0	4	4				0	7	23	9	66	5				3	2	4	236				92				81	11	32	871				8		2	6	77		56	21	33	1		32		165	9		156		8	6		2	2					11	7	0	4	4				0	7	23	9	66	5				3	2	4	236				92				81	11	32	871																																																																						0				1			1		1			1												0	0	0					0			0									2											2			
usiacuri	2024-12-31			17576	17576	0	216	999	999		16	12	1	4	7	75	4	8	63	73	3	2	61	7	2060	34	3	1971	52	40	33		5	4			1	2	279	114	0	163	162			1	2	10	49	238	1228	12			1	6	5	10	507	3	1		37			1	14	22	91	13526	3	2		12	1	4	7	75	4	8	63	73	3	2	61	7	2060	34	3	1971	52	40	33		5	4			1	2	279	114	0	163	162			1	2	10	49	238	1228	12			1	6	5	10	507	3	1		37			1	14	22	91	13526	3	2																																																																				0				2			2		28			28												0	0	0					0		3	0	21								15											214			
utica	2024-12-31			7595	7595	0	58	405	405		7	6		2	4	17		2	15	40			38	2	602			593	9	15	8	1	6	4		2			105	14	1	90	88		2		0	15	50	164	553	4				1	3	3	318				16				1	15	7	6768				6		2	4	17		2	15	40			38	2	602			593	9	15	8	1	6	4		2			105	14	1	90	88		2		0	15	50	164	553	4				1	3	3	318				16				1	15	7	6768																																																																						0									0															0	0	0					0			0									7											58			
valdivia	2024-12-31			36096	36096	0	33	1610	1610		10	62	7	16	39	10904	1499	701	8704	136	9	2	117	8	966	41	58	774	93	43	25	2	11	8		3		5	586	204	103	62	51		11		217	195	37	11936	392	43	1		7	11	25	26	910	9			3790	1		732	1521	1537	418	11653	6482			62	7	16	39	10904	1499	701	8704	136	9	2	117	8	966	41	58	774	93	43	25	2	11	8		3		5	586	204	103	62	51		11		217	195	37	11936	392	43	1		7	11	25	26	910	9			3790	1		732	1521	1537	418	11653	6482																																																																					0				1			1		1			1												0	0	0					0		2	0	2								9											31			
valencia	2024-12-31			3470	3470	0	29	500	500		9	7	4		3	27	4		23	47	3	1	40	3	361	13	1	340	7	13	9		3	2		1		1	58	35	0	22	21		1		1	16	31	49	254	5			1	1	3	3	325	4		1	6			1	1	4	13	2298	8		1	7	4		3	27	4		23	47	3	1	40	3	361	13	1	340	7	13	9		3	2		1		1	58	35	0	22	21		1		1	16	31	49	254	5			1	1	3	3	325	4		1	6			1	1	4	13	2298	8		1																																																																			0				1			1		3			3												0	0	0					0		1	0	3								9											29			
valle-de-san-jose	2024-12-31			447	447	0	0	122	122			2	1		1	7	4		3	4			4		14			14		3	2		1	1					7	2	0	5	5				0	11	15	32	41	2			1		1	2	83				5			4		1	4	329				2	1		1	7	4		3	4			4		14			14		3	2		1	1					7	2	0	5	5				0	11	15	32	41	2			1		1	2	83				5			4		1	4	329																																																																																																																															
valle-de-san-juan	2024-12-31			1531	1531	0	9	200	200		4					0				25			24	1	160			157	3	2			2	2					30	0	0	30	30				0	4	13	27	97	1					1		162				4					4		1345								0				25			24	1	160			157	3	2			2	2					30	0	0	30	30				0	4	13	27	97	1					1		162				4					4		1345																																																																						0									0															0	0	0					0			0									4											9			
valle-del-guamuez	2024-12-31			2330	2330	0	7	529	529		5	4			4	25			25	43	2	1	37	3	343	4	1	174	164	22	16		4	3		1		2	33	17	0	12	11		1		4	1	10	1	38							3	296	1									4	1823	24			4			4	25			25	43	2	1	37	3	343	4	1	174	164	22	16		4	3		1		2	33	17	0	12	11		1		4	1	10	1	38							3	296	1									4	1823	24																																																																					0									0															0	0	0					0			0									4											6			
valledupar	2024-12-31			76055	76052	0	391	1565	1565		16	40	5	8	27	1802	49	732	1021	122	7	2	102	11	8345	165	10	7807	363	56	38		16	10	1	5		2	1220	771	0	442	429	1	12		7	71	72	929	2106	31		1	4	8	19	27	875	10	1		2388		1	22	1216	1150	1353	48128	32	18		40	5	8	27	1802	49	732	1021	122	7	2	102	11	8345	165	10	7807	363	56	38		16	10	1	5		2	1220	771	0	442	429	1	12		7	71	72	929	2106	31		1	4	8	19	27	875	10	1		2388		1	22	1216	1150	1353	48127	32	18																																																																1		1		1		1		3			3		27			27												0	0	0					0		2	0	14								15											387			
valparaiso-ant	2024-12-31			2657	2657	0	9	475	475		5	10		4	6	19		6	13	49	4	2	38	5	252	7	3	237	5	26	11	2	12	9		3		1	62	15	3	42	39		3		2	10	25	36	243	5					5	2	298	3			7					7	5	2009	4			10		4	6	19		6	13	49	4	2	38	5	252	7	3	237	5	26	11	2	12	9		3		1	62	15	3	42	39		3		2	10	25	36	243	5					5	2	298	3			7					7	5	2009	4																																																																					0				1			1		3			3												0	0	0					0		1	0	3								5											9			
valparaiso-caq	2024-12-31			1954	1954	0	28	429	429		7	2	1		1	20	16		4	36			33	3	195			181	14	10	6		3	3				1	59	7	0	30	30				22	5	20	22	82	4			1	1	2	3	254				25			16	3	6	13	1362				2	1		1	20	16		4	36			33	3	195			181	14	10	6		3	3				1	59	7	0	30	30				22	5	20	22	82	4			1	1	2	3	254				25			16	3	6	13	1362																																																																						0				1			1		3			3												0	0	0					0		1	0	3								7											28			
vegachi	2024-12-31			4035	4035	0	18	406	406		6	6	1	1	4	13	1	3	9	63	2		56	5	442	5		432	5	8	2		6	6					73	2	0	71	71				0	9	36	70	345	2			1		1	5	321	3			2			1		1	11	3450	3			6	1	1	4	13	1	3	9	63	2		56	5	442	5		432	5	8	2		6	6					73	2	0	71	71				0	9	36	70	345	2			1		1	5	321	3			2			1		1	11	3450	3																																																																					0									0															0	0	0					0			0									6											18			
velez	2024-12-31			738	738	0	1	292	292		1	9		4	5	27		22	5	25			24	1	48			47	1	14	9	1	4	3		1			21	10	1	10	9		1		0	29	11	68	26	7				3	4	3	180	2			23				19	4	5	420	2			9		4	5	27		22	5	25			24	1	48			47	1	14	9	1	4	3		1			21	10	1	10	9		1		0	29	11	68	26	7				3	4	3	180	2			23				19	4	5	420	2																																																																					0									0															0	0	0					0			0									1											1			
venadillo	2024-12-31			5651	5651	0	70	746	746		10	12	1	6	5	66	1	23	42	45	1		42	2	393	1		365	27	9	4		4	4				1	52	22	0	29	29				1	47	43	260	341	8			1	2	5	4	477	1			52			1	16	35	4	3906	6			12	1	6	5	66	1	23	42	45	1		42	2	393	1		365	27	9	4		4	4				1	52	22	0	29	29				1	47	43	260	341	8			1	2	5	4	477	1			52			1	16	35	4	3906	6																																																																					0				1			1		9			9												0	0	0					0		1	0	9								9											69			
venecia-ant	2024-12-31			29079	29079	1	25	896	896	1	5	21	1	6	14	9148	36	842	8270	66	1		59	6	960	1		927	32	58	39	3	13	9		3	1	3	324	56	61	177	173		3	1	30	64	44	15092	1239	16			1	3	12	13	505	5			7028			5415	39	1574	40	16541	2053			21	1	6	14	9148	36	842	8270	66	1		59	6	960	1		927	32	58	39	3	13	9		3	1	3	324	56	61	177	173		3	1	30	64	44	15092	1239	16			1	3	12	13	505	5			7028			5415	39	1574	40	16541	2053							0									0															0	0	0					0			0									1											1								0				1			1		1			1												0	0	0					0		2	0	3								5											25			
venecia-cun	2024-12-31			3215	3215	0	0	231	231			3	1	1	1	4	2	1	1	27			27		227			227		5	3		2	2					47	3	0	44	44				0	14	22	41	207	3			1	1	1	2	176				4			2	1	1	9	2030				3	1	1	1	4	2	1	1	27			27		227			227		5	3		2	2					47	3	0	44	44				0	14	22	41	207	3			1	1	1	2	176				4			2	1	1	9	2030																																																																																																																															
ventaquemada	2024-12-31			8945	8945	0	0	640	640			13	1	3	9	41	1	5	35	34			34		250			250		28	20	1	7	4	1	2			60	33	1	26	20	2	4		0	66	14	203	81	9		2	1	2	6	6	166				17		6	1	2	14	64	1457				13	1	3	9	41	1	5	35	34			34		250			250		28	20	1	7	4	1	2			60	33	1	26	20	2	4		0	66	14	203	81	9		2	1	2	6	6	166				17		6	1	2	14	64	1457																																																																																																																															
vergara	2024-12-31			1049	1049	0	3	217	217		3	3		3		6		6		22		1	20	1	82		1	80	1	5	1		2	2				2	12	1	0	9	9				2	7	19	16	62	2				1	1	3	162				2				1	1	7	794				3		3		6		6		22		1	20	1	82		1	80	1	5	1		2	2				2	12	1	0	9	9				2	7	19	16	62	2				1	1	3	162				2				1	1	7	794																																																																						0				1			1		1			1												0	0	0					0		1	0	1								3											3			
versalles	2024-12-31			4296	4296	0	0	448	448			10		1	9	20		1	19	45	2		40	3	407	2		383	22	19	13		6	4		2			93	22	0	71	69		2		0	18	23	55	293	7					7	10	321	3			9					9	42	3398	3			10		1	9	20		1	19	45	2		40	3	407	2		383	22	19	13		6	4		2			93	22	0	71	69		2		0	18	23	55	293	7					7	10	321	3			9					9	42	3398	3																																																																																																																														
vetas	2024-12-31			3028	3028	0	0	587	587			20	2	6	12	71	5	18	48	42	1		41		276	4		272		8	4	1	3	3					14	7	1	6	6				0	67	10	176	32	15			2	4	9	7	215				58			4	10	44	43	1461				20	2	6	12	71	5	18	48	42	1		41		276	4		272		8	4	1	3	3					14	7	1	6	6				0	67	10	176	32	15			2	4	9	7	215				58			4	10	44	43	1461																																																																																																																															
viani	2024-12-31			215	215	0	0	83	83							0				10			9	1	18			17	1	3	2		1	1					6	4	0	2	2				0	2	7	5	20							1	56	1									2	134	3							0				10			9	1	18			17	1	3	2		1	1					6	4	0	2	2				0	2	7	5	20							1	56	1									2	134	3																																																																																																																														
victoria	2024-12-31			115192	115192	0	398	1513	1513		12	36	2	9	25	1589	2	1347	240	103	7	2	87	7	12318	112	4	11975	227	27	15	2	8	4		4		2	947	20	3	905	898		7		19	120	61	5800	11064	22			2	3	17	13	982	13	1		62			7	9	46	384	98279	58	1		36	2	9	25	1589	2	1347	240	103	7	2	87	7	12318	112	4	11975	227	27	15	2	8	4		4		2	947	20	3	905	898		7		19	120	61	5800	11064	22			2	3	17	13	982	13	1		62			7	9	46	384	98279	58	1																																																																				0				1			1		63			63												0	0	0					0		2	0	65								11											397			
vigia-del-fuerte	2024-12-31			1342	1342	0	3	481	481		3	17	3	2	12	25	3	3	19	12			11	1	17			14	3	4	2		1	1				1	10	2	0	1	1				7	53	4	147	4	7			1	2	4	10	249	5		1	9			1	3	5	19	567	10		9	17	3	2	12	25	3	3	19	12			11	1	17			14	3	4	2		1	1				1	10	2	0	1	1				7	53	4	147	4	7			1	2	4	10	249	5		1	9			1	3	5	19	567	10		9																																																																			0									0															0	0	0					0			0									1											1			
vijes	2024-12-31			9849	9849	0	69	2359	2359		12	48	5	21	22	122	8	54	60	66	2	1	59	4	420	2	1	404	13	70	55	3	10	7	1	2		2	181	106	3	70	67	1	2		2	276	30	666	209	48		1	3	14	31	17	1024	8			98		3	3	26	69	44	5523	10			48	5	21	22	122	8	54	60	66	2	1	59	4	420	2	1	404	13	70	55	3	10	7	1	2		2	181	106	3	70	67	1	2		2	276	30	666	209	48		1	3	14	31	17	1024	8			98		3	3	26	69	44	5523	10																																																																					0				1			1		1			1												0	0	0					0		1	0	1								11											58			
villa-caro	2024-12-31			1297	1297	0	3	673	673		2	18	1	9	8	44	2	13	29	18	1		17		26	1		25		34	30		4	3		1			40	36	0	4	3		1		0	49		69		20		1	1	9	10	4	253	3	1		44		2	1	12	31	5	418	7	2		18	1	9	8	44	2	13	29	18	1		17		26	1		25		34	30		4	3		1			40	36	0	4	3		1		0	49		69		20		1	1	9	10	4	253	3	1		44		2	1	12	31	5	418	7	2																																																																				0									0															0	0	0					0			0									2											3			
villa-de-leyva	2024-12-31			38906	38906	0	67	2208	2208		3	33	2	12	19	227	4	33	190	122	4		117	1	2242	10		2230	2	189	148	6	35	22	3	10			933	404	154	375	322	14	39		0	149	56	1311	1821	29		1	1	10	18	16	701	7			121		1	1	48	72	341	22911	29			33	2	12	19	227	4	33	190	122	4		117	1	2242	10		2230	2	189	148	6	35	22	3	10			933	404	154	375	322	14	39		0	149	56	1311	1821	29		1	1	10	18	16	701	7			121		1	1	48	72	341	22911	29																																																																					0				1			1		6			6												0	0	0					0		1	0	6								3											67			
villa-de-san-diego-de-ubate	2024-12-31			2052	2052	0	9	239	239		3	3	1	1	1	20	10	9	1	14			14		58			58		37	24	4	8	5	1	2		1	266	31	10	213	206	3	4		12	19	29	79	197	3		1		2	1	4	131				17		2		13	4	39	1605				3	1	1	1	20	10	9	1	14			14		58			58		37	24	4	8	5	1	2		1	266	31	10	213	206	3	4		12	19	29	79	197	3		1		2	1	4	131				17		2		13	4	39	1605																																																																						0				1			1		1			1												0	0	0					0		1	0	1								3											9			
villa-del-rosario	2024-12-31			1074	1074	0	20	206	206		6	2	1		1	6	1		5	26			24	2	191			182	9	26	17	1	8	5		3			58	23	1	34	30		4		0	1	12	1	77	1				1		1	136				1				1		1	841				2	1		1	6	1		5	26			24	2	191			182	9	26	17	1	8	5		3			58	23	1	34	30		4		0	1	12	1	77	1				1		1	136				1				1		1	841																																																																						0									0															0	0	0					0			0									5											19			
villa-rica	2024-12-31			3359	3359	0	137	160	160		9	6		1	5	8		1	7	19	1		16	2	389	1		304	84	5	2	1	2	2					155	3	1	151	151				0	16	21	24	251	5			1		4		136	1			6			1		5		3070	1			6		1	5	8		1	7	19	1		16	2	389	1		304	84	5	2	1	2	2					155	3	1	151	151				0	16	21	24	251	5			1		4		136	1			6			1		5		3070	1																																																																					0				1			1		1			1												0	0	0					0		1	0	1								8											132			
villagarzon	2024-12-31			47458	47458	0	502	1419	1419		10	17		3	14	859		6	853	102	7	1	88	6	6947	390	10	5721	826	27	18		7	5		2		2	886	166	0	516	514		2		204	25	44	34	2399	14				1	13	8	860	3	1		422				9	413	522	39891	332	1		17		3	14	859		6	853	102	7	1	88	6	6947	390	10	5721	826	27	18		7	5		2		2	886	166	0	516	514		2		204	25	44	34	2399	14				1	13	8	860	3	1		422				9	413	522	39891	332	1																																																																				0				1			1		205			205												0	0	0					0		1	0	205								9											492			
villagomez	2024-12-31			604	604	0	0	203	203							0				20			20		42			42		4	2		2	2					9	2	0	7	7				0	6	12	7	34							1	128										3	439								0				20			20		42			42		4	2		2	2					9	2	0	7	7				0	6	12	7	34							1	128										3	439																																																																																																																															
villahermosa	2024-12-31			9647	9647	0	22	574	574		4	16	1	5	10	250	13	7	230	64	4		58	2	662	17		643	2	5		1	4	3		1			158	0	4	154	152		2		0	30	43	332	564	12				2	10	7	403				120				2	118	205	6496				16	1	5	10	250	13	7	230	64	4		58	2	662	17		643	2	5		1	4	3		1			158	0	4	154	152		2		0	30	43	332	564	12				2	10	7	403				120				2	118	205	6496																																																																						0				1			1		2			2												0	0	0					0		1	0	2								4											22			
villamaria	2024-12-31			349558	349558	0	237	2429	2429		11	63	4	23	36	6214	642	886	4686	159	7		148	4	64988	781		64200	7	164	135	2	27	18	2	7			3678	266	3	3409	3393	4	12		0	179	67	5265	13882	45		1	1	15	29	27	933	11			4240		2	1	55	4184	1805	302917	34			63	4	23	36	6214	642	886	4686	159	7		148	4	64988	781		64200	7	164	135	2	27	18	2	7			3678	266	3	3409	3393	4	12		0	179	67	5265	13882	45		1	1	15	29	27	933	11			4240		2	1	55	4184	1805	302917	34																																																																					0				1			1		80			80												0	0	0					0		2	0	84								11											237			
villanueva-bol	2024-12-31			860	860	0	22	153	153		5	1			1	2			2	19			17	2	104			94	10	3	1		2	1		1			8	1	0	7	6		1		0	1	12	14	39	1					1	1	133				2					2	7	709				1			1	2			2	19			17	2	104			94	10	3	1		2	1		1			8	1	0	7	6		1		0	1	12	14	39	1					1	1	133				2					2	7	709																																																																						0									0															0	0	0					0			0									5											22			
villanueva-cas	2024-12-31			16907	16907	0	244	1324	1324		13	14	2	4	8	80	7	27	46	76	3	2	65	6	1345	24	77	1100	144	32	16	2	9	7		2		5	257	36	3	123	119		4		95	7	34	25	520	15				4	11	5	638	5			98				4	94	60	10841	19			14	2	4	8	80	7	27	46	76	3	2	65	6	1345	24	77	1100	144	32	16	2	9	7		2		5	257	36	3	123	119		4		95	7	34	25	520	15				4	11	5	638	5			98				4	94	60	10841	19																																																																					0				1			1		6			6												0	0	0					0		1	0	6								11											229			
villanueva-lag	2024-12-31			7918	7918	0	6	372	372		5	7		3	4	188		184	4	29			25	4	138			134	4	12	8		4	4					88	50	0	38	38				0	3	11	3	23	7				2	5	4	224				222				216	6	81	4382				7		3	4	188		184	4	29			25	4	138			134	4	12	8		4	4					88	50	0	38	38				0	3	11	3	23	7				2	5	4	224				222				216	6	81	4382																																																																						0									0															0	0	0					0		1	0	1								4											4			
villanueva-san	2024-12-31			476	476	0	9	150	150		2	1	1			4	4			15			14	1	31			30	1	6	4		2	2					13	5	0	8	8				0	6	15	15	38	1			1				110				4			4				366				1	1			4	4			15			14	1	31			30	1	6	4		2	2					13	5	0	8	8				0	6	15	15	38	1			1				110				4			4				366																																																																						0				1			1		2			2												0	0	0					0		1	0	2								2											9			
villapinzon	2024-12-31			2093	2093	0	0	353	353			11		5	6	46		15	31	30			30		117			117		15	9	1	4	3		1		1	41	12	16	11	7		4		2	47	9	369	15	5		1		2	3	3	146	1			34		7		10	24	30	791	1			11		5	6	46		15	31	30			30		117			117		15	9	1	4	3		1		1	41	12	16	11	7		4		2	47	9	369	15	5		1		2	3	3	146	1			34		7		10	24	30	791	1																																																																																																																														
villarrica	2024-12-31			5909	5909	0	35	537	537		4	10			10	57			57	64	2		59	3	607	27		575	5	8	4		4	4					37	5	0	32	32				0	27	31	170	324	4					4	8	376	1			41					41	32	3895	12			10			10	57			57	64	2		59	3	607	27		575	5	8	4		4	4					37	5	0	32	32				0	27	31	170	324	4					4	8	376	1			41					41	32	3895	12																																																																					0									0															0	0	0					0			0									4											35			
villavicencio	2024-12-31			416713	416712	0	8860	4938	4937		16	54	8	19	27	1163	20	196	947	202	13	2	175	12	38295	181	86	32638	5390	216	167	6	36	17	1	17	1	7	10660	3127	69	7033	6538	1	492	2	431	132	83	1726	34016	58			5	16	37	31	1820	25		1	888			50	131	707	4315	334865	306		1	54	8	19	27	1163	20	196	947	202	13	2	175	12	38295	181	86	32638	5390	216	167	6	36	17	1	17	1	7	10660	3127	69	7033	6538	1	492	2	431	132	83	1726	34016	58			5	16	37	31	1820	25		1	888			50	131	707	4315	334865	306		1																																																																			0				1			1		264			264												0	0	0					0		2	0	273								14											8743			
villavieja	2024-12-31			17216	17216	0	320	735	735		9	2			2	13			13	63	1	2	55	5	2132	16	5	2000	111	65	46	3	14	8		6		2	299	111	3	181	168		13		4	11	53	448	1445	5					5	5	424				17					17	24	14052				2			2	13			13	63	1	2	55	5	2132	16	5	2000	111	65	46	3	14	8		6		2	299	111	3	181	168		13		4	11	53	448	1445	5					5	5	424				17					17	24	14052																																																																						0				1			1		85			85												0	0	0					0		1	0	85								8											319			
villeta	2024-12-31			18780	18780	0	113	913	913		9	11	2	4	5	32	4	19	9	52	1		50	1	1665	1		1657	7	51	41	1	9	5		4			370	60	8	302	298		4		0	45	57	436	1396	8				5	3	5	481	1	1		27				20	7	45	15478	1	1		11	2	4	5	32	4	19	9	52	1		50	1	1665	1		1657	7	51	41	1	9	5		4			370	60	8	302	298		4		0	45	57	436	1396	8				5	3	5	481	1	1		27				20	7	45	15478	1	1																																																																				0				1			1		1			1												0	0	0					0		1	0	1								9											113			
viota	2024-12-31			6973	6972	0	19	617	617		4	10	2	4	4	23	2	6	15	49		1	47	1	488		3	484	1	27	20	1	5	4		1		1	67	24	2	38	37		1		3	23	29	140	412	8				3	5	6	354	1		1	10				4	6	30	5000	1		1	10	2	4	4	23	2	6	15	49		1	47	1	488		3	484	1	27	20	1	5	4		1		1	67	24	2	38	37		1		3	23	29	140	412	8				3	5	6	354	1		1	10				4	6	30	5000	1		1																																																																			0									0															0	0	0					0			0									4											19			
viracacha	2024-12-31			2119	2119	0	0	202	202			4	1	1	2	26	2	8	16	15			15		44			44		3	1	1	1	1					4	2	1	1	1				0	18	3	186	7	3			1	1	1	2	111				24			2	8	14	8	1053				4	1	1	2	26	2	8	16	15			15		44			44		3	1	1	1	1					4	2	1	1	1				0	18	3	186	7	3			1	1	1	2	111				24			2	8	14	8	1053																																																																																																																															
vistahermosa	2024-12-31			32370	32370	0	405	1820	1820		14	28	5	9	14	54	9	21	24	133	12	3	111	7	4653	180	9	3875	589	26	15	1	7	4		3		3	499	26	2	456	450		6		15	82	51	523	1624	37			3	10	24	16	1020	7			219			5	24	190	267	26015	326			28	5	9	14	54	9	21	24	133	12	3	111	7	4653	180	9	3875	589	26	15	1	7	4		3		3	499	26	2	456	450		6		15	82	51	523	1624	37			3	10	24	16	1020	7			219			5	24	190	267	26015	326																																																																					0				1			1		20			20												0	0	0					0		1	0	20								12											400			
viterbo	2024-12-31			9421	9421	0	176	480	480		11	7	2	3	2	28	17	8	3	46	1		44	1	996	1		951	44	46	33	1	12	9		2	1		512	290	6	216	178		2	36	0	24	50	119	776	3					3	3	355	1			40					40	31	7725	1			7	2	3	2	28	17	8	3	46	1		44	1	996	1		951	44	46	33	1	12	9		2	1		512	290	6	216	178		2	36	0	24	50	119	776	3					3	3	355	1			40					40	31	7725	1																																																																					0				1			1		6			6												0	0	0					0		2	0	7								8											146			
yacopi	2024-12-31			4962	4962	0	17	838	838		4	11	1	3	7	35	12	12	11	48	1		46	1	348	1		339	8	20	13	1	6	6					42	23	1	18	18				0	44	36	130	389	6			1	1	4	8	513	5			24			12	2	10	12	3535	14			11	1	3	7	35	12	12	11	48	1		46	1	348	1		339	8	20	13	1	6	6					42	23	1	18	18				0	44	36	130	389	6			1	1	4	8	513	5			24			12	2	10	12	3535	14																																																																					0									0															0	0	0					0			0									4											17			
yacuanquer	2024-12-31			7001	7001	0	6	412	412		2	3		1	2	16		2	14	44	1		42	1	937	4		932	1	11	8		3	2		1			33	11	0	22	21		1		0	5	20	36	375			1				2	249						7				24	5440				3		1	2	16		2	14	44	1		42	1	937	4		932	1	11	8		3	2		1			33	11	0	22	21		1		0	5	20	36	375			1				2	249						7				24	5440																																																																						0				1			1		5			5												0	0	0					0		2	0	6								2											6			
yaguara	2024-12-31			3876	3876	0	102	460	460		11	3	1	1	1	6	1	1	4	35		1	31	3	222		1	188	33	22	12	2	6	4		2		2	58	18	10	28	25		3		2	32	26	103	229	4			1		3	3	266	2			19			4		15	20	1708	16			3	1	1	1	6	1	1	4	35		1	31	3	222		1	188	33	22	12	2	6	4		2		2	58	18	10	28	25		3		2	32	26	103	229	4			1		3	3	266	2			19			4		15	20	1708	16																																																																					0				1			1		26			26												0	0	0					0		3	0	32								11											102			
yali	2024-12-31			3068	3068	0	2	368	368		2	8	1	2	5	51	1	34	16	55	3		47	5	378	3		361	14	6			6	5			1		14	0	0	14	13			1	0	15	29	134	232	6			2	1	3	2	306	1			31			4	15	12	2	2490	1			8	1	2	5	51	1	34	16	55	3		47	5	378	3		361	14	6			6	5			1		14	0	0	14	13			1	0	15	29	134	232	6			2	1	3	2	306	1			31			4	15	12	2	2490	1																																																																					0				1			1		1			1												0	0	0					0		1	0	1								2											2			
yarumal	2024-12-31			45231	45231	0	14	3064	3064		6	102	6	44	52	1346	324	403	619	200	7	1	187	5	3930	67	2	3802	59	74	57	1	15	12	1	2		1	119	79	1	37	30	4	3		2	374	43	2657	2349	77			9	29	39	34	1383	7		1	953			331	116	506	366	33335	21		2	102	6	44	52	1346	324	403	619	200	7	1	187	5	3930	67	2	3802	59	74	57	1	15	12	1	2		1	119	79	1	37	30	4	3		2	374	43	2657	2349	77			9	29	39	34	1383	7		1	953			331	116	506	366	33335	21		2																																																																			0				1			1		4			4												0	0	0					0		1	0	4								6											14			
yavarate	2024-12-31			1818	1818	0	2	608	608		1	1		1		1		1		34	1		33		47	3		44		4	4								8	8	0	0					0	6	5	20	6	1					1	3	269	1			1					1	3	450	1			1		1		1		1		34	1		33		47	3		44		4	4								8	8	0	0					0	6	5	20	6	1					1	3	269	1			1					1	3	450	1																																																																					0									0															0	0	0					0			0									1											2			
yolombo	2024-12-31			20298	20298	0	453	995	995		9	15	1	6	8	182	1	89	92	90	4		79	7	1437	7		1411	19	25	11	2	11	9		2		1	308	15	10	282	280		2		1	52	53	548	2684	10			1	3	6	12	664	2			93			1	5	87	23	16987	2			15	1	6	8	182	1	89	92	90	4		79	7	1437	7		1411	19	25	11	2	11	9		2		1	308	15	10	282	280		2		1	52	53	548	2684	10			1	3	6	12	664	2			93			1	5	87	23	16987	2																																																																					0				1			1		75			75												0	0	0					0		1	0	75								9											453			
yondo	2024-12-31			36140	36140	0	552	1130	1130		12	38	6	9	23	374	76	63	235	98	9	1	78	10	5011	59	5	4388	559	39	21	1	14	14				3	258	55	6	182	182				15	53	50	618	2091	23			5	6	12	16	671	6		1	102			75	9	18	272	29863	20		1	38	6	9	23	374	76	63	235	98	9	1	78	10	5011	59	5	4388	559	39	21	1	14	14				3	258	55	6	182	182				15	53	50	618	2091	23			5	6	12	16	671	6		1	102			75	9	18	272	29863	20		1																																																																			0				2			2		106			106												0	0	0					0		2	0	114								12											552			
yopal	2024-12-31			132339	132339	0	1735	2695	2695		17	32	6	9	17	775	27	73	675	174	6	2	156	10	11009	202	54	8395	2358	123	83	3	33	22		10	1	4	11490	8452	24	2795	2730		64	1	219	53	73	613	6595	36			2	10	24	20	1521	9		1	504			4	54	446	664	91521	277		1	32	6	9	17	775	27	73	675	174	6	2	156	10	11009	202	54	8395	2358	123	83	3	33	22		10	1	4	11490	8452	24	2795	2730		64	1	219	53	73	613	6595	36			2	10	24	20	1521	9		1	504			4	54	446	664	91521	277		1																																																																			0				2			2		18			18												0	0	0					0		2	0	27								15											1707			
yotoco	2024-12-31			59402	59402	0	1028	1633	1633		16	42	2	14	26	423	3	190	230	136	4		125	7	5940	9		5650	281	64	37	6	18	13		5		3	651	70	17	553	547		6		11	98	69	1402	4177	28		1	3	9	16	16	815	8	1		226		2	5	17	204	314	46370	18	1		42	2	14	26	423	3	190	230	136	4		125	7	5940	9		5650	281	64	37	6	18	13		5		3	651	70	17	553	547		6		11	98	69	1402	4177	28		1	3	9	16	16	815	8	1		226		2	5	17	204	314	46370	18	1																																																																1		1		1		1		2			2		66			66												0	0	0					0		1	0	65								14											933			
yumbo	2024-12-31			105184	105184	0	1513	1459	1459		12	15		4	11	194		52	142	104	1		100	3	11666	4		11237	425	101	73	3	24	16		7	1	1	1148	217	5	871	860		10	1	55	98	60	3439	6472	8				1	7	14	739	3			89				24	65	220	87896	11			15		4	11	194		52	142	104	1		100	3	11666	4		11237	425	101	73	3	24	16		7	1	1	1148	217	5	871	860		10	1	55	98	60	3439	6472	8				1	7	14	739	3			89				24	65	220	87896	11																																																																	1		1		1		1		2			2		78			78												0	0	0					0		2	0	87								11											1307			
zambrano	2024-12-31			6920	6570	0	173	640	635		12	10	1	2	7	59	6	8	45	47	3	1	39	4	450	8	3	383	56	12	8		3	3				1	49	13	0	35	35				1	9	28	84	332	11				4	7	3	300	2			38				13	25	12	3511	5			10	1	2	7	59	6	8	45	47	3	1	39	4	450	8	3	383	56	12	8		3	3				1	49	13	0	35	35				1	9	28	84	332	11				4	7	3	300	2			38				13	25	12	3503	5																																																																					0				2			2		32			32												0	0	0					0		2	0	19								11											163			
zapatoca	2024-12-31			20856	20856	0	22	1194	1194		7	37	3	13	21	620	74	234	312	109	1	2	100	6	1285	9	3	1254	19	65	44	2	17	12		4	1	2	315	196	16	92	79		12	1	11	69	42	992	1116	40			5	7	28	14	742	4			1358			86	764	508	197	14192	12			37	3	13	21	620	74	234	312	109	1	2	100	6	1285	9	3	1254	19	65	44	2	17	12		4	1	2	315	196	16	92	79		12	1	11	69	42	992	1116	40			5	7	28	14	742	4			1358			86	764	508	197	14192	12																																																																					0				1			1		5			5												0	0	0					0		1	0	5								7											22			
zapayan	2024-12-31			571	571	0	21	161	161		10	1			1	6			6	17			14	3	38			32	6	4	2	1	1	1					10	6	1	3	3				0	2	23	2	33	3					3	3	138				4					4	4	262				1			1	6			6	17			14	3	38			32	6	4	2	1	1	1					10	6	1	3	3				0	2	23	2	33	3					3	3	138				4					4	4	262																																																																						0				1			1		1			1												0	0	0					0		1	0	1								9											18			
zaragoza	2024-12-31			7114	7114	0	94	1236	1236		10	36	4	11	21	85	11	18	56	86	6	1	70	9	728	15	3	663	47	24	14		9	8		1		1	94	30	0	63	62		1		1	76	38	199	369	29			3	10	16	17	816	6		1	60			9	19	32	58	5164	26		2	36	4	11	21	85	11	18	56	86	6	1	70	9	728	15	3	663	47	24	14		9	8		1		1	94	30	0	63	62		1		1	76	38	199	369	29			3	10	16	17	816	6		1	60			9	19	32	58	5164	26		2																																																																			0				1			1		1			1												0	0	0					0		2	0	3								10											94			
zarzal	2024-12-31			6797	6797	0	75	984	984		10	11	1	4	6	43	1	34	8	50			45	5	287			250	37	64	44	2	18	14	1	3			141	77	3	61	54	3	4		0	27	39	78	236	5			1	2	2	4	436	3	1		9			1	3	5	11	3401	4	3		11	1	4	6	43	1	34	8	50			45	5	287			250	37	64	44	2	18	14	1	3			141	77	3	61	54	3	4		0	27	39	78	236	5			1	2	2	4	436	3	1		9			1	3	5	11	3401	4	3																																																																				0				1			1		11			11												0	0	0					0		2	0	12								9											66			
zetaquira	2024-12-31			2443	2443	0	2	421	421		1	6	1	2	3	20	1	2	17	45			44	1	205			203	2	23	18		5	4		1			53	19	0	34	33		1		0	21	27	43	172	5			1	2	2	3	317	1			16			1	2	13	14	1999	4			6	1	2	3	20	1	2	17	45			44	1	205			203	2	23	18		5	4		1			53	19	0	34	33		1		0	21	27	43	172	5			1	2	2	3	317	1			16			1	2	13	14	1999	4																																																																					0									0															0	0	0					0			0									1											2			
zipacon	2024-12-31			5611	5611	0	7	673	673		2	7	1	2	4	33	11	4	18	46			46		498			498		32	28		4	3		1			128	35	0	93	91		2		0	40	27	134	230	6		1	1	2	3	5	360	3			22		1	11	4	7	23	4151	11			7	1	2	4	33	11	4	18	46			46		498			498		32	28		4	3		1			128	35	0	93	91		2		0	40	27	134	230	6		1	1	2	3	5	360	3			22		1	11	4	7	23	4151	11																																																																					0									0															0	0	0					0			0									2											7			
zipaquira	2024-12-31			8488	8488	0	10	1052	1052		5	18		8	10	49		29	20	71	2		69		984	2		982		79	63	4	10	7	1	2		2	310	116	10	182	170	4	8		2	82	45	418	399	16		2		5	11	11	354	4			39		33		19	20	109	5810	9			18		8	10	49		29	20	71	2		69		984	2		982		79	63	4	10	7	1	2		2	310	116	10	182	170	4	8		2	82	45	418	399	16		2		5	11	11	354	4			39		33		19	20	109	5810	9																																																																					0				1			1		1			1												0	0	0					0		2	0	2								5											10			
zona-bananera	2024-12-31			9201	9067	0	65	963	960		15	18	2	10	6	40	2	29	9	58	4	2	50	2	404	8	14	380	2	51	36		11	8		3		4	188	51	0	127	120		7		10	39	35	141	261	12			1	6	5	7	487	4			32			1	24	7	9	3495	5			18	2	10	6	40	2	29	9	58	4	2	50	2	401	8	14	377	2	51	36		11	8		3		4	188	51	0	127	120		7		10	39	35	141	261	12			1	6	5	7	485	4			32			1	24	7	9	3458	5																																																																					0				2			2		4			4												0	0	0					0	1	2	3	2								14											62			
RNLP	2024-12-31		86	395334	395334	0	4	2020	2020		3	31	1	9	21	9396	2	1287	8107	147	2		143	2	24561	5		24208	348	18	16	0	2	2				0	40	37	0	3	3				0	95	33	12793	996	29		1	1	6	22	21	777	5			3594		1	2	295	3297	1189	308521	21			31	1	9	21	9396	2	1287	8107	147	2		143	2	24561	5		24208	348	18	16	0	2	2				0	40	37	0	3	3				0	95	33	12793	996	29		1	1	6	22	21	777	5			3594		1	2	295	3297	1189	308521	21																							0						0																																								0									0							0						0		0	0	0					0			0									3											4			
RIPPV	2024-12-31		86	1729	1729	0	0	412	412			4	1	1	2	8	1	1	6	13			12	1	34			33	1	9	7	0	2	1		1		0	9	7	0	2	1		1		0	32	1	100	1	6		1	0	2	4	2	150	1			7		1	0	2	5	4	635	8			4	1	1	2	8	1	1	6	13			12	1	34			33	1	9	7	0	2	1		1		0	9	7	0	2	1		1		0	32	1	100	1	6		1	0	2	4	2	150	1			7		1	0	2	5	4	635	8																							0						0																	0											0																												0						0																	0											0							
boyaca	2024-12-31	41344	87	775624	775611	3	3958	11871	11870	1	24	320	56	126	138	16087	3242	6073	6772	556	13	2	526	15	66377	342	24	62241	3770	508	421	13	66	37	3	25	1	8	11599	4017	1881	5626	5202	76	345	3	75	1059	98	41540	43679	288	1	2	49	104	135	73	3037	55	1	1	12917	4	82	2276	5214	5427	10834	484231	526	2	4	320	56	126	138	16087	3242	6073	6772	556	13	2	526	15	66377	342	24	62241	3770	508	421	13	66	37	3	25	1	8	11599	4017	1881	5626	5202	76	345	3	75	1059	98	41540	43679	288	1	2	49	104	135	73	3037	55	1	1	12917	4	82	2276	5214	5427	10834	484230	526	2	4					0									0															0	0	0					0			0																								1		1		2		2		3			3		426			426												0	0	0					0		4	0	463								19											3935			
boyaca-boy	2024-12-31			228	228	0	2	101	101		2	3	1	2		3	1	2		9			9		15			15		7	3	1	3	2		1			13	4	1	8	6		2		0	8	6	9	10	3				1	2	1	62				3				1	2	3	134				3	1	2		3	1	2		9			9		15			15		7	3	1	3	2		1			13	4	1	8	6		2		0	8	6	9	10	3				1	2	1	62				3				1	2	3	134																																																																						0				1			1		1			1												0	0	0					0		1	0	1								2											2			
