{
"type": "FeatureCollection",
"name": "region-amazonia-departamentos",
"crs": { "type": "name", "properties": { "name": "urn:ogc:def:crs:OGC:1.3:CRS84" } },
"features": [
{ "type": "Feature", "properties": { "id": "18", "name": "CAQUETÁ", "label": "Caquetá", "n_especies": 11144.0, "n_registros": 435435.0 }, "geometry": { "type": "MultiPolygon", "coordinates": [ [ [ [ -74.8000031, 2.9383335 ], [ -74.8174973, 2.9237502 ], [ -74.8265257, 2.9213924 ], [ -74.8329163, 2.9108334 ], [ -74.8370638, 2.9087203 ], [ -74.8454132, 2.9166668 ], [ -74.8516693, 2.9133334 ], [ -74.8654175, 2.9158332 ], [ -74.878334, 2.915 ], [ -74.894165, 2.905 ], [ -74.9000015, 2.8933332 ], [ -74.9075012, 2.8883333 ], [ -74.910835300000016, 2.8837502 ], [ -74.9199982, 2.8991668 ], [ -74.9226951, 2.9054445 ], [ -74.9283295, 2.90625 ], [ -74.9315262, 2.9098612 ], [ -74.9370752, 2.9075393 ], [ -74.9548745, 2.883531 ], [ -74.9557931, 2.8797099 ], [ -74.9626014, 2.8780118 ], [ -74.9641191, 2.8730445 ], [ -74.971294, 2.870147 ], [ -74.9754334, 2.8628341 ], [ -74.9871617, 2.8596606 ], [ -75.0118599, 2.8244759 ], [ -75.0143436, 2.8241999 ], [ -75.0224843, 2.8095741 ], [ -75.0218185, 2.803029 ], [ -75.0263477, 2.7979839 ], [ -75.0264857, 2.7931546 ], [ -75.0415255, 2.7815643 ], [ -75.0466335, 2.7731847 ], [ -75.07028, 2.7435615 ], [ -75.0722471, 2.7460383 ], [ -75.0895966, 2.7304532 ], [ -75.0972347, 2.7367825 ], [ -75.1151528, 2.7247873 ], [ -75.1217439, 2.7295343 ], [ -75.1425523, 2.724466 ], [ -75.147668200000012, 2.7208731 ], [ -75.1543453, 2.7047535 ], [ -75.1331706, 2.6936347 ], [ -75.1413862, 2.6670124 ], [ -75.1535201, 2.6569178 ], [ -75.1551227, 2.6430667 ], [ -75.1498118, 2.630782 ], [ -75.1470403, 2.6187014 ], [ -75.1340225, 2.6034994 ], [ -75.1326917, 2.5951514 ], [ -75.1542922, 2.5794463 ], [ -75.1583478, 2.5629192 ], [ -75.1619856, 2.5614144 ], [ -75.1624674, 2.5563279 ], [ -75.1697456, 2.5515696 ], [ -75.1817905, 2.5298873 ], [ -75.1726315, 2.5238327 ], [ -75.1805581, 2.5077083 ], [ -75.1852223, 2.5068408 ], [ -75.1983957, 2.5116446 ], [ -75.207033, 2.5085415 ], [ -75.227499, 2.5112735 ], [ -75.2272005, 2.4987136 ], [ -75.2344168, 2.4760172 ], [ -75.2472508, 2.4589964 ], [ -75.253425, 2.4519302 ], [ -75.2502773, 2.4458764 ], [ -75.2597628, 2.440651 ], [ -75.2679957, 2.4304872 ], [ -75.2719579, 2.4224638 ], [ -75.2761436, 2.4246952 ], [ -75.287129, 2.4097281 ], [ -75.2878989, 2.3930226 ], [ -75.2952123, 2.381398 ], [ -75.3010973, 2.3794966 ], [ -75.3115329, 2.3609203 ], [ -75.3178456, 2.3591497 ], [ -75.3296241, 2.3653084 ], [ -75.3459208, 2.3268317 ], [ -75.3537981, 2.3213455 ], [ -75.3603119, 2.3205721 ], [ -75.367855, 2.3267545 ], [ -75.3885569, 2.3126244 ], [ -75.3941883, 2.3039112 ], [ -75.3905383, 2.2937142 ], [ -75.4044726, 2.2713711 ], [ -75.408617, 2.264626 ], [ -75.4076876, 2.2611914 ], [ -75.4134123, 2.2495918 ], [ -75.4104052, 2.2456482 ], [ -75.4220621, 2.2365539 ], [ -75.4330463, 2.2326472 ], [ -75.4386413, 2.2236285 ], [ -75.4396378, 2.2103988 ], [ -75.4336292, 2.1988646 ], [ -75.4273154, 2.1970361 ], [ -75.4278526, 2.1797831 ], [ -75.4352341, 2.1723841 ], [ -75.4451345, 2.1442232 ], [ -75.4548317, 2.1454128 ], [ -75.4706254, 2.1407133 ], [ -75.4763221, 2.1354772 ], [ -75.4854015, 2.1356697 ], [ -75.5021176, 2.1232788 ], [ -75.5279601, 2.1224387 ], [ -75.5356505, 2.1152622 ], [ -75.5407847, 2.103039 ], [ -75.5431113, 2.086585 ], [ -75.5446104, 2.0840151 ], [ -75.553352, 2.081532 ], [ -75.5563097, 2.0678903 ], [ -75.5710939, 2.0482154 ], [ -75.5698298, 2.0413845 ], [ -75.5795107, 2.0376808 ], [ -75.5895925, 2.0213193 ], [ -75.5879002, 2.0114043 ], [ -75.6158351, 1.9972972 ], [ -75.6174401, 1.9861846 ], [ -75.6315319, 1.9647746 ], [ -75.6410385, 1.9580311 ], [ -75.6473517, 1.9358748 ], [ -75.6410232, 1.9246775 ], [ -75.6435125, 1.9136061 ], [ -75.6607993, 1.8906496 ], [ -75.6680233, 1.8903641 ], [ -75.6896217, 1.879438 ], [ -75.6931037, 1.8728415 ], [ -75.6988897, 1.8699769 ], [ -75.7026588, 1.8632097 ], [ -75.7044006, 1.8478765 ], [ -75.7123099, 1.835884 ], [ -75.7267009, 1.8280317 ], [ -75.7313265, 1.821493 ], [ -75.7316862, 1.8000684 ], [ -75.736109399999989, 1.7838503 ], [ -75.7421247, 1.7803286 ], [ -75.7578101, 1.7756839 ], [ -75.7601515, 1.770373 ], [ -75.774136, 1.7620175 ], [ -75.786213, 1.7632222 ], [ -75.799403, 1.7499875 ], [ -75.8174728, 1.7533578 ], [ -75.83151, 1.7461994 ], [ -75.8374719, 1.7396811 ], [ -75.840826, 1.7250742 ], [ -75.8469234, 1.7221492 ], [ -75.8542283, 1.7254566 ], [ -75.875302, 1.7141163 ], [ -75.8853751, 1.7138153 ], [ -75.8945281, 1.7169336 ], [ -75.9057591, 1.7158295 ], [ -75.9191656, 1.7056011 ], [ -75.9240055, 1.6960405 ], [ -75.9333145, 1.6931697 ], [ -75.9414219, 1.6777502 ], [ -75.952136700000011, 1.6697565 ], [ -75.9526512, 1.6638003 ], [ -75.9637775, 1.6591555 ], [ -75.974068699999989, 1.6605475 ], [ -75.980172, 1.6569617 ], [ -75.9810857, 1.6522313 ], [ -75.9775556, 1.6441912 ], [ -75.9823469, 1.6225237 ], [ -75.9945416, 1.6146429 ], [ -76.0041711, 1.6154077 ], [ -76.0256674, 1.5894304 ], [ -76.0369411, 1.5819466 ], [ -76.0463542, 1.5843403 ], [ -76.0559863, 1.5804856 ], [ -76.0653375, 1.5856696 ], [ -76.075198, 1.5838708 ], [ -76.0826219, 1.5772083 ], [ -76.0874475, 1.5771512 ], [ -76.0901107, 1.5683721 ], [ -76.1203857, 1.5524267 ], [ -76.1240609, 1.5657357 ], [ -76.1393904, 1.5749629 ], [ -76.1451011, 1.5753436 ], [ -76.1529747, 1.5830721 ], [ -76.163812, 1.58628 ], [ -76.1564559, 1.5696018 ], [ -76.1522371, 1.5625932 ], [ -76.1551853, 1.5571879 ], [ -76.154789, 1.5514581 ], [ -76.148933200000016, 1.5486846 ], [ -76.1482521, 1.5439818 ], [ -76.1518301, 1.5395791 ], [ -76.1491644, 1.536929 ], [ -76.1659544, 1.5136363 ], [ -76.1651405, 1.5098176 ], [ -76.170466, 1.5091332 ], [ -76.1838375, 1.4879698 ], [ -76.1816772, 1.4804996 ], [ -76.186478, 1.4599355 ], [ -76.1783573, 1.4596643 ], [ -76.1758313, 1.451055 ], [ -76.185703, 1.4417473 ], [ -76.1930308, 1.4211288 ], [ -76.198789, 1.4198414 ], [ -76.2015557, 1.4173271 ], [ -76.19613, 1.410445 ], [ -76.2005676, 1.3999052 ], [ -76.1994566, 1.3891528 ], [ -76.2016716, 1.3842633 ], [ -76.1993122, 1.3747162 ], [ -76.2045117, 1.3531639 ], [ -76.2117699, 1.3445415 ], [ -76.2192071, 1.3416211 ], [ -76.2226612, 1.3369323 ], [ -76.2188522, 1.3313818 ], [ -76.21383560000001, 1.3301465 ], [ -76.2157979, 1.324509 ], [ -76.2148625, 1.3199428 ], [ -76.2249267, 1.3227061 ], [ -76.2313288, 1.3091852 ], [ -76.2436275, 1.3007469 ], [ -76.246283800000015, 1.3014417 ], [ -76.2441233, 1.2931268 ], [ -76.2523972, 1.2887392 ], [ -76.2492658, 1.2869916 ], [ -76.2540535, 1.2756046 ], [ -76.2594495, 1.2759174 ], [ -76.2699266, 1.2664209 ], [ -76.2774339, 1.2637114 ], [ -76.2871264, 1.2494287 ], [ -76.2953442, 1.2401761 ], [ -76.303334, 1.2353259 ], [ -76.3043833, 1.2291048 ], [ -76.289601, 1.2088455 ], [ -76.2907184, 1.199967 ], [ -76.2998144, 1.1929127 ], [ -76.2949466, 1.1845935 ], [ -76.3026308, 1.1764567 ], [ -76.2933064, 1.1790869 ], [ -76.2883712, 1.1708232 ], [ -76.2853204, 1.1714945 ], [ -76.2877594, 1.1682396 ], [ -76.2866825, 1.1635655 ], [ -76.286289, 1.1571723 ], [ -76.2835433, 1.1555249 ], [ -76.2798514, 1.1370432 ], [ -76.2603482, 1.1226113 ], [ -76.2470498, 1.1192579 ], [ -76.2381417, 1.1202423 ], [ -76.2385212, 1.1231733 ], [ -76.2334227, 1.1225916 ], [ -76.2312909, 1.1173573 ], [ -76.2292165, 1.1187862 ], [ -76.2144704, 1.1083205 ], [ -76.2139749, 1.1160842 ], [ -76.2033678, 1.1156444 ], [ -76.1937199, 1.1070105 ], [ -76.1904749, 1.1086723 ], [ -76.1824538, 1.1049196 ], [ -76.1694738, 1.1110883 ], [ -76.1648402, 1.1066667 ], [ -76.1629481, 1.1144178 ], [ -76.1597209, 1.1162112 ], [ -76.1566564, 1.1105579 ], [ -76.1521525, 1.1091988 ], [ -76.1526532, 1.1043123 ], [ -76.1476677, 1.1038561 ], [ -76.1483469, 1.0999905 ], [ -76.1449581, 1.1035802 ], [ -76.1386313, 1.0981831 ], [ -76.1242673, 1.100966 ], [ -76.1242486, 1.0879156 ], [ -76.1131901, 1.085109 ], [ -76.1023498, 1.0781094 ], [ -76.1012915, 1.0684592 ], [ -76.0915325, 1.0710868 ], [ -76.0806694, 1.0647304 ], [ -76.0849515, 1.0575519 ], [ -76.0600968, 1.0525299 ], [ -76.0534261, 1.0467755 ], [ -76.0452159, 1.0467755 ], [ -76.0389833, 1.0526865 ], [ -76.0199166, 1.0477605 ], [ -76.009256, 1.05492 ], [ -76.003820100000013, 1.054014 ], [ -76.000631, 1.0460776 ], [ -76.0012471, 1.0341187 ], [ -75.9984576, 1.0286468 ], [ -75.9928526, 1.027616 ], [ -75.987054300000011, 1.0392125 ], [ -75.9857658, 1.0497783 ], [ -75.9983287, 1.061246 ], [ -76.000806, 1.0678559 ], [ -75.9959368, 1.0724425 ], [ -75.985801, 1.0695679 ], [ -75.9490576, 1.031514 ], [ -75.9409497, 1.0294256 ], [ -75.9251843, 1.0342576 ], [ -75.9204342, 1.0259858 ], [ -75.9312348, 1.0058492 ], [ -75.9312019, 0.995881 ], [ -75.9361558, 0.9906611 ], [ -75.9470385, 0.9861269 ], [ -75.9456943, 0.9809227 ], [ -75.9148447, 0.9761979 ], [ -75.9067806, 0.9701927 ], [ -75.9004762, 0.9429496 ], [ -75.890051, 0.9323299 ], [ -75.8737259, 0.9276402 ], [ -75.8675019, 0.9220775 ], [ -75.8655363, 0.9066406 ], [ -75.85798, 0.8868708 ], [ -75.8410393, 0.8767007 ], [ -75.8272415, 0.8742023 ], [ -75.8141762, 0.8929912 ], [ -75.7988927, 0.8950327 ], [ -75.7837043, 0.8763976 ], [ -75.7732768, 0.8665909 ], [ -75.7646895, 0.8505992 ], [ -75.7657714, 0.8414673 ], [ -75.760921600000017, 0.8374115 ], [ -75.7558831, 0.8385069 ], [ -75.737657, 0.8559882 ], [ -75.716013500000017, 0.8623848 ], [ -75.6803937, 0.8572149 ], [ -75.6580881, 0.8740123 ], [ -75.6386936, 0.8768942 ], [ -75.6253757, 0.8723253 ], [ -75.61745, 0.8651729 ], [ -75.6136911, 0.857266 ], [ -75.6125228, 0.8429344 ], [ -75.6077715, 0.838261 ], [ -75.5829443, 0.8390691 ], [ -75.5718304, 0.8339503 ], [ -75.5466471, 0.8323994 ], [ -75.5361226, 0.8249514 ], [ -75.5389389, 0.7899376 ], [ -75.5346935, 0.7853979 ], [ -75.5246895, 0.7823295 ], [ -75.5200659, 0.7753519 ], [ -75.5040511, 0.7667771 ], [ -75.4871151, 0.7828917 ], [ -75.4814951, 0.7820641 ], [ -75.4742707, 0.7752187 ], [ -75.4714191, 0.7612035 ], [ -75.4218502, 0.7383908 ], [ -75.4003723, 0.7404537 ], [ -75.3851462, 0.7534665 ], [ -75.3768468, 0.7543551 ], [ -75.3598283, 0.7503963 ], [ -75.3443115, 0.7687344 ], [ -75.3398066, 0.7692349 ], [ -75.3284267, 0.7496466 ], [ -75.3211395, 0.7453282 ], [ -75.3092641, 0.7477033 ], [ -75.301653, 0.7398223 ], [ -75.3006488, 0.7317883 ], [ -75.2929784, 0.7283622 ], [ -75.2666477, 0.7262501 ], [ -75.2576496, 0.7110686 ], [ -75.2576496, 0.7020046 ], [ -75.2657683, 0.6850444 ], [ -75.2762225, 0.674757 ], [ -75.2761668, 0.6674169 ], [ -75.271051, 0.6617449 ], [ -75.2330156, 0.6474539 ], [ -75.2203372, 0.633274 ], [ -75.2113342, 0.6060311 ], [ -75.207258, 0.6014706 ], [ -75.2079018, 0.5941126 ], [ -75.2147243, 0.5865784 ], [ -75.2325836, 0.5793514 ], [ -75.2355896, 0.5688611 ], [ -75.2267934, 0.5397297 ], [ -75.2207781, 0.53157 ], [ -75.2132311, 0.5204715 ], [ -75.2018097, 0.5114312 ], [ -75.1993312, 0.5002394 ], [ -75.2157333, 0.4956511 ], [ -75.2188409, 0.4906467 ], [ -75.2149261, 0.4852791 ], [ -75.2017142, 0.4794458 ], [ -75.1949084, 0.4798307 ], [ -75.1821632, 0.4866644 ], [ -75.1559034, 0.4809448 ], [ -75.1443609, 0.4863528 ], [ -75.1229306, 0.5081866 ], [ -75.1104599, 0.5129489 ], [ -75.0990385, 0.5110521 ], [ -75.0943166, 0.5032226 ], [ -75.0959309, 0.4886532 ], [ -75.1069487, 0.4765054 ], [ -75.1049097, 0.4731961 ], [ -75.0445595, 0.4802567 ], [ -75.0350452, 0.4844238 ], [ -75.0230471, 0.4775469 ], [ -75.0143622, 0.4652679 ], [ -75.0045084, 0.4367622 ], [ -74.9864815, 0.4189679 ], [ -74.9828313, 0.4077439 ], [ -74.9850268, 0.3995589 ], [ -74.9932326, 0.3946517 ], [ -75.0111049, 0.3912706 ], [ -75.0164592, 0.3839649 ], [ -75.010767800000011, 0.3501168 ], [ -75.0026303, 0.3361936 ], [ -74.9823471, 0.3194132 ], [ -74.97984, 0.3129693 ], [ -74.9856371, 0.3016491 ], [ -75.0075964, 0.2953578 ], [ -75.0108732, 0.2877005 ], [ -75.0097489, 0.2803572 ], [ -75.0029517, 0.2727961 ], [ -74.9870027, 0.2663743 ], [ -74.9644708, 0.2442556 ], [ -74.9518779, 0.2419808 ], [ -74.9259463, 0.2510139 ], [ -74.9066464, 0.252152 ], [ -74.8922653, 0.2485537 ], [ -74.8601586, 0.2212774 ], [ -74.8403396, 0.2129232 ], [ -74.8314997, 0.2127243 ], [ -74.8247022, 0.216256 ], [ -74.8110916, 0.2158769 ], [ -74.7767198, 0.2087039 ], [ -74.7670698, 0.2126546 ], [ -74.7365442, 0.2096059 ], [ -74.7158899, 0.2007033 ], [ -74.7080905, 0.1940235 ], [ -74.7025292, 0.1837414 ], [ -74.6843837, 0.1692241 ], [ -74.677917, 0.160706 ], [ -74.6730538, 0.1108431 ], [ -74.6762799, 0.0978113 ], [ -74.6813073, 0.0917026 ], [ -74.6915022, 0.0878252 ], [ -74.7088865, 0.0980027 ], [ -74.7134474, 0.0957837 ], [ -74.7095184, 0.0864855 ], [ -74.6972858, 0.0788329 ], [ -74.6717434, 0.0828035 ], [ -74.6574234, 0.0756836 ], [ -74.6562274, 0.0689772 ], [ -74.6594366, 0.0570333 ], [ -74.6783067, 0.0437664 ], [ -74.701426, 0.0447755 ], [ -74.7043244, 0.0425665 ], [ -74.702645, 0.0348525 ], [ -74.6899853, 0.0188687 ], [ -74.6710631, 0.0047558 ], [ -74.6566993, -0.0105548 ], [ -74.6567708, -0.0277855 ], [ -74.6630365, -0.0396574 ], [ -74.681493, -0.0496627 ], [ -74.6812608, -0.0560296 ], [ -74.6758129, -0.0610312 ], [ -74.6485688, -0.0389471 ], [ -74.6423247, -0.0393921 ], [ -74.6231009, -0.049167 ], [ -74.6160732, -0.0592872 ], [ -74.6179597, -0.0713653 ], [ -74.6337298, -0.0842788 ], [ -74.633428, -0.0868616 ], [ -74.6027936, -0.0965853 ], [ -74.5784218, -0.1113986 ], [ -74.540996, -0.1204389 ], [ -74.5323187, -0.1256805 ], [ -74.5240185, -0.1210469 ], [ -74.5248484, -0.1142101 ], [ -74.5346575, -0.1020557 ], [ -74.5346574, -0.0951429 ], [ -74.5305073, -0.088762 ], [ -74.5211802, -0.0881704 ], [ -74.5142088, -0.0917248 ], [ -74.5065879, -0.1033475 ], [ -74.5083238, -0.1268964 ], [ -74.501381900000013, -0.1360882 ], [ -74.4862153, -0.1382155 ], [ -74.4778396, -0.1339616 ], [ -74.4647098, -0.1110964 ], [ -74.4607339, -0.0780933 ], [ -74.4575411, -0.0727342 ], [ -74.4513536, -0.0702274 ], [ -74.439507, -0.0752412 ], [ -74.4276056, -0.0881072 ], [ -74.4233595, -0.0979549 ], [ -74.4241896, -0.108666 ], [ -74.4472042, -0.1291003 ], [ -74.4483361, -0.1378362 ], [ -74.4445445, -0.1398366 ], [ -74.4289925, -0.1323162 ], [ -74.4115276, -0.1179341 ], [ -74.3950633, -0.1129203 ], [ -74.3708416, -0.1113253 ], [ -74.3557465, -0.1063986 ], [ -74.3435294, -0.1090354 ], [ -74.330472, -0.1159596 ], [ -74.3110042, -0.1414843 ], [ -74.3030812, -0.1474857 ], [ -74.2732753, -0.1393576 ], [ -74.2655032, -0.1444474 ], [ -74.2639942, -0.1554625 ], [ -74.2872354, -0.1768087 ], [ -74.2898766, -0.193901 ], [ -74.2882166, -0.2023333 ], [ -74.2759925, -0.2084867 ], [ -74.2529026, -0.2274025 ], [ -74.2340381, -0.2375822 ], [ -74.2280769, -0.2374303 ], [ -74.2221156, -0.2318089 ], [ -74.2175879, -0.2100826 ], [ -74.208382, -0.2077277 ], [ -74.1970633, -0.2119059 ], [ -74.1907249, -0.2271752 ], [ -74.1883105, -0.2585493 ], [ -74.1789537, -0.2650066 ], [ -74.1656729, -0.2662221 ], [ -74.1582025, -0.2631076 ], [ -74.146053600000016, -0.2408495 ], [ -74.1347347, -0.2335567 ], [ -74.1226614, -0.2322653 ], [ -74.111569, -0.2350761 ], [ -74.0840266, -0.2780732 ], [ -74.0758945, -0.2815268 ], [ -74.0509549, -0.2719592 ], [ -74.0439145, -0.2755574 ], [ -74.040039800000017, -0.2831447 ], [ -74.0404143, -0.2993231 ], [ -74.0371222, -0.3078243 ], [ -74.0225949, -0.319717 ], [ -74.0167439, -0.3336046 ], [ -74.0014668, -0.3435465 ], [ -73.9367967, -0.3572519 ], [ -73.8979819, -0.3687133 ], [ -73.8824385, -0.3695725 ], [ -73.8288743, -0.4066836 ], [ -73.8142343, -0.4117956 ], [ -73.7613603, -0.4068148 ], [ -73.7518903, -0.4008842 ], [ -73.7362428, -0.3823843 ], [ -73.7257843, -0.3804443 ], [ -73.7126745, -0.3830748 ], [ -73.7052713, -0.3899686 ], [ -73.6906241, -0.4144443 ], [ -73.6756035, -0.4214815 ], [ -73.6616588, -0.4201977 ], [ -73.6462532, -0.4154456 ], [ -73.6399821, -0.4180648 ], [ -73.6358564, -0.426732 ], [ -73.637915, -0.4360637 ], [ -73.6529364, -0.4519156 ], [ -73.6528712, -0.4555763 ], [ -73.6492977, -0.457596 ], [ -73.614984800000016, -0.4407342 ], [ -73.5984961, -0.4388159 ], [ -73.5822199, -0.4520484 ], [ -73.5789341, -0.4586668 ], [ -73.5793749, -0.479841 ], [ -73.5693379, -0.4945771 ], [ -73.5717511, -0.513872 ], [ -73.5602057, -0.5179731 ], [ -73.5497928, -0.5140981 ], [ -73.536137200000013, -0.4875099 ], [ -73.5309305, -0.4888009 ], [ -73.5288167, -0.5014865 ], [ -73.5199113, -0.5181216 ], [ -73.513497, -0.5228307 ], [ -73.4887465, -0.5281458 ], [ -73.4440022, -0.5124173 ], [ -73.4260679, -0.511442 ], [ -73.4078321, -0.5183897 ], [ -73.3951301, -0.5308051 ], [ -73.378504, -0.5362621 ], [ -73.3716379, -0.5333748 ], [ -73.3664328, -0.5219041 ], [ -73.355084, -0.5139983 ], [ -73.3341459, -0.5059016 ], [ -73.3299143, -0.5076954 ], [ -73.3233479, -0.5237221 ], [ -73.2992757, -0.5419494 ], [ -73.279657200000017, -0.5456688 ], [ -73.2650178, -0.5557693 ], [ -73.2560354, -0.5795431 ], [ -73.2393591, -0.5869086 ], [ -73.2189079, -0.6080217 ], [ -73.2136243, -0.6193386 ], [ -73.206757, -0.6256419 ], [ -73.1751426, -0.6228261 ], [ -73.1614861, -0.6203932 ], [ -73.1507731, -0.6127197 ], [ -73.132364, -0.6061083 ], [ -73.1164441, -0.6040547 ], [ -73.0992402, -0.6099761 ], [ -73.087694, -0.6215951 ], [ -73.0815068, -0.6228092 ], [ -73.0732832, -0.6199973 ], [ -73.0689881, -0.5899185 ], [ -73.060993, -0.5757136 ], [ -73.0561682, -0.5523948 ], [ -73.0468906, -0.5372024 ], [ -73.0263703, -0.5268692 ], [ -73.0118543, -0.5277768 ], [ -72.9894746, -0.5368126 ], [ -72.9558203, -0.5630098 ], [ -72.9450273, -0.5840463 ], [ -72.9371764, -0.6058427 ], [ -72.9172783, -0.6155095 ], [ -72.8777222, -0.6176019 ], [ -72.8541091, -0.6118244 ], [ -72.8308754, -0.5979965 ], [ -72.8167207, -0.5992847 ], [ -72.8111094, -0.5970805 ], [ -72.8074907, -0.5856116 ], [ -72.7990428, -0.5780909 ], [ -72.7895376, -0.5752028 ], [ -72.776561, -0.5777061 ], [ -72.7630608, -0.560615 ], [ -72.7541606, -0.5550777 ], [ -72.747595, -0.5563087 ], [ -72.7435736, -0.5756772 ], [ -72.7366797, -0.5834739 ], [ -72.7279803, -0.5833918 ], [ -72.7143327, -0.5889161 ], [ -72.6975671, -0.6073056 ], [ -72.677512300000018, -0.6160953 ], [ -72.6761688, -0.6325415 ], [ -72.6274682, -0.6653066 ], [ -72.5964223, -0.6904827 ], [ -72.5628057, -0.705687 ], [ -72.5563722, -0.70584 ], [ -72.5354444, -0.6725197 ], [ -72.5138872, -0.6569433 ], [ -72.4994978, -0.6346855 ], [ -72.4755267, -0.6116412 ], [ -72.4653567, -0.5975078 ], [ -72.4335209, -0.5667179 ], [ -72.42497, -0.5622898 ], [ -72.4160061, -0.5623514 ], [ -72.4080469, -0.5675332 ], [ -72.4038239, -0.5832352 ], [ -72.4092086, -0.5953148 ], [ -72.4056899, -0.6023759 ], [ -72.3930179, -0.6149963 ], [ -72.3673692, -0.6261857 ], [ -72.3554212, -0.6373654 ], [ -72.3302655, -0.6448916 ], [ -72.3168788, -0.652085 ], [ -72.3059249, -0.6510825 ], [ -72.2918741, -0.6435744 ], [ -72.2856542, -0.630683 ], [ -72.2608475, -0.62114 ], [ -72.2490726, -0.6137207 ], [ -72.2428659, -0.6053095 ], [ -72.2466147, -0.5853864 ], [ -72.2399033, -0.5621547 ], [ -72.237322, -0.5301466 ], [ -72.2326757, -0.5177564 ], [ -72.2337082, -0.5079475 ], [ -72.2300944, -0.5038174 ], [ -72.2306106, -0.4929759 ], [ -72.2011839, -0.4795532 ], [ -72.2011839, -0.4743906 ], [ -72.1949887, -0.4676792 ], [ -72.1831148, -0.4609679 ], [ -72.167627, -0.4346386 ], [ -72.1629807, -0.411407 ], [ -72.1480297, -0.3953945 ], [ -72.158859, -0.3823993 ], [ -72.1572346, -0.3631773 ], [ -72.1504663, -0.3542431 ], [ -72.1439766, -0.3561992 ], [ -72.1441629, -0.3487447 ], [ -72.1275766, -0.3407311 ], [ -72.1262721, -0.3371902 ], [ -72.1184448, -0.3373765 ], [ -72.1121085, -0.3329038 ], [ -72.0936585, -0.3291765 ], [ -72.0821137, -0.3379404 ], [ -72.0725995, -0.325822 ], [ -72.0627222, -0.3247038 ], [ -72.0586223, -0.3202311 ], [ -72.0567586, -0.3094221 ], [ -72.0614177, -0.2961903 ], [ -72.0461359, -0.2825858 ], [ -72.0453905, -0.2743858 ], [ -72.0401723, -0.2682358 ], [ -72.0196724, -0.2637631 ], [ -71.9866861, -0.2792312 ], [ -71.9807225, -0.2779267 ], [ -71.9803497, -0.2736403 ], [ -71.9686089, -0.2691676 ], [ -71.9613407, -0.2702858 ], [ -71.9231363, -0.2658131 ], [ -71.9134573, -0.2682286 ], [ -71.9099881, -0.2733166 ], [ -71.8737934, -0.2696162 ], [ -71.8669708, -0.2736636 ], [ -71.8557, -0.2733225 ], [ -71.8453661, -0.2764587 ], [ -71.842734, -0.2730876 ], [ -71.8366774, -0.2765101 ], [ -71.8184774, -0.2734767 ], [ -71.811399, -0.2636799 ], [ -71.8011312, -0.2647369 ], [ -71.7923734, -0.2701728 ], [ -71.7731968, -0.2635289 ], [ -71.7725928, -0.2567341 ], [ -71.7429975, -0.2523552 ], [ -71.7381656, -0.2472213 ], [ -71.7380146, -0.2422384 ], [ -71.7293033, -0.2378829 ], [ -71.7304339, -0.232908 ], [ -71.7271551, -0.2306468 ], [ -71.7228586, -0.2347171 ], [ -71.7111375, -0.2338123 ], [ -71.7144919, -0.2036244 ], [ -71.7228657, -0.1825555 ], [ -71.7349942, -0.166872 ], [ -71.736458, -0.1545344 ], [ -71.7255009, -0.1215224 ], [ -71.7187224, -0.1194888 ], [ -71.7143163, -0.108982 ], [ -71.7009286, -0.0974585 ], [ -71.7049958, -0.0700053 ], [ -71.7029622, -0.0647519 ], [ -71.6717808, -0.0598374 ], [ -71.6475474, -0.0384849 ], [ -71.6260255, -0.0345873 ], [ -71.5811174, -0.0052699 ], [ -71.5782366, -0.0010331 ], [ -71.5821342, 0.009304 ], [ -71.5772198, 0.0157436 ], [ -71.5638321, 0.0211665 ], [ -71.5467162, 0.0213359 ], [ -71.5006219, 0.0011697 ], [ -71.4748634, -0.012218 ], [ -71.4658818, -0.0079814 ], [ -71.4537519, -0.0122266 ], [ -71.4509145, -0.0093288 ], [ -71.4497071, 0.0008737 ], [ -71.4463934, 0.00422 ], [ -71.4311416, 0.0069315 ], [ -71.4187707, 0.0037117 ], [ -71.4004507, 0.0056092 ], [ -71.3929854, 0.0122451 ], [ -71.3857965, 0.0145971 ], [ -71.3874555, 0.0244108 ], [ -71.3619792, 0.0318855 ], [ -71.3422491, 0.0188811 ], [ -71.3151523, 0.0205399 ], [ -71.303689, 0.0324739 ], [ -71.2934885, 0.033274 ], [ -71.2832514, 0.0380382 ], [ -71.2713617, 0.0351683 ], [ -71.2633668, 0.0419331 ], [ -71.2612144, 0.0543354 ], [ -71.2538459, 0.0595188 ], [ -71.262004, 0.0692263 ], [ -71.2678311, 0.0701892 ], [ -71.2793594, 0.0658732 ], [ -71.2954924, 0.0697654 ], [ -71.2974772, 0.0729251 ], [ -71.2896787, 0.0879786 ], [ -71.29118, 0.0973242 ], [ -71.310151, 0.1032486 ], [ -71.3285091, 0.1128893 ], [ -71.3270941, 0.1183471 ], [ -71.3220405, 0.1242767 ], [ -71.3206929, 0.1329015 ], [ -71.3229839, 0.1405829 ], [ -71.3313391, 0.1469167 ], [ -71.3352472, 0.1550025 ], [ -71.3417832, 0.1545982 ], [ -71.3442089, 0.1506227 ], [ -71.3389532, 0.1414589 ], [ -71.3418506, 0.138292 ], [ -71.351823, 0.144491 ], [ -71.3635473, 0.1436824 ], [ -71.3697464, 0.1488034 ], [ -71.3698138, 0.1661877 ], [ -71.377462, 0.1751159 ], [ -71.3911062, 0.1783163 ], [ -71.3995962, 0.185863 ], [ -71.4026957, 0.1843806 ], [ -71.4023925, 0.1584317 ], [ -71.4111858, 0.1490056 ], [ -71.4237011, 0.1415306 ], [ -71.441103, 0.1419979 ], [ -71.4499815, 0.1390861 ], [ -71.4619237, 0.1502184 ], [ -71.4681228, 0.150151 ], [ -71.4705397, 0.1544227 ], [ -71.467449, 0.1599213 ], [ -71.4579483, 0.1618754 ], [ -71.4560616, 0.1754863 ], [ -71.4696104, 0.1849589 ], [ -71.4747935, 0.1841785 ], [ -71.4780278, 0.170837 ], [ -71.4827445, 0.1656487 ], [ -71.4830814, 0.1505553 ], [ -71.4948731, 0.1455691 ], [ -71.49521, 0.1347881 ], [ -71.5026153, 0.1295883 ], [ -71.5122805, 0.1330216 ], [ -71.5175132, 0.1316212 ], [ -71.5297092, 0.1198969 ], [ -71.5392773, 0.1239398 ], [ -71.5450047, 0.1310148 ], [ -71.5426463, 0.1355967 ], [ -71.5320001, 0.1413915 ], [ -71.5259775, 0.1562186 ], [ -71.5294396, 0.163223 ], [ -71.5437244, 0.1725889 ], [ -71.5704747, 0.1702306 ], [ -71.5801776, 0.163762 ], [ -71.5873874, 0.1638968 ], [ -71.589321, 0.1700428 ], [ -71.5776957, 0.1803478 ], [ -71.5772128, 0.1979916 ], [ -71.5617152, 0.2080988 ], [ -71.5600095, 0.2153798 ], [ -71.5711485, 0.2153086 ], [ -71.6043001, 0.1845154 ], [ -71.6146442, 0.1819853 ], [ -71.6272452, 0.1840359 ], [ -71.6361488, 0.1829721 ], [ -71.6371298, 0.1854788 ], [ -71.6286036, 0.1910244 ], [ -71.6182505, 0.1916544 ], [ -71.6169447, 0.1957182 ], [ -71.6271032, 0.2038182 ], [ -71.6236826, 0.2140152 ], [ -71.625232, 0.2159357 ], [ -71.6439066, 0.2095846 ], [ -71.6586279, 0.2207328 ], [ -71.6979324, 0.237455 ], [ -71.7263032, 0.2809759 ], [ -71.7243737, 0.2881222 ], [ -71.7033636, 0.2961975 ], [ -71.6991473, 0.3037725 ], [ -71.7050072, 0.3184224 ], [ -71.7251598, 0.3097039 ], [ -71.7320916, 0.2994133 ], [ -71.734552, 0.2859786 ], [ -71.7430626, 0.2882718 ], [ -71.7502842, 0.2955219 ], [ -71.7534022, 0.3245768 ], [ -71.7529598, 0.331486 ], [ -71.7676226, 0.3274587 ], [ -71.7873397, 0.3337794 ], [ -71.7887406, 0.3401673 ], [ -71.7827879, 0.3463562 ], [ -71.7745175, 0.3471794 ], [ -71.7714966, 0.3596317 ], [ -71.7660163, 0.3682301 ], [ -71.7691817, 0.3696946 ], [ -71.7805326, 0.3642188 ], [ -71.7924729, 0.364923 ], [ -71.8148192, 0.3735686 ], [ -71.8161892, 0.3698364 ], [ -71.8128675, 0.3656673 ], [ -71.8038114, 0.3635057 ], [ -71.8016593, 0.3561887 ], [ -71.8052759, 0.3482932 ], [ -71.827197, 0.3389389 ], [ -71.8379214, 0.3432381 ], [ -71.852189, 0.351364 ], [ -71.854126, 0.3557105 ], [ -71.8394085, 0.3615983 ], [ -71.8333387, 0.3712537 ], [ -71.8362679, 0.3951118 ], [ -71.8301262, 0.3978519 ], [ -71.8234175, 0.4057417 ], [ -71.839258, 0.4077649 ], [ -71.8477008, 0.4151432 ], [ -71.8465086, 0.4345573 ], [ -71.8569606, 0.4552059 ], [ -71.8871022, 0.469379 ], [ -71.8855431, 0.454261 ], [ -71.8898423, 0.4475524 ], [ -71.904204400000012, 0.4427808 ], [ -71.9193697, 0.4510012 ], [ -71.920787, 0.460072 ], [ -71.9025036, 0.4689066 ], [ -71.9033893, 0.4758436 ], [ -71.9100154, 0.4792057 ], [ -71.9219487, 0.4785582 ], [ -71.9274956, 0.4838829 ], [ -71.9298106, 0.4924813 ], [ -71.9276846, 0.4987174 ], [ -71.9131335, 0.5135047 ], [ -71.9290074, 0.5451108 ], [ -71.9312751, 0.5562131 ], [ -71.9371333, 0.5648115 ], [ -71.9393066, 0.570717 ], [ -71.9434113, 0.5697303 ], [ -71.9453065, 0.5649532 ], [ -71.9427081, 0.5535675 ], [ -71.9515345, 0.5400886 ], [ -71.9553695, 0.5414731 ], [ -71.9611804, 0.5534257 ], [ -71.9802197, 0.5607958 ], [ -71.98801490000001, 0.5613627 ], [ -71.991541200000015, 0.5763848 ], [ -71.9891217, 0.5832978 ], [ -71.9924054, 0.5907293 ], [ -72.009933300000014, 0.5946353 ], [ -72.0118448, 0.5977148 ], [ -71.9984647, 0.6035553 ], [ -71.9865714, 0.618953 ], [ -71.9814742, 0.6320144 ], [ -71.9944682, 0.6326333 ], [ -71.9942171, 0.6445449 ], [ -71.9979338, 0.657394 ], [ -72.0022876, 0.6587745 ], [ -72.0117386, 0.6532525 ], [ -72.0184286, 0.6558011 ], [ -72.0244178, 0.6632284 ], [ -72.0322449, 0.664326 ], [ -72.0516444, 0.6554782 ], [ -72.0842805, 0.6577766 ], [ -72.0865789, 0.6617165 ], [ -72.0725263, 0.6661818 ], [ -72.0669447, 0.6850937 ], [ -72.0811286, 0.7049249 ], [ -72.0939991, 0.698818 ], [ -72.1077234, 0.7034803 ], [ -72.121382, 0.7216698 ], [ -72.1184926, 0.7319137 ], [ -72.1251249, 0.739334 ], [ -72.1288679, 0.7397937 ], [ -72.1342525, 0.7341464 ], [ -72.1355659, 0.7235741 ], [ -72.1417385, 0.7177955 ], [ -72.1601721, 0.7334552 ], [ -72.1655166, 0.7327897 ], [ -72.1666787, 0.7293162 ], [ -72.160913, 0.7178612 ], [ -72.1639337, 0.7133302 ], [ -72.1688954, 0.7124101 ], [ -72.1792772, 0.7238477 ], [ -72.1894778, 0.7270544 ], [ -72.1930895, 0.7240994 ], [ -72.1995904, 0.7033489 ], [ -72.2046467, 0.6998686 ], [ -72.214176, 0.7018374 ], [ -72.2302565, 0.7161538 ], [ -72.2277612, 0.7288931 ], [ -72.2235586, 0.7374297 ], [ -72.2218513, 0.7472796 ], [ -72.2286968, 0.7604504 ], [ -72.2396443, 0.7697307 ], [ -72.2490614, 0.7889344 ], [ -72.2696478, 0.7945798 ], [ -72.2704876, 0.7893716 ], [ -72.2609883, 0.7733491 ], [ -72.2617107, 0.7653378 ], [ -72.2659133, 0.7629738 ], [ -72.2721566, 0.7646169 ], [ -72.2926395, 0.7814917 ], [ -72.310208, 0.8104118 ], [ -72.303293, 0.8174203 ], [ -72.2879677, 0.8176072 ], [ -72.2868463, 0.8214385 ], [ -72.3009568, 0.8396606 ], [ -72.2965648, 0.853958 ], [ -72.2905842, 0.8558269 ], [ -72.2870332, 0.8655453 ], [ -72.2895563, 0.8747966 ], [ -72.2951631, 0.8811509 ], [ -72.3021716, 0.8816182 ], [ -72.3111425, 0.8756376 ], [ -72.3217954, 0.8768524 ], [ -72.3252529, 0.8726473 ], [ -72.3246922, 0.8658257 ], [ -72.3168427, 0.8544252 ], [ -72.3210478, 0.842464 ], [ -72.3275891, 0.839941 ], [ -72.3339787, 0.8538775 ], [ -72.3431947, 0.8671339 ], [ -72.3431947, 0.8706849 ], [ -72.3327286, 0.8771327 ], [ -72.3465917, 0.901305 ], [ -72.3464653, 0.908157 ], [ -72.339924, 0.9266594 ], [ -72.3524459, 0.9349762 ], [ -72.3740321, 0.9174082 ], [ -72.3921607, 0.9202116 ], [ -72.3770224, 0.9602068 ], [ -72.3927214, 0.9632905 ], [ -72.400522, 0.9674693 ], [ -72.4104786, 0.9868195 ], [ -72.4024361, 0.9934947 ], [ -72.3993157, 1.00321 ], [ -72.4169994, 1.0157954 ], [ -72.4250469, 1.0261322 ], [ -72.4262263, 1.0373016 ], [ -72.4372213, 1.0517743 ], [ -72.4531436, 1.0671091 ], [ -72.456542, 1.0803881 ], [ -72.4689399, 1.0839124 ], [ -72.471813900000015, 1.0792763 ], [ -72.4790722, 1.0792343 ], [ -72.4844426, 1.0714935 ], [ -72.500176, 1.0732556 ], [ -72.5067001, 1.0678224 ], [ -72.5116928, 1.0684307 ], [ -72.5159723, 1.0769897 ], [ -72.5228321, 1.0818985 ], [ -72.5406633, 1.0857165 ], [ -72.557031, 1.0936141 ], [ -72.5748976, 1.1139058 ], [ -72.5856251, 1.1150431 ], [ -72.5882475, 1.1236371 ], [ -72.6081669, 1.1330171 ], [ -72.6209546, 1.1349845 ], [ -72.6370096, 1.1520583 ], [ -72.6360259, 1.1583468 ], [ -72.6440358, 1.166708 ], [ -72.6463896, 1.1800579 ], [ -72.6534861, 1.1813929 ], [ -72.6517296, 1.1702211 ], [ -72.6571047, 1.1530068 ], [ -72.6610745, 1.1507936 ], [ -72.664412, 1.1527258 ], [ -72.6670468, 1.1614032 ], [ -72.694941, 1.1644245 ], [ -72.6942032, 1.1770717 ], [ -72.7013349, 1.1831845 ], [ -72.7225793, 1.1872953 ], [ -72.7268402, 1.1846249 ], [ -72.728667, 1.1764745 ], [ -72.7267348, 1.1681132 ], [ -72.7305992, 1.1605249 ], [ -72.722519, 1.150372 ], [ -72.7245215, 1.1485451 ], [ -72.7346393, 1.1531825 ], [ -72.7425087, 1.1472453 ], [ -72.7388902, 1.1400434 ], [ -72.7443004, 1.1314011 ], [ -72.7507997, 1.1288014 ], [ -72.7635523, 1.1322091 ], [ -72.7783777, 1.1487559 ], [ -72.776059, 1.168324 ], [ -72.7692084, 1.1771068 ], [ -72.773635, 1.1824819 ], [ -72.7848418, 1.1754557 ], [ -72.7912006, 1.1774582 ], [ -72.7982268, 1.1764042 ], [ -72.8018805, 1.1821306 ], [ -72.8254886, 1.1763691 ], [ -72.8166356, 1.1697293 ], [ -72.81783, 1.1628787 ], [ -72.8227484, 1.161087 ], [ -72.825313, 1.1501261 ], [ -72.8278407, 1.1491488 ], [ -72.8305124, 1.1566253 ], [ -72.8367306, 1.1558524 ], [ -72.8437218, 1.1610519 ], [ -72.8597767, 1.1639678 ], [ -72.8591795, 1.1615437 ], [ -72.8518722, 1.1596818 ], [ -72.8510642, 1.142081 ], [ -72.8690865, 1.1466481 ], [ -72.8718267, 1.1416594 ], [ -72.8691568, 1.1226534 ], [ -72.8490266, 1.1084955 ], [ -72.8512047, 1.1024881 ], [ -72.8592849, 1.1022773 ], [ -72.8637817, 1.1082145 ], [ -72.8672948, 1.1077929 ], [ -72.8687001, 1.1035772 ], [ -72.8819797, 1.1015747 ], [ -72.8836308, 1.0970779 ], [ -72.8691216, 1.0865385 ], [ -72.8721429, 1.0768072 ], [ -72.8806447, 1.079161 ], [ -72.8846496, 1.0763153 ], [ -72.8824012, 1.0693945 ], [ -72.8770262, 1.0740669 ], [ -72.863852, 1.0732941 ], [ -72.8606199, 1.0695701 ], [ -72.8613225, 1.0565716 ], [ -72.8572824, 1.0436784 ], [ -72.8599173, 1.0417462 ], [ -72.8748129, 1.0521802 ], [ -72.879134, 1.0474375 ], [ -72.8785719, 1.0422029 ], [ -72.8755507, 1.0417813 ], [ -72.873021200000011, 1.0461727 ], [ -72.8651518, 1.0417111 ], [ -72.8746021, 1.0355631 ], [ -72.8670489, 1.0249535 ], [ -72.8741805, 1.0256561 ], [ -72.8747075, 1.0217565 ], [ -72.88342, 1.0244968 ], [ -72.8956106, 1.0113226 ], [ -72.896524, 1.0168733 ], [ -72.9005992, 1.0178921 ], [ -72.9078714, 1.0086877 ], [ -72.9156003, 1.0101281 ], [ -72.9183405, 1.0162058 ], [ -72.9233643, 1.0125873 ], [ -72.9279313, 1.0161004 ], [ -72.9327092, 1.0146952 ], [ -72.9293717, 1.0007832 ], [ -72.9373735, 0.9840126 ], [ -72.9413454, 0.9854546 ], [ -72.939043200000015, 0.9824187 ], [ -72.9423321, 0.9792311 ], [ -72.9441274, 0.9785588 ], [ -72.9464052, 0.9829753 ], [ -72.9542225, 0.9835825 ], [ -72.952654, 0.9789275 ], [ -72.9615339, 0.9605858 ], [ -72.9633807, 0.9637735 ], [ -72.9731208, 0.9596245 ], [ -72.9745375, 0.9556019 ], [ -72.9839234, 0.9555007 ], [ -72.9852136, 0.9616484 ], [ -72.9891349, 0.9585619 ], [ -72.9857955, 0.9527938 ], [ -72.9907541, 0.9491254 ], [ -72.9963704, 0.9520095 ], [ -72.98787, 0.9281021 ], [ -72.996168, 0.922764 ], [ -72.9972812, 0.9250156 ], [ -72.991462400000017, 0.9324535 ], [ -73.005655100000013, 0.9334401 ], [ -73.0054021, 0.9278238 ], [ -73.001329, 0.9286081 ], [ -72.9997099, 0.9250662 ], [ -73.0044408, 0.9261541 ], [ -73.0055539, 0.9238266 ], [ -73.0028216, 0.9220304 ], [ -73.0097282, 0.9105447 ], [ -73.0165336, 0.9140612 ], [ -73.0194177, 0.9125939 ], [ -73.0186334, 0.9165911 ], [ -73.0265773, 0.9214991 ], [ -73.0275133, 0.9168441 ], [ -73.0352295, 0.913277 ], [ -73.0352295, 0.9077871 ], [ -73.0394038, 0.9021455 ], [ -73.0414783, 0.9114554 ], [ -73.0463863, 0.905915 ], [ -73.0505353, 0.9059909 ], [ -73.0498775, 0.9116325 ], [ -73.0599464, 0.9041947 ], [ -73.0630076, 0.9056873 ], [ -73.0767196, 0.8944293 ], [ -73.0828925, 0.8995397 ], [ -73.078364, 0.906168 ], [ -73.0872439, 0.9063957 ], [ -73.0843851, 0.909558 ], [ -73.0935433, 0.9088244 ], [ -73.0949854, 0.9127963 ], [ -73.1034352, 0.9127963 ], [ -73.110443, 0.9200823 ], [ -73.1090009, 0.9237507 ], [ -73.1145161, 0.9193487 ], [ -73.1216504, 0.9219798 ], [ -73.1334649, 0.9144913 ], [ -73.1396378, 0.9203606 ], [ -73.1381452, 0.9239531 ], [ -73.144647, 0.9203353 ], [ -73.1465444, 0.9289369 ], [ -73.1548172, 0.9334654 ], [ -73.1518319, 0.9359194 ], [ -73.1462914, 0.933086 ], [ -73.1480371, 0.9432561 ], [ -73.1497321, 0.9402708 ], [ -73.1508452, 0.942573 ], [ -73.155146, 0.9419659 ], [ -73.1558797, 0.9442934 ], [ -73.163773, 0.9403214 ], [ -73.1634441, 0.9509976 ], [ -73.1670871, 0.9549948 ], [ -73.17326, 0.9529709 ], [ -73.1788258, 0.9568669 ], [ -73.1754863, 0.961193 ], [ -73.1777885, 0.9626603 ], [ -73.1799389, 0.9597004 ], [ -73.1822411, 0.9609147 ], [ -73.180116, 0.9699211 ], [ -73.182064, 0.9712872 ], [ -73.1887682, 0.9663793 ], [ -73.1888947, 0.9708572 ], [ -73.1729221, 0.9815149 ], [ -73.1757841, 0.9853982 ], [ -73.1724177, 0.9860033 ], [ -73.1734768, 0.9882728 ], [ -73.17161080000001, 0.9914879 ], [ -73.1761119, 0.9961528 ], [ -73.1779683, 0.9946728 ], [ -73.179163, 1.0003639 ], [ -73.1839037, 0.9985232 ], [ -73.1829329, 1.0018517 ], [ -73.1997142, 0.9992166 ], [ -73.2058921, 1.0066427 ], [ -73.2085146, 1.0009061 ], [ -73.2168612, 0.9971363 ], [ -73.2177059, 1.0000235 ], [ -73.2207444, 1.0046255 ], [ -73.2236443, 1.0034655 ], [ -73.2350798, 1.0088744 ], [ -73.2478373, 1.0219235 ], [ -73.2435924, 1.0250009 ], [ -73.2452728, 1.028355 ], [ -73.239077, 1.0317659 ], [ -73.2447059, 1.0370001 ], [ -73.24312, 1.0389032 ], [ -73.2471557, 1.0425475 ], [ -73.2487619, 1.0392676 ], [ -73.2538571, 1.0421291 ], [ -73.2512926, 1.0481354 ], [ -73.2581763, 1.0443089 ], [ -73.2644593, 1.0442009 ], [ -73.264736, 1.0482164 ], [ -73.2782401, 1.0470151 ], [ -73.2829844, 1.0614775 ], [ -73.2819519, 1.066674 ], [ -73.2875465, 1.0645819 ], [ -73.3031494, 1.0729772 ], [ -73.3007233, 1.073017 ], [ -73.3086091, 1.0793075 ], [ -73.3086891, 1.0758758 ], [ -73.3165584, 1.0812002 ], [ -73.3240253, 1.0823094 ], [ -73.3246411, 1.0867862 ], [ -73.3193615, 1.086956 ], [ -73.3315919, 1.0913048 ], [ -73.3335626, 1.095328 ], [ -73.3337955, 1.1019361 ], [ -73.3400446, 1.0991542 ], [ -73.3415204, 1.104729 ], [ -73.3382886, 1.103702 ], [ -73.3343377, 1.1096509 ], [ -73.3338469, 1.1137675 ], [ -73.338075, 1.1132557 ], [ -73.3447773, 1.1181851 ], [ -73.3440727, 1.1236305 ], [ -73.355415, 1.1201999 ], [ -73.3570147, 1.125743 ], [ -73.3575399, 1.1284606 ], [ -73.3604648, 1.1267788 ], [ -73.3735146, 1.1315357 ], [ -73.3770934, 1.1381758 ], [ -73.3737573, 1.1399921 ], [ -73.379605400000017, 1.144239 ], [ -73.3930201, 1.1473538 ], [ -73.3940578, 1.1507037 ], [ -73.3922904, 1.155028 ], [ -73.396447, 1.1540153 ], [ -73.3973606, 1.1585768 ], [ -73.3940046, 1.1578117 ], [ -73.3935351, 1.170436 ], [ -73.4008519, 1.1732307 ], [ -73.4055164, 1.1708742 ], [ -73.4118407, 1.1752722 ], [ -73.411148200000014, 1.1804357 ], [ -73.417483, 1.1850228 ], [ -73.4184571, 1.1912193 ], [ -73.4180742, 1.1959089 ], [ -73.4172496, 1.1994503 ], [ -73.4127433, 1.2000183 ], [ -73.4123596, 1.2033144 ], [ -73.4090443, 1.2000272 ], [ -73.4072974, 1.2054329 ], [ -73.4109781, 1.2091583 ], [ -73.4150961, 1.2082793 ], [ -73.4172621, 1.2082982 ], [ -73.415180400000011, 1.2121356 ], [ -73.4210253, 1.2193802 ], [ -73.4240327, 1.2230848 ], [ -73.4161702, 1.2272105 ], [ -73.4132024, 1.2322182 ], [ -73.4148158, 1.2356037 ], [ -73.411989300000016, 1.2398627 ], [ -73.4095088, 1.2390968 ], [ -73.4088431, 1.2418959 ], [ -73.4129298, 1.2430441 ], [ -73.4141653, 1.2456358 ], [ -73.4173121, 1.2439858 ], [ -73.4169691, 1.2517752 ], [ -73.4201888, 1.250788 ], [ -73.4198798, 1.2539153 ], [ -73.4226449, 1.2530877 ], [ -73.4241549, 1.2563026 ], [ -73.4253652, 1.2545664 ], [ -73.432223, 1.2604126 ], [ -73.4311024, 1.2633056 ], [ -73.4297611, 1.2616142 ], [ -73.4256402, 1.2645999 ], [ -73.4282731, 1.2678797 ], [ -73.4251796, 1.2689367 ], [ -73.4248723, 1.2777241 ], [ -73.4222677, 1.2804785 ], [ -73.4272973, 1.290979 ], [ -73.428304200000014, 1.2960185 ], [ -73.4343383, 1.2978856 ], [ -73.433273, 1.2936975 ], [ -73.436162, 1.2952394 ], [ -73.4368207, 1.2914641 ], [ -73.4436644, 1.2947368 ], [ -73.4452074, 1.2911346 ], [ -73.4561964, 1.2947771 ], [ -73.4517086, 1.3031302 ], [ -73.4559984, 1.3071419 ], [ -73.458356, 1.3084266 ], [ -73.4612723, 1.3118888 ], [ -73.4563791, 1.3144362 ], [ -73.4587974, 1.3166733 ], [ -73.4551565, 1.3210186 ], [ -73.4579122, 1.3226699 ], [ -73.4590396, 1.3264624 ], [ -73.4627049, 1.3327253 ], [ -73.465777, 1.3323331 ], [ -73.464047600000015, 1.3371472 ], [ -73.4701262, 1.3408638 ], [ -73.4685767, 1.3430002 ], [ -73.4705538, 1.3447188 ], [ -73.4703363, 1.3475967 ], [ -73.4734163, 1.3547441 ], [ -73.4736232, 1.3596942 ], [ -73.4849973, 1.3640107 ], [ -73.4827615, 1.3700057 ], [ -73.4865937, 1.3688977 ], [ -73.4897837, 1.3720667 ], [ -73.4887546, 1.3681402 ], [ -73.4970376, 1.3723038 ], [ -73.4988318, 1.3696002 ], [ -73.5033147, 1.370167 ], [ -73.5043277, 1.376503 ], [ -73.506781, 1.3821362 ], [ -73.5045036, 1.3839671 ], [ -73.5086897, 1.3847304 ], [ -73.5100184, 1.3869079 ], [ -73.512197, 1.3864993 ], [ -73.5223218, 1.3889637 ], [ -73.521171, 1.3914806 ], [ -73.5327947, 1.3893217 ], [ -73.5380691, 1.3964904 ], [ -73.5377708, 1.3990953 ], [ -73.5468846, 1.4054897 ], [ -73.5448782, 1.4247742 ], [ -73.5471657, 1.4272693 ], [ -73.5465915, 1.4364798 ], [ -73.5533588, 1.44243 ], [ -73.5565984, 1.4499144 ], [ -73.5809986, 1.4740022 ], [ -73.5854763, 1.4879153 ], [ -73.5938652, 1.4905077 ], [ -73.6075687, 1.5028174 ], [ -73.6153165, 1.5270265 ], [ -73.6267446, 1.5391327 ], [ -73.629329, 1.5387331 ], [ -73.6442359, 1.5527406 ], [ -73.6426444, 1.5580419 ], [ -73.6585444, 1.5774513 ], [ -73.6592378, 1.5890551 ], [ -73.6637273, 1.5930285 ], [ -73.658041, 1.608861 ], [ -73.660031, 1.6132034 ], [ -73.6566683, 1.6177319 ], [ -74.0400009, 1.9708333 ], [ -74.0495834, 1.9733335 ], [ -74.0541687, 1.9716665 ], [ -74.066246, 1.9791667 ], [ -74.0833359, 1.97875 ], [ -74.090416, 1.9750001 ], [ -74.0924988, 1.9775001 ], [ -74.1050034, 1.9725001 ], [ -74.1083298, 1.9820834 ], [ -74.125, 1.9895832 ], [ -74.1245804, 1.9924999 ], [ -74.1433334, 1.9929166 ], [ -74.144165, 1.9966667 ], [ -74.1524963, 1.9974999 ], [ -74.1524963, 1.9916667 ], [ -74.1491699, 1.9883333 ], [ -74.152916, 1.9799999 ], [ -74.1620865, 1.98 ], [ -74.1633301, 1.9833332 ], [ -74.1741638, 1.9804167 ], [ -74.1833344, 1.9854167 ], [ -74.1924973, 1.9874999 ], [ -74.194168100000013, 1.9916666 ], [ -74.1975021, 1.9924999 ], [ -74.2066309, 1.9986417 ], [ -74.2280812, 2.0275965 ], [ -74.2314158, 2.0495098 ], [ -74.235689800000017, 2.0542112 ], [ -74.2528527, 2.058561 ], [ -74.326989, 2.0620568 ], [ -74.3619429, 2.0595137 ], [ -74.3716243, 2.0646039 ], [ -74.3841629, 2.0799999 ], [ -74.390831, 2.0804167 ], [ -74.3925018, 2.0841665 ], [ -74.4008331, 2.0845833 ], [ -74.4091644, 2.0795834 ], [ -74.4175034, 2.0783334 ], [ -74.425003, 2.0808332 ], [ -74.4266663, 2.0845833 ], [ -74.4349976, 2.0816667 ], [ -74.4316635, 2.0899999 ], [ -74.4429169, 2.0941665 ], [ -74.4483337, 2.0920835 ], [ -74.4508362, 2.095 ], [ -74.4620819, 2.0891666 ], [ -74.4741669, 2.0999999 ], [ -74.4812469, 2.1025 ], [ -74.4833298, 2.1141665 ], [ -74.4791641, 2.1141667 ], [ -74.4800034, 2.1283333 ], [ -74.4854202, 2.1491666 ], [ -74.4916687, 2.1474998 ], [ -74.4908371, 2.1366668 ], [ -74.5054169, 2.1308334 ], [ -74.5083313, 2.1320834 ], [ -74.5116653, 2.1217449 ], [ -74.5230206, 2.1207299 ], [ -74.5277897, 2.1161056 ], [ -74.5387497, 2.1100001 ], [ -74.5445862, 2.1199999 ], [ -74.5462494, 2.1291666 ], [ -74.5508347, 2.1316667 ], [ -74.5540655, 2.1240839 ], [ -74.5599976, 2.12625 ], [ -74.5662537, 2.1233332 ], [ -74.5683365, 2.1254165 ], [ -74.5804138, 2.125 ], [ -74.5918837, 2.1342939 ], [ -74.5933304, 2.1433334 ], [ -74.5966638, 2.1466668 ], [ -74.6041641, 2.1608334 ], [ -74.5979156, 2.1658332 ], [ -74.5966644, 2.1633334 ], [ -74.5920868, 2.1641667 ], [ -74.5891647, 2.1716666 ], [ -74.5912476, 2.1733334 ], [ -74.5899963, 2.18625 ], [ -74.5924988, 2.1908333 ], [ -74.5895843, 2.1983335 ], [ -74.5916672, 2.2016666 ], [ -74.5975037, 2.2016666 ], [ -74.597496, 2.2049999 ], [ -74.6041641, 2.2045834 ], [ -74.6108322, 2.2083335 ], [ -74.6154175, 2.2 ], [ -74.625, 2.1933334 ], [ -74.6341629, 2.1954167 ], [ -74.6350021, 2.19875 ], [ -74.6425018, 2.2024999 ], [ -74.644165, 2.2108333 ], [ -74.6533356, 2.2079167 ], [ -74.6650009, 2.2112501 ], [ -74.6675034, 2.2145834 ], [ -74.6633301, 2.2158334 ], [ -74.6594916, 2.2266667 ], [ -74.6516647, 2.2275 ], [ -74.6508331, 2.24125 ], [ -74.6541672, 2.2420833 ], [ -74.6549988, 2.2483335 ], [ -74.6591644, 2.2520833 ], [ -74.6708298, 2.2541666 ], [ -74.6833344, 2.26 ], [ -74.684166, 2.2641666 ], [ -74.6933365, 2.2704167 ], [ -74.699997, 2.2704165 ], [ -74.7012482, 2.2750001 ], [ -74.6933365, 2.2841666 ], [ -74.7091675, 2.2837501 ], [ -74.7158356, 2.2691667 ], [ -74.7141647, 2.2637501 ], [ -74.7284706, 2.2688852 ], [ -74.7275009, 2.2754166 ], [ -74.734169, 2.2803606 ], [ -74.7383346, 2.2733333 ], [ -74.7412491, 2.2716665 ], [ -74.75, 2.2783334 ], [ -74.7412491, 2.3150001 ], [ -74.7324992, 2.3487509 ], [ -74.7266693, 2.3595834 ], [ -74.7191696, 2.3600483 ], [ -74.7058334, 2.38375 ], [ -74.6963725, 2.4136749 ], [ -74.6900024, 2.4229167 ], [ -74.6733322, 2.4245832 ], [ -74.671669, 2.4391666 ], [ -74.6729202, 2.4466665 ], [ -74.668335, 2.4529166 ], [ -74.6620865, 2.4791667 ], [ -74.6633301, 2.4866667 ], [ -74.6545868, 2.4916666 ], [ -74.6491699, 2.4908333 ], [ -74.6474991, 2.4937499 ], [ -74.6583328, 2.5137501 ], [ -74.6773719, 2.5236241 ], [ -74.6791305, 2.5330302 ], [ -74.6750031, 2.5395834 ], [ -74.6812515, 2.5533333 ], [ -74.6808319, 2.5583334 ], [ -74.6583328, 2.5795834 ], [ -74.6458359, 2.5887499 ], [ -74.6479471, 2.6015806 ], [ -74.625, 2.6183333 ], [ -74.6233368, 2.6258333 ], [ -74.6133347, 2.6224999 ], [ -74.6050034, 2.6366665 ], [ -74.5999985, 2.63625 ], [ -74.5933304, 2.655 ], [ -74.5860405, 2.665625 ], [ -74.5899963, 2.6733334 ], [ -74.5950012, 2.6733332 ], [ -74.5966644, 2.6770835 ], [ -74.6091674, 2.6831439 ], [ -74.6158371, 2.6833334 ], [ -74.6143761, 2.6943749 ], [ -74.6232628, 2.6999629 ], [ -74.6375967, 2.7014277 ], [ -74.637916600000011, 2.7083335 ], [ -74.6268519, 2.722813 ], [ -74.6299401, 2.7345135 ], [ -74.6175003, 2.7537501 ], [ -74.6433334, 2.756063 ], [ -74.6445847, 2.7716668 ], [ -74.6537476, 2.7841668 ], [ -74.6571993, 2.8025716 ], [ -74.6666641, 2.8053505 ], [ -74.6662521, 2.825 ], [ -74.6712494, 2.8325 ], [ -74.6617865, 2.8414893 ], [ -74.6645813, 2.8541665 ], [ -74.6679153, 2.8608334 ], [ -74.6670384, 2.8699362 ], [ -74.6733322, 2.8783333 ], [ -74.6731262, 2.8885416 ], [ -74.6933365, 2.8929164 ], [ -74.7249985, 2.8833332 ], [ -74.7258301, 2.8775001 ], [ -74.7408295, 2.8793607 ], [ -74.7566681, 2.8766665 ], [ -74.7641678, 2.8733332 ], [ -74.7693748, 2.873125 ], [ -74.7787476, 2.8858333 ], [ -74.7810402, 2.9043748 ], [ -74.7891693, 2.9075 ], [ -74.7941666, 2.915 ], [ -74.7895813, 2.9275 ], [ -74.8000031, 2.9383335 ] ], [ [ -73.3570147, 1.125743 ], [ -73.3592593, 1.1228367 ], [ -73.3607675, 1.1247403 ], [ -73.3570147, 1.125743 ] ], [ [ -73.4184571, 1.1912193 ], [ -73.4195971, 1.1892406 ], [ -73.4208475, 1.1919816 ], [ -73.4184571, 1.1912193 ] ] ] ] } },
{ "type": "Feature", "properties": { "id": "19", "name": "CAUCA", "label": "Cauca", "n_especies": 12173.0, "n_registros": 614175.0 }, "geometry": { "type": "MultiPolygon", "coordinates": [ [ [ [ -76.4603229, 3.3281683 ], [ -76.4612843, 3.316702 ], [ -76.466740300000012, 3.3207865 ], [ -76.4682715, 3.3110365 ], [ -76.4715644, 3.3126907 ], [ -76.4734478, 3.3196207 ], [ -76.4767913, 3.3203514 ], [ -76.4783869, 3.317425 ], [ -76.4732317, 3.3049713 ], [ -76.4773415, 3.2993956 ], [ -76.4774384, 3.294031 ], [ -76.4809892, 3.2929589 ], [ -76.4857331, 3.3036157 ], [ -76.4897326, 3.3047489 ], [ -76.4941342, 3.2916413 ], [ -76.491744, 3.288803 ], [ -76.4775259, 3.2891713 ], [ -76.4753089, 3.2843788 ], [ -76.4830505, 3.2862616 ], [ -76.4872362, 3.2830102 ], [ -76.4830433, 3.2783301 ], [ -76.4748527, 3.2808903 ], [ -76.4710151, 3.2748741 ], [ -76.4719636, 3.2711661 ], [ -76.4611359, 3.2652677 ], [ -76.4638455, 3.2623205 ], [ -76.459843, 3.2566271 ], [ -76.4625908, 3.2523133 ], [ -76.4690106, 3.2584268 ], [ -76.4755764, 3.2577104 ], [ -76.4620546, 3.2492167 ], [ -76.4617019, 3.2461574 ], [ -76.4693826, 3.2493399 ], [ -76.4713486, 3.2476631 ], [ -76.4647702, 3.2431832 ], [ -76.4674475, 3.239738 ], [ -76.4736923, 3.2452277 ], [ -76.4755789, 3.2428468 ], [ -76.471719, 3.2382395 ], [ -76.4772357, 3.2321752 ], [ -76.4717044, 3.2287878 ], [ -76.4680101, 3.2306384 ], [ -76.465437799999989, 3.2275014 ], [ -76.4710117, 3.2267929 ], [ -76.4738904, 3.2158497 ], [ -76.4785434, 3.2221408 ], [ -76.481331, 3.2215097 ], [ -76.4809235, 3.2161381 ], [ -76.4861264, 3.2131443 ], [ -76.4898253, 3.2176745 ], [ -76.4926762, 3.2064564 ], [ -76.4979684, 3.2024599 ], [ -76.4980736, 3.1972699 ], [ -76.4918423, 3.1984447 ], [ -76.4902687, 3.1872184 ], [ -76.4932048, 3.1809705 ], [ -76.4871152, 3.1738371 ], [ -76.4888788, 3.1700865 ], [ -76.4920462, 3.1756583 ], [ -76.4963404, 3.175431 ], [ -76.495498, 3.1661528 ], [ -76.5019247, 3.1665815 ], [ -76.5024238, 3.1593847 ], [ -76.5079855, 3.1567846 ], [ -76.500556800000012, 3.1491267 ], [ -76.501370799999989, 3.1437236 ], [ -76.5075656, 3.1500891 ], [ -76.5214592, 3.1489407 ], [ -76.514700100000013, 3.144064 ], [ -76.5206128, 3.14378 ], [ -76.5171889, 3.1368874 ], [ -76.5188662, 3.1338736 ], [ -76.5316798, 3.1367324 ], [ -76.5307402, 3.1310949 ], [ -76.527806, 3.1344622 ], [ -76.5221798, 3.1296695 ], [ -76.5218164, 3.1233874 ], [ -76.5143931, 3.1229393 ], [ -76.5132816, 3.1211682 ], [ -76.516821299999989, 3.1183589 ], [ -76.5210632, 3.1201028 ], [ -76.5248545, 3.1163053 ], [ -76.5278534, 3.1165461 ], [ -76.5284401, 3.1234085 ], [ -76.5364756, 3.1160395 ], [ -76.5385871, 3.1084539 ], [ -76.5410956, 3.1111242 ], [ -76.5461251, 3.1059012 ], [ -76.5527319, 3.1070626 ], [ -76.5555761, 3.0995013 ], [ -76.5578163, 3.1017182 ], [ -76.5569946, 3.1075536 ], [ -76.5625932, 3.1066471 ], [ -76.5641124, 3.1163936 ], [ -76.5700036, 3.1196572 ], [ -76.5719908, 3.1287318 ], [ -76.5786631, 3.1250922 ], [ -76.574377200000015, 3.115681 ], [ -76.5772931, 3.1154312 ], [ -76.5798975, 3.1194281 ], [ -76.5910208, 3.115659 ], [ -76.587484100000012, 3.1071574 ], [ -76.590777, 3.1022958 ], [ -76.5948334, 3.1061379 ], [ -76.5982909, 3.1057028 ], [ -76.599167, 3.1026107 ], [ -76.5918258, 3.097366 ], [ -76.5937683, 3.0931333 ], [ -76.5990724, 3.092174 ], [ -76.6042571, 3.0969005 ], [ -76.605414, 3.0924988 ], [ -76.6124234, 3.0916044 ], [ -76.6249196, 3.1045577 ], [ -76.6236862, 3.1084572 ], [ -76.6265715, 3.1101214 ], [ -76.6219216, 3.1159336 ], [ -76.6314135, 3.1283556 ], [ -76.6369816, 3.1208436 ], [ -76.638916, 3.1218648 ], [ -76.6434828, 3.1152929 ], [ -76.6406489, 3.1117198 ], [ -76.648962, 3.1037265 ], [ -76.6605382, 3.0999483 ], [ -76.6622074, 3.1018804 ], [ -76.6657986, 3.0982526 ], [ -76.6685116, 3.1028858 ], [ -76.6761537, 3.0995271 ], [ -76.6831458, 3.1041252 ], [ -76.6879334, 3.1112033 ], [ -76.696106, 3.1141887 ], [ -76.6955003, 3.1173613 ], [ -76.702878, 3.1204386 ], [ -76.7227384, 3.1176508 ], [ -76.7443667, 3.1365675 ], [ -76.7497847, 3.1465826 ], [ -76.7480043, 3.1570624 ], [ -76.7402758, 3.1701361 ], [ -76.7441222, 3.1823401 ], [ -76.7397182, 3.1829129 ], [ -76.7399432, 3.1863943 ], [ -76.7447633, 3.1872094 ], [ -76.7459583, 3.1907989 ], [ -76.7448804, 3.193263 ], [ -76.7584876, 3.2024912 ], [ -76.7530654, 3.204942 ], [ -76.7557188, 3.207515 ], [ -76.75285550000001, 3.2099307 ], [ -76.759585, 3.2142517 ], [ -76.7578705, 3.2160397 ], [ -76.7688389, 3.2309701 ], [ -76.7739156, 3.2332854 ], [ -76.7828533, 3.2307169 ], [ -76.7884581, 3.2181968 ], [ -76.794782, 3.2179724 ], [ -76.8105401, 3.2074089 ], [ -76.8320015, 3.2104667 ], [ -76.842915, 3.210272 ], [ -76.8508129, 3.2073307 ], [ -76.8635534, 3.2125377 ], [ -76.8730759, 3.2100871 ], [ -76.8851812, 3.2073916 ], [ -76.8919486, 3.2022605 ], [ -76.8978638, 3.2041817 ], [ -76.9090376, 3.2005211 ], [ -76.9133181, 3.176699 ], [ -76.9129269, 3.1670502 ], [ -76.9154826, 3.149464 ], [ -76.9262056, 3.1422066 ], [ -76.9265348, 3.1292859 ], [ -76.9276717, 3.1271505 ], [ -76.9316894, 3.1202839 ], [ -76.9396642, 3.1138426 ], [ -76.9718818, 3.1187856 ], [ -76.9791407, 3.1285765 ], [ -76.9777455, 3.1349171 ], [ -76.9881403, 3.1389835 ], [ -76.9975697, 3.1551246 ], [ -77.0134671, 3.1540075 ], [ -77.0303267, 3.1669688 ], [ -77.0393551, 3.164469 ], [ -77.0662492, 3.1703061 ], [ -77.0845666, 3.18157 ], [ -77.0877564, 3.1816238 ], [ -77.0873458, 3.1857214 ], [ -77.0915592, 3.1829637 ], [ -77.0983911, 3.1859725 ], [ -77.1104419, 3.1787042 ], [ -77.1133994, 3.1729555 ], [ -77.1282586, 3.1617389 ], [ -77.1347915, 3.1650039 ], [ -77.1367344, 3.1700351 ], [ -77.1412086, 3.1722663 ], [ -77.145610499999989, 3.1686695 ], [ -77.1531929, 3.1707409 ], [ -77.154228800000013, 3.1761843 ], [ -77.1609174, 3.1709317 ], [ -77.1582274, 3.169891 ], [ -77.1590423, 3.1650158 ], [ -77.1631844, 3.1664989 ], [ -77.168720100000016, 3.163877 ], [ -77.1716439, 3.1657343 ], [ -77.1737082, 3.1583316 ], [ -77.179522, 3.1557409 ], [ -77.1869084, 3.1487347 ], [ -77.1902172, 3.1500623 ], [ -77.193719, 3.1400157 ], [ -77.1999144, 3.1441425 ], [ -77.2010381, 3.1353969 ], [ -77.2060841, 3.1335539 ], [ -77.2173489, 3.1355869 ], [ -77.2157178, 3.1312622 ], [ -77.2189302, 3.1231445 ], [ -77.2169366, 3.123049 ], [ -77.2161508, 3.1206982 ], [ -77.2270692, 3.1119453 ], [ -77.2340916, 3.1161136 ], [ -77.2356682, 3.1137147 ], [ -77.2324068, 3.1109755 ], [ -77.2338286, 3.1082057 ], [ -77.2448565, 3.1162436 ], [ -77.2436974, 3.1248097 ], [ -77.245715, 3.126598 ], [ -77.2518603, 3.115052 ], [ -77.2607777, 3.1338095 ], [ -77.2676269, 3.1332101 ], [ -77.2707763, 3.1406809 ], [ -77.2736205, 3.1392447 ], [ -77.2751961, 3.1321021 ], [ -77.277725, 3.1311983 ], [ -77.2791668, 3.1396504 ], [ -77.2861485, 3.1376267 ], [ -77.2901689, 3.141866 ], [ -77.2887501, 3.1467626 ], [ -77.2779115, 3.1501373 ], [ -77.2794364, 3.1586193 ], [ -77.2818621, 3.1597573 ], [ -77.2858504, 3.1562922 ], [ -77.2969728, 3.1600809 ], [ -77.3182187, 3.1744699 ], [ -77.3217007, 3.1712668 ], [ -77.3206958, 3.1641732 ], [ -77.325373399999989, 3.1616892 ], [ -77.3303018, 3.1637476 ], [ -77.3315304, 3.1550833 ], [ -77.3402614, 3.1495827 ], [ -77.3469061, 3.1400112 ], [ -77.3566032, 3.1453541 ], [ -77.3638906, 3.1458134 ], [ -77.3668901, 3.1550089 ], [ -77.3649629, 3.1647704 ], [ -77.3706882, 3.1703204 ], [ -77.3838811, 3.1774274 ], [ -77.381604, 3.2022959 ], [ -77.3928062, 3.2139789 ], [ -77.4014883, 3.2121904 ], [ -77.4080867, 3.2261686 ], [ -77.4158173, 3.2340689 ], [ -77.4164499, 3.2434305 ], [ -77.4297608, 3.2539537 ], [ -77.4396972, 3.2469695 ], [ -77.4447264, 3.247841 ], [ -77.4524789, 3.2421795 ], [ -77.4560764, 3.2335463 ], [ -77.4661312, 3.2383768 ], [ -77.4711201, 3.2361896 ], [ -77.4710773, 3.2330552 ], [ -77.4627619, 3.2292839 ], [ -77.4624808, 3.2255993 ], [ -77.4697331, 3.2231106 ], [ -77.4659855, 3.219412 ], [ -77.4675091, 3.2154304 ], [ -77.4814681, 3.2092159 ], [ -77.4911442, 3.2168527 ], [ -77.4976585, 3.2162171 ], [ -77.502041, 3.2111721 ], [ -77.498872600000013, 3.2026737 ], [ -77.4949047, 3.2012228 ], [ -77.497244, 3.1907701 ], [ -77.5048417, 3.1873286 ], [ -77.5152568, 3.1873935 ], [ -77.52605, 3.1996192 ], [ -77.5352269, 3.2054949 ], [ -77.5406723, 3.2141082 ], [ -77.546452, 3.2094445 ], [ -77.5529146, 3.1974354 ], [ -77.5581159, 3.1742054 ], [ -77.5708201, 3.148616 ], [ -77.6261188, 3.0776271 ], [ -77.6535349, 3.0644687 ], [ -77.6564997, 3.0550579 ], [ -77.6674309, 3.0443901 ], [ -77.6914932, 2.9981775 ], [ -77.6888381, 2.9921104 ], [ -77.6950009, 2.9890789 ], [ -77.7020298, 2.972506 ], [ -77.7000144, 2.9714233 ], [ -77.6866371, 2.9888141 ], [ -77.6803767, 2.9913442 ], [ -77.6778117, 2.9860142 ], [ -77.6714657, 2.9867804 ], [ -77.6665354, 2.9838988 ], [ -77.6708161, 2.9649607 ], [ -77.6670684, 2.9600471 ], [ -77.6718321, 2.9363499 ], [ -77.675505, 2.9334657 ], [ -77.678653, 2.9345317 ], [ -77.6924943, 2.9130618 ], [ -77.6903956, 2.9053833 ], [ -77.6869811, 2.9044672 ], [ -77.6964418, 2.9008361 ], [ -77.6975374, 2.8887928 ], [ -77.6941322, 2.8875491 ], [ -77.7029267, 2.8623205 ], [ -77.7068649, 2.8628239 ], [ -77.7150376, 2.8345157 ], [ -77.7201603, 2.8257508 ], [ -77.7385784, 2.8220264 ], [ -77.7639551, 2.7949619 ], [ -77.7599563, 2.791112 ], [ -77.7551828, 2.7927586 ], [ -77.7359503, 2.7873319 ], [ -77.749852800000014, 2.7698834 ], [ -77.7508772, 2.7639371 ], [ -77.7562542, 2.7606296 ], [ -77.7649933, 2.7648865 ], [ -77.7815704, 2.7580158 ], [ -77.7844311, 2.7583281 ], [ -77.7838315, 2.7626629 ], [ -77.7922679, 2.75863 ], [ -77.7975907, 2.7462487 ], [ -77.8002191, 2.7276703 ], [ -77.7977863, 2.7261058 ], [ -77.790533400000015, 2.7299108 ], [ -77.7954239, 2.7062523 ], [ -77.7869085, 2.6919744 ], [ -77.8090791, 2.6850023 ], [ -77.8100167, 2.6902837 ], [ -77.839704, 2.703662 ], [ -77.8452084, 2.7024033 ], [ -77.8440874, 2.6930475 ], [ -77.8562907, 2.6929617 ], [ -77.8635707, 2.6977618 ], [ -77.8741852, 2.6967459 ], [ -77.891689, 2.6851154 ], [ -77.8991439, 2.6851874 ], [ -77.9071079, 2.681056 ], [ -77.9141258, 2.6627942 ], [ -77.9074963, 2.6531699 ], [ -77.906429, 2.6457722 ], [ -77.9157652, 2.6401567 ], [ -77.927825200000015, 2.6402624 ], [ -77.9226868, 2.6166717 ], [ -77.9170393, 2.6040055 ], [ -77.9158187, 2.5405256 ], [ -77.9190223, 2.523667 ], [ -77.9250783, 2.5147866 ], [ -77.924605, 2.4802413 ], [ -77.9174271, 2.4545594 ], [ -77.9183264, 2.4147592 ], [ -77.9146767, 2.4057776 ], [ -77.9003774, 2.3936414 ], [ -77.8927631, 2.3636959 ], [ -77.8834863, 2.3529841 ], [ -77.8808182, 2.3289558 ], [ -77.8834951, 2.3224361 ], [ -77.8776059, 2.3033706 ], [ -77.8749885, 2.3021809 ], [ -77.8623621, 2.2702206 ], [ -77.8491714, 2.2627354 ], [ -77.8503016, 2.2410228 ], [ -77.8475652, 2.2294586 ], [ -77.8529785, 2.2145691 ], [ -77.8487549, 2.1911909 ], [ -77.8386422, 2.178211 ], [ -77.830671, 2.1761884 ], [ -77.8214506, 2.1782705 ], [ -77.8027957, 2.1714295 ], [ -77.7984531, 2.1638747 ], [ -77.7834625, 2.1532861 ], [ -77.7803865, 2.1482993 ], [ -77.7487581, 2.1395745 ], [ -77.7422238, 2.1346015 ], [ -77.7337675, 2.1340422 ], [ -77.6999673, 2.1525425 ], [ -77.6751733, 2.1577179 ], [ -77.6626811, 2.1586102 ], [ -77.6498915, 2.1674142 ], [ -77.6036251, 2.1647096 ], [ -77.5922987, 2.1741226 ], [ -77.5735178, 2.1813235 ], [ -77.5583272, 2.2006714 ], [ -77.5543244, 2.2024095 ], [ -77.5407359, 2.196892 ], [ -77.526993600000011, 2.196774 ], [ -77.5202836, 2.1999478 ], [ -77.4988449, 2.193277 ], [ -77.4889432, 2.1949812 ], [ -77.4851903, 2.2001301 ], [ -77.486095, 2.2184613 ], [ -77.4779162, 2.2367137 ], [ -77.4723367, 2.2422686 ], [ -77.4742567, 2.2631472 ], [ -77.4792771, 2.2646083 ], [ -77.4790223, 2.2736881 ], [ -77.4681742, 2.2749827 ], [ -77.4609046, 2.2851623 ], [ -77.4405456, 2.283592 ], [ -77.4089882, 2.2711514 ], [ -77.4001031, 2.2629415 ], [ -77.3837896, 2.2559507 ], [ -77.3737468, 2.2635243 ], [ -77.3568668, 2.2611022 ], [ -77.3371022, 2.2341359 ], [ -77.3227508, 2.2213066 ], [ -77.3227252, 2.2150928 ], [ -77.3166556, 2.2006391 ], [ -77.3100849, 2.2007977 ], [ -77.3079859, 2.194556 ], [ -77.3127424, 2.1914983 ], [ -77.3177012, 2.1813484 ], [ -77.305353, 2.1456057 ], [ -77.3110657, 2.1419585 ], [ -77.3102998, 2.1270315 ], [ -77.3079035, 2.1239144 ], [ -77.308118, 2.1053811 ], [ -77.311726299999989, 2.0965574 ], [ -77.3156875, 2.0943674 ], [ -77.319815, 2.0721714 ], [ -77.3341756, 2.0594573 ], [ -77.331082, 2.0491912 ], [ -77.3165947, 2.0432328 ], [ -77.3044562, 2.0314759 ], [ -77.3037202, 2.027989 ], [ -77.2793108, 2.0205694 ], [ -77.2724956, 2.0058158 ], [ -77.2683453, 2.0051378 ], [ -77.2561152, 1.993295 ], [ -77.2282185, 1.9906705 ], [ -77.220313, 1.9878286 ], [ -77.2094621, 1.9686399 ], [ -77.2088434, 1.9639561 ], [ -77.2046529, 1.9495156 ], [ -77.2113767, 1.9354443 ], [ -77.21707, 1.936633 ], [ -77.2199353, 1.9327026 ], [ -77.2153625, 1.9223362 ], [ -77.2190174, 1.9168057 ], [ -77.2244874, 1.9200774 ], [ -77.2417923, 1.9152561 ], [ -77.2457586, 1.910271 ], [ -77.2434794, 1.8875279 ], [ -77.2584643, 1.8685825 ], [ -77.2801273, 1.8608873 ], [ -77.280453100000017, 1.8506522 ], [ -77.2880984, 1.850083 ], [ -77.2877649, 1.8453513 ], [ -77.2948021, 1.8309639 ], [ -77.2959279, 1.8177663 ], [ -77.3022568, 1.8140286 ], [ -77.3054456, 1.8059681 ], [ -77.309394, 1.8046179 ], [ -77.3086305, 1.8002737 ], [ -77.3045981, 1.7995994 ], [ -77.3082027, 1.7871173 ], [ -77.3022747, 1.7818524 ], [ -77.2946758, 1.7670197 ], [ -77.3007649, 1.7555486 ], [ -77.2982797, 1.7531322 ], [ -77.3303847, 1.6815067 ], [ -77.298862, 1.6730641 ], [ -77.2981067, 1.6700194 ], [ -77.2962106, 1.6710066 ], [ -77.2856767, 1.6684894 ], [ -77.2851718, 1.6721205 ], [ -77.281147500000017, 1.673084 ], [ -77.2827462, 1.6697339 ], [ -77.2795481, 1.6693694 ], [ -77.2793751, 1.6637523 ], [ -77.26943, 1.6634303 ], [ -77.2619406, 1.6702265 ], [ -77.2563113, 1.6708432 ], [ -77.2555856, 1.665944 ], [ -77.2518347, 1.666728 ], [ -77.2438565, 1.6574746 ], [ -77.2314864, 1.661328 ], [ -77.2298634, 1.6596472 ], [ -77.2177196, 1.6691714 ], [ -77.1942187, 1.6755101 ], [ -77.1853064, 1.6760524 ], [ -77.1797843, 1.6745152 ], [ -77.172337200000015, 1.6776344 ], [ -77.1614795, 1.6760975 ], [ -77.1575365, 1.6822109 ], [ -77.1506468, 1.6855936 ], [ -77.1485513, 1.6796488 ], [ -77.1428097, 1.6771238 ], [ -77.1446284, 1.6687968 ], [ -77.1371796, 1.6550744 ], [ -77.1283284, 1.6591962 ], [ -77.0906167, 1.6625228 ], [ -77.0864853, 1.6662377 ], [ -77.0713833, 1.6701631 ], [ -77.0547054, 1.7006058 ], [ -77.0456237, 1.6977967 ], [ -77.0382421, 1.7074577 ], [ -77.0196025, 1.7142615 ], [ -77.0151045, 1.7143237 ], [ -76.999673, 1.7074648 ], [ -76.9938302, 1.7127519 ], [ -76.9672673, 1.7132106 ], [ -76.960624, 1.7220915 ], [ -76.9491149, 1.7249203 ], [ -76.9434834, 1.7273087 ], [ -76.9360847, 1.7290021 ], [ -76.9257228, 1.7184717 ], [ -76.9250733, 1.7076658 ], [ -76.916692, 1.7017304 ], [ -76.9085211, 1.6746234 ], [ -76.9003317, 1.6616732 ], [ -76.8950973, 1.6636151 ], [ -76.8713454, 1.6426837 ], [ -76.8610864, 1.6365404 ], [ -76.8563389, 1.6382373 ], [ -76.851508, 1.630206 ], [ -76.834132, 1.6144624 ], [ -76.8349364, 1.6056046 ], [ -76.8428711, 1.5820031 ], [ -76.8574836, 1.5642141 ], [ -76.8565451, 1.5431777 ], [ -76.8529103, 1.5401236 ], [ -76.8533492, 1.5322623 ], [ -76.8599574, 1.5213241 ], [ -76.8859107, 1.5233535 ], [ -76.906663, 1.5101957 ], [ -76.9121442, 1.5009387 ], [ -76.9288712, 1.5003025 ], [ -76.926659, 1.4916004 ], [ -76.9279437, 1.4800404 ], [ -76.9247735, 1.4715145 ], [ -76.9234286, 1.4402944 ], [ -76.918628400000017, 1.4265578 ], [ -76.9285745, 1.401172 ], [ -76.9318557, 1.3974096 ], [ -76.9307986, 1.3825921 ], [ -76.9258778, 1.3743367 ], [ -76.9265976, 1.3646579 ], [ -76.9195714, 1.3448677 ], [ -76.9148272, 1.3419625 ], [ -76.8944425, 1.3625439 ], [ -76.884948900000012, 1.3725912 ], [ -76.8764415, 1.3698613 ], [ -76.8610853, 1.3756369 ], [ -76.8496845, 1.3848002 ], [ -76.8257758, 1.3929514 ], [ -76.8134646, 1.4000773 ], [ -76.8038445, 1.4033871 ], [ -76.7974425, 1.4090103 ], [ -76.7916131, 1.4104648 ], [ -76.787902500000015, 1.4121369 ], [ -76.7766119, 1.4114006 ], [ -76.759981200000013, 1.4181036 ], [ -76.7347627, 1.4310679 ], [ -76.7245731, 1.4331715 ], [ -76.7179732, 1.439142 ], [ -76.6972212, 1.4439864 ], [ -76.6901779, 1.4537554 ], [ -76.6811647, 1.4594016 ], [ -76.6761027, 1.4663647 ], [ -76.6670094, 1.4667197 ], [ -76.6587979, 1.4587029 ], [ -76.6451923, 1.4545571 ], [ -76.6452381, 1.4509725 ], [ -76.6343123, 1.4410088 ], [ -76.6354381, 1.4335833 ], [ -76.6260207, 1.4283766 ], [ -76.6252291, 1.4231148 ], [ -76.6129894, 1.4230203 ], [ -76.6000807, 1.4113466 ], [ -76.6022337, 1.4065137 ], [ -76.5907926, 1.3960689 ], [ -76.5917792, 1.3911496 ], [ -76.5811666, 1.3904667 ], [ -76.574019, 1.3857579 ], [ -76.5795729, 1.3736118 ], [ -76.5766861, 1.364203 ], [ -76.5795971, 1.3511307 ], [ -76.5773755, 1.348716 ], [ -76.5843058, 1.3453112 ], [ -76.5828471, 1.3378654 ], [ -76.5708546, 1.3290424 ], [ -76.5857881, 1.3051431 ], [ -76.5853312, 1.2987756 ], [ -76.5735671, 1.2819148 ], [ -76.5718823, 1.2634927 ], [ -76.574024, 1.2577242 ], [ -76.5634554, 1.2480518 ], [ -76.5658046, 1.2388238 ], [ -76.5464378, 1.2236502 ], [ -76.538143, 1.2120805 ], [ -76.5419376, 1.181276 ], [ -76.5445954, 1.1777769 ], [ -76.5437097, 1.1601892 ], [ -76.5497771, 1.1469403 ], [ -76.550054100000011, 1.138764 ], [ -76.5466455, 1.1325278 ], [ -76.5504412, 1.1305692 ], [ -76.5492796, 1.1225158 ], [ -76.5537358, 1.1194847 ], [ -76.5538664, 1.1124856 ], [ -76.5586045, 1.1119504 ], [ -76.5595725, 1.1071138 ], [ -76.5672492, 1.1047552 ], [ -76.5613804, 1.094982 ], [ -76.5683289, 1.0884496 ], [ -76.5679771, 1.0823994 ], [ -76.5609116, 1.0847767 ], [ -76.5631907, 1.0726936 ], [ -76.5571473, 1.0704673 ], [ -76.5546586, 1.0657657 ], [ -76.5562417, 1.0623165 ], [ -76.548132, 1.0502786 ], [ -76.54497, 1.0376706 ], [ -76.5203609, 1.0299754 ], [ -76.4934557, 1.0281796 ], [ -76.4840924, 1.0053385 ], [ -76.4669466, 0.9989059 ], [ -76.4511093, 0.9825628 ], [ -76.4455675, 0.9814014 ], [ -76.4455703, 0.9708053 ], [ -76.4359143, 0.9682314 ], [ -76.4263543, 0.9605731 ], [ -76.4164418, 0.9632748 ], [ -76.4128092, 0.9606911 ], [ -76.4092965, 0.9632341 ], [ -76.4017147, 0.9799362 ], [ -76.38495, 0.9749332 ], [ -76.3706551, 0.9839031 ], [ -76.3479083, 0.9789275 ], [ -76.3442832, 0.9755358 ], [ -76.339553, 0.9806034 ], [ -76.3347448, 0.9798716 ], [ -76.3326456, 0.9723468 ], [ -76.3285104, 0.9691781 ], [ -76.3310132, 0.9588235 ], [ -76.3105701, 0.9657861 ], [ -76.2948614, 0.9614459 ], [ -76.2856503, 0.9690529 ], [ -76.2791722, 0.9822007 ], [ -76.2749218, 0.9833804 ], [ -76.2695068, 0.9708863 ], [ -76.2655289, 0.9695276 ], [ -76.2542435, 0.9780508 ], [ -76.2509793, 0.9814891 ], [ -76.246492, 0.9712366 ], [ -76.2391129, 0.9643565 ], [ -76.2336592, 0.9653031 ], [ -76.2382991, 0.9781129 ], [ -76.2364174, 0.9820412 ], [ -76.204989, 0.9797646 ], [ -76.1896581, 0.9948712 ], [ -76.1896724, 1.0037278 ], [ -76.19522, 1.0069472 ], [ -76.2053144, 1.0000827 ], [ -76.2086321, 1.0059398 ], [ -76.2042319, 1.0173675 ], [ -76.1997246, 1.0171813 ], [ -76.192194, 1.009634 ], [ -76.1822594, 1.0142176 ], [ -76.185221, 1.0231075 ], [ -76.182697, 1.0262383 ], [ -76.1690636, 1.0303646 ], [ -76.1506824, 1.0185114 ], [ -76.1464803, 1.0220855 ], [ -76.1442403, 1.0172273 ], [ -76.1300676, 1.0075359 ], [ -76.1224172, 1.0073789 ], [ -76.111761199999989, 1.0135036 ], [ -76.1034838, 1.0252882 ], [ -76.095791, 1.0196549 ], [ -76.0844387, 1.0201219 ], [ -76.0773669, 1.0242941 ], [ -76.0746405, 1.0310442 ], [ -76.0828424, 1.0465163 ], [ -76.0932613, 1.0498301 ], [ -76.0923064, 1.0562961 ], [ -76.086056, 1.0578823 ], [ -76.0803961, 1.0628597 ], [ -76.0915325, 1.0710868 ], [ -76.1002188, 1.0679074 ], [ -76.1023498, 1.0781094 ], [ -76.1140003, 1.0856263 ], [ -76.1242486, 1.0879156 ], [ -76.1234114, 1.1006441 ], [ -76.134459, 1.1007298 ], [ -76.1384586, 1.0992776 ], [ -76.1432655, 1.1004455 ], [ -76.1454468, 1.102778 ], [ -76.1483469, 1.0999905 ], [ -76.1484816, 1.104628 ], [ -76.1526532, 1.1043123 ], [ -76.1530079, 1.1100484 ], [ -76.1566564, 1.1105579 ], [ -76.1566112, 1.1144265 ], [ -76.1606954, 1.1161158 ], [ -76.1632414, 1.1075215 ], [ -76.165808700000014, 1.1068584 ], [ -76.1681487, 1.111046 ], [ -76.1794112, 1.1054331 ], [ -76.1946647, 1.1071483 ], [ -76.2053763, 1.1159799 ], [ -76.2139749, 1.1160842 ], [ -76.2135671, 1.1086313 ], [ -76.2292165, 1.1187862 ], [ -76.2312909, 1.1173573 ], [ -76.2334227, 1.1225916 ], [ -76.2385212, 1.1231733 ], [ -76.2384866, 1.119393 ], [ -76.2451655, 1.120998 ], [ -76.2494863, 1.1190134 ], [ -76.2610908, 1.1231976 ], [ -76.2804595, 1.1379112 ], [ -76.2841572, 1.1566426 ], [ -76.2871156, 1.1579631 ], [ -76.2865945, 1.1715195 ], [ -76.2933064, 1.1790869 ], [ -76.3026308, 1.1764567 ], [ -76.2952772, 1.1854877 ], [ -76.2998144, 1.1929127 ], [ -76.2901974, 1.2011754 ], [ -76.2902376, 1.2103132 ], [ -76.3062152, 1.2286306 ], [ -76.3031825, 1.2294498 ], [ -76.3019796, 1.2370273 ], [ -76.294045, 1.2416371 ], [ -76.2848917, 1.2512529 ], [ -76.2762527, 1.2648995 ], [ -76.2688549, 1.2664942 ], [ -76.2594495, 1.2759174 ], [ -76.2552899, 1.2744686 ], [ -76.2492658, 1.2869916 ], [ -76.2523972, 1.2887392 ], [ -76.2441233, 1.2931268 ], [ -76.246283800000015, 1.3014417 ], [ -76.2420346, 1.3014941 ], [ -76.2313288, 1.3091852 ], [ -76.2242475, 1.3233361 ], [ -76.2141138, 1.3205579 ], [ -76.2167468, 1.323089 ], [ -76.21383560000001, 1.3301465 ], [ -76.2195376, 1.3321469 ], [ -76.2229313, 1.3381266 ], [ -76.2181521, 1.3415924 ], [ -76.2110537, 1.3466682 ], [ -76.2055267, 1.3534323 ], [ -76.1996619, 1.373812 ], [ -76.2019542, 1.3851343 ], [ -76.1993231, 1.3902246 ], [ -76.2003666, 1.4033383 ], [ -76.196164, 1.4086195 ], [ -76.2015557, 1.4173271 ], [ -76.2002025, 1.4228547 ], [ -76.1978294, 1.4199824 ], [ -76.1930308, 1.4211288 ], [ -76.185703, 1.4417473 ], [ -76.1758313, 1.451055 ], [ -76.1792162, 1.4601708 ], [ -76.1853469, 1.4586455 ], [ -76.1822256, 1.4822918 ], [ -76.1838375, 1.4879698 ], [ -76.170466, 1.5091332 ], [ -76.164242, 1.5097167 ], [ -76.165438, 1.5147582 ], [ -76.1491644, 1.536929 ], [ -76.1518301, 1.5395791 ], [ -76.1480507, 1.5448906 ], [ -76.1537916, 1.5514246 ], [ -76.156255, 1.5536092 ], [ -76.1542702, 1.5614149 ], [ -76.152029, 1.5616811 ], [ -76.1618881, 1.5832959 ], [ -76.1709219, 1.5877109 ], [ -76.1841511, 1.5737783 ], [ -76.1871111, 1.5748443 ], [ -76.190984899999989, 1.5718748 ], [ -76.2026823, 1.5801458 ], [ -76.1999317, 1.5887332 ], [ -76.2098112, 1.6009399 ], [ -76.2109845, 1.6093423 ], [ -76.2083026, 1.615526 ], [ -76.2093636, 1.626655 ], [ -76.2148986, 1.6358291 ], [ -76.2114375, 1.6396664 ], [ -76.2279122, 1.6623819 ], [ -76.2269476, 1.6661094 ], [ -76.2331735, 1.6670131 ], [ -76.24257, 1.6831255 ], [ -76.2529778, 1.6742835 ], [ -76.2657512, 1.677046 ], [ -76.272336, 1.6745025 ], [ -76.2837423, 1.6780888 ], [ -76.2879255, 1.6854812 ], [ -76.3049798, 1.6900242 ], [ -76.3180185, 1.6825509 ], [ -76.3252138, 1.6632447 ], [ -76.3419248, 1.6644676 ], [ -76.3483369, 1.6618121 ], [ -76.3579842, 1.6676705 ], [ -76.3671817, 1.6694516 ], [ -76.3707775, 1.664365 ], [ -76.3790615, 1.6654101 ], [ -76.382289, 1.6684149 ], [ -76.378266, 1.6757081 ], [ -76.3796049, 1.6808505 ], [ -76.3755829, 1.6835534 ], [ -76.3774042, 1.7006566 ], [ -76.3737453, 1.7115052 ], [ -76.375022500000014, 1.7171452 ], [ -76.3699611, 1.7316712 ], [ -76.3734321, 1.7351666 ], [ -76.3712367, 1.7416022 ], [ -76.3808596, 1.7471227 ], [ -76.4056586, 1.7316843 ], [ -76.4158979, 1.7165469 ], [ -76.4268589, 1.7286267 ], [ -76.4303267, 1.74193 ], [ -76.423286100000013, 1.7473274 ], [ -76.4210167, 1.7563789 ], [ -76.4351262, 1.7918003 ], [ -76.4499898, 1.7986368 ], [ -76.4706914, 1.8158104 ], [ -76.4895644, 1.8260815 ], [ -76.4982855, 1.8256889 ], [ -76.5021094, 1.8295557 ], [ -76.5070345, 1.8288912 ], [ -76.5100326, 1.8330315 ], [ -76.51635, 1.8324604 ], [ -76.5222035, 1.8272494 ], [ -76.5210971, 1.8251079 ], [ -76.5304483, 1.8235375 ], [ -76.547346, 1.8408532 ], [ -76.556073900000015, 1.8384191 ], [ -76.5689099, 1.8505145 ], [ -76.5687258, 1.855204 ], [ -76.5903068, 1.8681582 ], [ -76.5917321, 1.8819617 ], [ -76.583985, 1.88669 ], [ -76.5787975, 1.898084 ], [ -76.5852717, 1.9037467 ], [ -76.5866863, 1.9092411 ], [ -76.5956569, 1.9203294 ], [ -76.60665, 1.9220426 ], [ -76.619284900000011, 1.9265398 ], [ -76.6190575, 1.9315476 ], [ -76.6109376, 1.9476387 ], [ -76.6220182, 1.9586675 ], [ -76.624259, 1.9738477 ], [ -76.607729, 1.9962859 ], [ -76.6000329, 1.9973922 ], [ -76.5893631, 2.0055689 ], [ -76.5873847, 2.0004106 ], [ -76.5792326, 2.0017492 ], [ -76.5782237, 2.011781 ], [ -76.5727414, 2.0189384 ], [ -76.5738455, 2.0298839 ], [ -76.5803438, 2.0291177 ], [ -76.5857425, 2.033968 ], [ -76.5854749, 2.0424302 ], [ -76.5777077, 2.0583904 ], [ -76.5828856, 2.087462 ], [ -76.5900489, 2.0968546 ], [ -76.589777, 2.1084232 ], [ -76.5749699, 2.1186034 ], [ -76.5689494, 2.1276863 ], [ -76.5529188, 2.1397193 ], [ -76.5418098, 2.1340044 ], [ -76.511224, 2.1345217 ], [ -76.503229, 2.1262055 ], [ -76.4874175, 2.1290608 ], [ -76.4806003, 2.110858 ], [ -76.4746041, 2.1091805 ], [ -76.4716773, 2.1017208 ], [ -76.4650386, 2.1008642 ], [ -76.4510831, 2.114677 ], [ -76.4309172, 2.1203877 ], [ -76.4243142, 2.1303815 ], [ -76.4375297, 2.1622538 ], [ -76.431819, 2.1715694 ], [ -76.4363519, 2.1782795 ], [ -76.4336726, 2.1881066 ], [ -76.4153079, 2.1936889 ], [ -76.4031792, 2.2035641 ], [ -76.3952675, 2.2349135 ], [ -76.3892049, 2.2447143 ], [ -76.3912414, 2.247324 ], [ -76.384065, 2.2695957 ], [ -76.3732614, 2.2790894 ], [ -76.3634651, 2.2773457 ], [ -76.3604759, 2.2707032 ], [ -76.3405483, 2.2732772 ], [ -76.3203961, 2.2809104 ], [ -76.3015314, 2.2832178 ], [ -76.2871855, 2.273989 ], [ -76.27516390000001, 2.2702307 ], [ -76.269792, 2.2618926 ], [ -76.2493878, 2.2461595 ], [ -76.2383484, 2.2277086 ], [ -76.2325698, 2.2258742 ], [ -76.2184542, 2.2068485 ], [ -76.2125034, 2.2052621 ], [ -76.2082495, 2.1979958 ], [ -76.1927919, 2.1961473 ], [ -76.1720607, 2.1975206 ], [ -76.1534018, 2.1988751 ], [ -76.1417589, 2.2071682 ], [ -76.1393798, 2.2118519 ], [ -76.1364243, 2.2207572 ], [ -76.1212682, 2.2251722 ], [ -76.1464518, 2.2940191 ], [ -76.1251504, 2.3806122 ], [ -76.1202153, 2.3905326 ], [ -76.1088991, 2.3962091 ], [ -76.1006508, 2.4059802 ], [ -76.0982053, 2.4094554 ], [ -76.0933622, 2.4100548 ], [ -76.0893379, 2.4158442 ], [ -76.0444745, 2.4032145 ], [ -76.0395768, 2.4006461 ], [ -76.0321731, 2.4030711 ], [ -76.0208758, 2.438109 ], [ -76.0218981, 2.4436029 ], [ -75.998711, 2.4678408 ], [ -75.9940456, 2.4772693 ], [ -75.9875143, 2.4831555 ], [ -75.9858292, 2.492932 ], [ -75.9772113, 2.5040408 ], [ -75.9618155, 2.4976874 ], [ -75.9580552, 2.4902509 ], [ -75.9526906, 2.4870979 ], [ -75.9375239, 2.4881783 ], [ -75.9371136, 2.4840403 ], [ -75.9311674, 2.4782387 ], [ -75.9289365, 2.4813027 ], [ -75.9243792, 2.4813889 ], [ -75.920897700000012, 2.4739609 ], [ -75.9172178, 2.4740257 ], [ -75.917778500000011, 2.4574222 ], [ -75.9121847, 2.4551201 ], [ -75.910087800000014, 2.446094 ], [ -75.9057299, 2.4420822 ], [ -75.9013648, 2.442814 ], [ -75.8944552, 2.4367987 ], [ -75.8947073, 2.4335799 ], [ -75.8889609, 2.4344127 ], [ -75.8904499, 2.4304685 ], [ -75.8871207, 2.4297844 ], [ -75.8871431, 2.4250654 ], [ -75.8844065, 2.4293784 ], [ -75.8808693, 2.4277466 ], [ -75.8722807, 2.4315804 ], [ -75.8745342, 2.426392 ], [ -75.8638043, 2.4261646 ], [ -75.8558005, 2.4352018 ], [ -75.8563205, 2.4388325 ], [ -75.8602856, 2.4398289 ], [ -75.8513917, 2.4514768 ], [ -75.8475932, 2.450349 ], [ -75.8456168, 2.4529248 ], [ -75.84921, 2.4574793 ], [ -75.8447478, 2.460298 ], [ -75.8366671, 2.4603503 ], [ -75.8366216, 2.4644947 ], [ -75.842141, 2.4625962 ], [ -75.8431012, 2.4663428 ], [ -75.8287024, 2.4762629 ], [ -75.8291692, 2.479439 ], [ -75.8266295, 2.480214 ], [ -75.8258129, 2.4759013 ], [ -75.8230707, 2.4833324 ], [ -75.8141447, 2.4837711 ], [ -75.8226643, 2.4954211 ], [ -75.8199093, 2.5199982 ], [ -75.8255752, 2.5270786 ], [ -75.8375083, 2.5408453 ], [ -75.8338895, 2.5444002 ], [ -75.8362672, 2.555881 ], [ -75.839245, 2.5573192 ], [ -75.8351963, 2.5687799 ], [ -75.8310072, 2.5715926 ], [ -75.8245574, 2.5815677 ], [ -75.8239055, 2.5913989 ], [ -75.8197264, 2.5959818 ], [ -75.8152078, 2.5951699 ], [ -75.8064146, 2.6052919 ], [ -75.8081113, 2.6075165 ], [ -75.8006504, 2.6229776 ], [ -75.7946419, 2.6263659 ], [ -75.7965619, 2.6289323 ], [ -75.7910192, 2.6303961 ], [ -75.7890539, 2.6352716 ], [ -75.790971, 2.6512273 ], [ -75.7884773, 2.6585277 ], [ -75.7822229, 2.6582842 ], [ -75.7743923, 2.6685194 ], [ -75.7698405, 2.6773598 ], [ -75.757713, 2.6812903 ], [ -75.7548109, 2.698594 ], [ -75.7532603, 2.6972108 ], [ -75.7540472, 2.7064154 ], [ -75.7519328, 2.7148214 ], [ -75.7478242, 2.7195114 ], [ -75.7539945, 2.7358416 ], [ -75.7515046, 2.7426906 ], [ -75.7676946, 2.7532045 ], [ -75.7770809, 2.7543568 ], [ -75.7801845, 2.7618196 ], [ -75.7837739, 2.7633088 ], [ -75.7904482, 2.7591375 ], [ -75.7917127, 2.7617032 ], [ -75.8034559, 2.7688159 ], [ -75.8047311, 2.7672594 ], [ -75.8117292, 2.7797236 ], [ -75.8047908, 2.8081222 ], [ -75.8071851, 2.8104871 ], [ -75.8061277, 2.8202879 ], [ -75.8145711, 2.822468 ], [ -75.8180776, 2.8304318 ], [ -75.8272702, 2.8383838 ], [ -75.8475779, 2.8424067 ], [ -75.8762107, 2.8332747 ], [ -75.880693, 2.8350675 ], [ -75.8958502, 2.855645 ], [ -76.0293722, 2.9416624 ], [ -76.0250954, 2.9635968 ], [ -76.0291709, 2.97192 ], [ -76.0250059, 2.9896405 ], [ -76.0201822, 2.9954077 ], [ -76.021193900000014, 3.0045744 ], [ -76.0413044, 3.0158792 ], [ -76.0393405, 3.025827 ], [ -76.0446327, 3.0340736 ], [ -76.0459041, 3.0436664 ], [ -76.0581615, 3.0422021 ], [ -76.0616922, 3.0465175 ], [ -76.0730198, 3.049813 ], [ -76.0711844, 3.0677243 ], [ -76.0744108, 3.0786558 ], [ -76.0827955, 3.0909127 ], [ -76.0923856, 3.0969218 ], [ -76.1029773, 3.096118 ], [ -76.1051439, 3.1070887 ], [ -76.0900011, 3.1140604 ], [ -76.0846803, 3.1132707 ], [ -76.082544, 3.1174505 ], [ -76.0774217, 3.1181634 ], [ -76.0736471, 3.1231837 ], [ -76.0758742, 3.1337219 ], [ -76.0726509, 3.1396328 ], [ -76.0788751, 3.1515145 ], [ -76.0856873, 3.1559039 ], [ -76.0778601, 3.1646735 ], [ -76.0834598, 3.1726886 ], [ -76.0918726, 3.1759887 ], [ -76.0915423, 3.1982974 ], [ -76.0851223, 3.2033873 ], [ -76.0740431, 3.2002334 ], [ -76.0693175, 3.1956606 ], [ -76.0584566, 3.2054564 ], [ -76.0519867, 3.2183533 ], [ -76.0552785, 3.2212513 ], [ -76.0618826, 3.2130259 ], [ -76.0683109, 3.2108102 ], [ -76.1091076, 3.2276032 ], [ -76.118741, 3.222352 ], [ -76.1316935, 3.2237418 ], [ -76.150076, 3.2255056 ], [ -76.152977, 3.2340737 ], [ -76.1565639, 3.2359996 ], [ -76.1646811, 3.2349138 ], [ -76.1675708, 3.2308134 ], [ -76.1804486, 3.232827 ], [ -76.1880793, 3.2279427 ], [ -76.1917807, 3.2278503 ], [ -76.2026068, 3.2437425 ], [ -76.2074551, 3.2594053 ], [ -76.231176499999989, 3.2770739 ], [ -76.2454677, 3.2764034 ], [ -76.2638936, 3.281674 ], [ -76.2758069, 3.2772553 ], [ -76.2828302, 3.2830103 ], [ -76.2864712, 3.2818148 ], [ -76.2947692, 3.2857399 ], [ -76.2981852, 3.2866248 ], [ -76.3070226, 3.283952 ], [ -76.3116531, 3.2804889 ], [ -76.3161743, 3.282421 ], [ -76.3256083, 3.2808086 ], [ -76.3313583, 3.2822036 ], [ -76.3434939, 3.2811507 ], [ -76.3597267, 3.2892792 ], [ -76.3669588, 3.2873269 ], [ -76.405763, 3.2983229 ], [ -76.4180406, 3.3106694 ], [ -76.4491357, 3.3185511 ], [ -76.4576256, 3.3287229 ], [ -76.4603229, 3.3281683 ] ], [ [ -75.8513917, 2.4514768 ], [ -75.853899, 2.4535484 ], [ -75.85093, 2.4556389 ], [ -75.8513917, 2.4514768 ] ] ] ] } },
{ "type": "Feature", "properties": { "id": "50", "name": "META", "label": "Meta", "n_especies": 17022.0, "n_registros": 1890657.0 }, "geometry": { "type": "MultiPolygon", "coordinates": [ [ [ [ -71.077931, 4.8991013 ], [ -71.0817896, 4.8947787 ], [ -71.0933172, 4.8926618 ], [ -71.1073229, 4.8831261 ], [ -71.1107915, 4.8761029 ], [ -71.1468202, 4.8635196 ], [ -71.1706922, 4.8416629 ], [ -71.1988901, 4.8235537 ], [ -71.2150231, 4.8165752 ], [ -71.2389332, 4.817718 ], [ -71.2764338, 4.7990377 ], [ -71.286587, 4.8037305 ], [ -71.3140442, 4.7775831 ], [ -71.3215977, 4.7673401 ], [ -71.3305017, 4.7674526 ], [ -71.3507594, 4.7564758 ], [ -71.3780313, 4.7514536 ], [ -71.3865413, 4.7568933 ], [ -71.3929887, 4.7551047 ], [ -71.4117852, 4.7360493 ], [ -71.429298, 4.7232921 ], [ -71.5107669, 4.6972883 ], [ -71.5207656, 4.6835713 ], [ -71.5661672, 4.6788057 ], [ -71.5798476, 4.6727428 ], [ -71.5979265, 4.6452688 ], [ -71.6279691, 4.6306217 ], [ -71.6345623, 4.6226785 ], [ -71.651004, 4.6132337 ], [ -71.6684797, 4.6104743 ], [ -71.7008647, 4.5935686 ], [ -71.7327029, 4.5752185 ], [ -71.7563388, 4.5775891 ], [ -71.7626146, 4.5813167 ], [ -71.7784811, 4.5806417 ], [ -71.7870498, 4.5860826 ], [ -71.802296, 4.5852987 ], [ -71.8093238, 4.581519 ], [ -71.819394, 4.557476 ], [ -71.830799, 4.5455875 ], [ -71.850069, 4.5327125 ], [ -71.8707825, 4.5034879 ], [ -71.8906141, 4.4966195 ], [ -71.8997927, 4.4875971 ], [ -71.9049911, 4.4677507 ], [ -71.9188956, 4.4527846 ], [ -71.9330184, 4.4464809 ], [ -71.9402433, 4.4344564 ], [ -71.9566532, 4.4203253 ], [ -71.9565042, 4.4120121 ], [ -71.9709067, 4.4078033 ], [ -71.9753446, 4.3939656 ], [ -71.9902958, 4.3835383 ], [ -72.0267512, 4.3869777 ], [ -72.0565876, 4.3742991 ], [ -72.0618734, 4.3759716 ], [ -72.0718606, 4.386955 ], [ -72.0730101, 4.3952046 ], [ -72.0684435, 4.4017712 ], [ -72.0721837, 4.4089357 ], [ -72.1195701, 4.4339495 ], [ -72.1558868, 4.4411397 ], [ -72.1747438, 4.4364218 ], [ -72.1751101, 4.4335819 ], [ -72.1985165, 4.4285291 ], [ -72.2080707, 4.4330454 ], [ -72.2263981, 4.4327997 ], [ -72.2345361, 4.435545 ], [ -72.246116, 4.4332791 ], [ -72.2578457, 4.4178956 ], [ -72.290705, 4.4156405 ], [ -72.2988288, 4.4094081 ], [ -72.3031042, 4.4082321 ], [ -72.309497800000017, 4.3842446 ], [ -72.3239993, 4.3694435 ], [ -72.3399059, 4.3724633 ], [ -72.3433517, 4.3702735 ], [ -72.3411798, 4.3625759 ], [ -72.3537185, 4.3443547 ], [ -72.3760257, 4.3350742 ], [ -72.3894046, 4.3318956 ], [ -72.4001042, 4.3202332 ], [ -72.4079685, 4.317719 ], [ -72.4181856, 4.3240211 ], [ -72.4151011, 4.3414312 ], [ -72.4182236, 4.3484146 ], [ -72.4296785, 4.3536501 ], [ -72.4383115, 4.3484292 ], [ -72.4437863, 4.3389918 ], [ -72.4507742, 4.3350329 ], [ -72.4529101, 4.3274291 ], [ -72.463361, 4.3226506 ], [ -72.4659967, 4.3176091 ], [ -72.4830246, 4.3269867 ], [ -72.4929164, 4.3272822 ], [ -72.5155458, 4.3386792 ], [ -72.5343365, 4.3405956 ], [ -72.543147, 4.3537235 ], [ -72.5506931, 4.3541314 ], [ -72.5534613, 4.3387111 ], [ -72.568686700000015, 4.3313624 ], [ -72.5743671, 4.3226797 ], [ -72.569416, 4.3071094 ], [ -72.5730224, 4.3024227 ], [ -72.5812584, 4.3009857 ], [ -72.5964508, 4.3126373 ], [ -72.6078903, 4.3152119 ], [ -72.6301236, 4.3039985 ], [ -72.6378471, 4.3053374 ], [ -72.6416743, 4.3028584 ], [ -72.6581235, 4.3165295 ], [ -72.6780058, 4.3170675 ], [ -72.6857484, 4.3145687 ], [ -72.6879006, 4.3074902 ], [ -72.6872631, 4.2925459 ], [ -72.6924221, 4.2875722 ], [ -72.716446, 4.2932743 ], [ -72.7298868, 4.3085907 ], [ -72.7398122, 4.3097353 ], [ -72.7395588, 4.3223475 ], [ -72.744599, 4.3273157 ], [ -72.7703017, 4.3343298 ], [ -72.7624465, 4.3465539 ], [ -72.7656541, 4.3496079 ], [ -72.7753425, 4.3463554 ], [ -72.7789897, 4.3497194 ], [ -72.7786712, 4.3558157 ], [ -72.7712365, 4.3538147 ], [ -72.766653, 4.3573411 ], [ -72.7680103, 4.3649717 ], [ -72.7737342, 4.3706064 ], [ -72.7911016, 4.3743246 ], [ -72.7997842, 4.3768797 ], [ -72.8000421, 4.3826199 ], [ -72.7897163, 4.3896451 ], [ -72.7874016, 4.394606 ], [ -72.7933068, 4.3992325 ], [ -72.8050656, 4.3959737 ], [ -72.8111923, 4.4100346 ], [ -72.8235742, 4.415339 ], [ -72.8248952, 4.4194725 ], [ -72.8136502, 4.4222407 ], [ -72.8122518, 4.428012 ], [ -72.8182973, 4.4318937 ], [ -72.8243895, 4.4282826 ], [ -72.8330245, 4.4323061 ], [ -72.8415372, 4.4316785 ], [ -72.8545747, 4.4516475 ], [ -72.8618997, 4.4537351 ], [ -72.8684054, 4.450161 ], [ -72.8763015, 4.4622849 ], [ -72.8871992, 4.4689879 ], [ -72.8971966, 4.4753663 ], [ -72.9021038, 4.4855152 ], [ -72.9026659, 4.4962061 ], [ -72.9234488, 4.520401 ], [ -72.937927, 4.5227408 ], [ -72.9408919, 4.5361616 ], [ -72.946776, 4.5469844 ], [ -72.9520488, 4.5492839 ], [ -72.9512458, 4.5623713 ], [ -72.9620763, 4.5716059 ], [ -72.9689549, 4.6002126 ], [ -72.9779552, 4.6102659 ], [ -72.9918036, 4.6172615 ], [ -72.9968719, 4.6170473 ], [ -73.0098637, 4.6336798 ], [ -73.0168594, 4.6356071 ], [ -73.0168594, 4.6473854 ], [ -73.0279952, 4.6538814 ], [ -73.0541678, 4.7033525 ], [ -73.051276500000014, 4.7218991 ], [ -73.047908, 4.7288379 ], [ -73.052557, 4.7363248 ], [ -73.1249122, 4.2570046 ], [ -73.1372163, 4.2127489 ], [ -73.1400574, 4.213259 ], [ -73.1397156, 4.2188537 ], [ -73.1461249, 4.2164413 ], [ -73.1488275, 4.2182411 ], [ -73.1444829, 4.2229286 ], [ -73.1470916, 4.2280427 ], [ -73.1496001, 4.2213185 ], [ -73.1572693, 4.2314527 ], [ -73.1699769, 4.2377715 ], [ -73.170241, 4.2460545 ], [ -73.1731945, 4.2479038 ], [ -73.1762192, 4.2438187 ], [ -73.1873825, 4.257725 ], [ -73.1914876, 4.257619 ], [ -73.1928402, 4.2645597 ], [ -73.200530300000011, 4.2680157 ], [ -73.2065062, 4.2733564 ], [ -73.2336497, 4.284922 ], [ -73.2618464, 4.293759 ], [ -73.2663391, 4.2905478 ], [ -73.2863402, 4.2987054 ], [ -73.3261213, 4.3061842 ], [ -73.3505834, 4.3203033 ], [ -73.3951236, 4.3161506 ], [ -73.417080400000017, 4.3099049 ], [ -73.4224252, 4.3057254 ], [ -73.430872, 4.3060115 ], [ -73.441020900000012, 4.2923208 ], [ -73.4556262, 4.2873767 ], [ -73.462218, 4.2792169 ], [ -73.4722842, 4.2765576 ], [ -73.484317, 4.2857171 ], [ -73.4933945, 4.286877 ], [ -73.49579, 4.2842697 ], [ -73.5334492, 4.2986996 ], [ -73.5510971, 4.3085142 ], [ -73.5540731, 4.318216 ], [ -73.5492216, 4.329096 ], [ -73.554787300000015, 4.3388057 ], [ -73.5537957, 4.3502155 ], [ -73.5717024, 4.3744258 ], [ -73.5746617, 4.3945014 ], [ -73.5767347, 4.3966382 ], [ -73.57257, 4.4199121 ], [ -73.5892976, 4.4352875 ], [ -73.5925348, 4.4462192 ], [ -73.6031108, 4.4556892 ], [ -73.6024143, 4.4620596 ], [ -73.5991347, 4.4633044 ], [ -73.6009821, 4.4701357 ], [ -73.5968056, 4.4853495 ], [ -73.590748, 4.4920268 ], [ -73.5777576, 4.496379 ], [ -73.5733622, 4.520643 ], [ -73.5679755, 4.5264996 ], [ -73.5801133, 4.543507 ], [ -73.5935699, 4.5452373 ], [ -73.6089032, 4.5562352 ], [ -73.6152428, 4.5563809 ], [ -73.617192, 4.5604154 ], [ -73.6226223, 4.5621294 ], [ -73.629616, 4.5585388 ], [ -73.6400377, 4.5474467 ], [ -73.6518066, 4.5452718 ], [ -73.6611713, 4.5469729 ], [ -73.6746515, 4.5334154 ], [ -73.688638, 4.5267065 ], [ -73.6869495, 4.5191112 ], [ -73.7093863, 4.516874 ], [ -73.7222239, 4.5031859 ], [ -73.7252418, 4.5038566 ], [ -73.7331808, 4.4883275 ], [ -73.7389463, 4.4853565 ], [ -73.7340617, 4.4809312 ], [ -73.7340883, 4.4707389 ], [ -73.7388249, 4.4601541 ], [ -73.746103, 4.4554621 ], [ -73.7557508, 4.4621865 ], [ -73.7655158, 4.4492808 ], [ -73.769682, 4.451897 ], [ -73.7831776, 4.4483424 ], [ -73.7980026, 4.43316 ], [ -73.8076412, 4.4192562 ], [ -73.8113263, 4.4004139 ], [ -73.8041328, 4.3925481 ], [ -73.7988554, 4.3830385 ], [ -73.7930224, 4.3812696 ], [ -73.7950002, 4.3622332 ], [ -73.7916515, 4.3593652 ], [ -73.792638900000014, 4.3525246 ], [ -73.7834174, 4.3272067 ], [ -73.7836368, 4.3003372 ], [ -73.7711154, 4.2946672 ], [ -73.7614291, 4.2786966 ], [ -73.744419, 4.2673565 ], [ -73.7580987, 4.2452279 ], [ -73.7599617, 4.2341575 ], [ -73.754648, 4.226192 ], [ -73.7537909, 4.2118351 ], [ -73.7487802, 4.2017883 ], [ -73.7425934, 4.1980228 ], [ -73.75037, 4.1935281 ], [ -73.7916113, 4.2005101 ], [ -73.8055056, 4.1978898 ], [ -73.8096346, 4.203696 ], [ -73.8150678, 4.1994274 ], [ -73.819, 4.1818991 ], [ -73.8256165, 4.1700192 ], [ -73.8412222, 4.1772528 ], [ -73.8482394, 4.1760776 ], [ -73.8530766, 4.171527 ], [ -73.8616258, 4.1715077 ], [ -73.8718195, 4.1671897 ], [ -73.8801965, 4.1541211 ], [ -73.8930951, 4.1473635 ], [ -73.8958254, 4.1426408 ], [ -73.9173405, 4.1488113 ], [ -73.9207532, 4.1439208 ], [ -73.9272364, 4.1439513 ], [ -73.9291542, 4.1493812 ], [ -73.9333989, 4.1488273 ], [ -73.9403263, 4.1296501 ], [ -73.9446564, 4.1278742 ], [ -73.9453921, 4.1178416 ], [ -73.9514543, 4.1117089 ], [ -73.9567361, 4.0990857 ], [ -73.9669181, 4.0907187 ], [ -73.9739732, 4.0934774 ], [ -73.9742798, 4.1023214 ], [ -73.9827788, 4.1092883 ], [ -73.9918607, 4.1029107 ], [ -74.001527200000012, 4.1033267 ], [ -74.0045849, 4.1100514 ], [ -74.0157139, 4.0982366 ], [ -74.0231245, 4.0997587 ], [ -74.0300009, 4.0846678 ], [ -74.0353423, 4.0830224 ], [ -74.0368109, 4.0707788 ], [ -74.0324356, 4.0674905 ], [ -74.034888, 4.0608402 ], [ -74.0485152, 4.0646136 ], [ -74.062734, 4.0556708 ], [ -74.0638528, 4.0613163 ], [ -74.0714675, 4.0562023 ], [ -74.0818126, 4.0348217 ], [ -74.0997419, 4.0154013 ], [ -74.0997418, 4.0131443 ], [ -74.1249667, 4.0082419 ], [ -74.1241277, 4.0013194 ], [ -74.1358847, 4.001167 ], [ -74.15264280000001, 4.0056808 ], [ -74.1554836, 4.014457 ], [ -74.160719700000016, 4.0178264 ], [ -74.1723538, 4.0159551 ], [ -74.1754231, 4.0179875 ], [ -74.1828771, 4.0095781 ], [ -74.1973045, 4.0162959 ], [ -74.217383, 4.0108962 ], [ -74.2322755, 3.9844461 ], [ -74.2448213, 3.9538569 ], [ -74.2515706, 3.9476768 ], [ -74.2587045, 3.9494784 ], [ -74.2568566, 3.9275049 ], [ -74.2722186, 3.9261512 ], [ -74.2777625, 3.9080285 ], [ -74.2975218, 3.8832848 ], [ -74.3056293, 3.8838578 ], [ -74.3100348, 3.8883283 ], [ -74.317512, 3.8791288 ], [ -74.3040173, 3.8504929 ], [ -74.3069994, 3.8403012 ], [ -74.298257, 3.8376764 ], [ -74.2938197, 3.8289662 ], [ -74.297578700000017, 3.817937 ], [ -74.3061523, 3.8187695 ], [ -74.3168828, 3.8152323 ], [ -74.3188826, 3.8242582 ], [ -74.327238, 3.8266724 ], [ -74.3292051, 3.8221463 ], [ -74.3358314, 3.8215306 ], [ -74.3387315, 3.8105553 ], [ -74.3435494, 3.8124757 ], [ -74.3536814, 3.8069641 ], [ -74.3523123, 3.8014171 ], [ -74.3637829, 3.7859149 ], [ -74.3695086, 3.7872751 ], [ -74.3771053, 3.782882 ], [ -74.3768322, 3.7782434 ], [ -74.393868400000017, 3.7693269 ], [ -74.3871356, 3.7599029 ], [ -74.38789, 3.7519919 ], [ -74.3914241, 3.7506438 ], [ -74.3965687, 3.7540457 ], [ -74.4015638, 3.7374222 ], [ -74.4147306, 3.7412101 ], [ -74.4161006, 3.7310117 ], [ -74.4130318, 3.7247281 ], [ -74.420089, 3.7170701 ], [ -74.4255531, 3.7078806 ], [ -74.4377437, 3.7086315 ], [ -74.4383867, 3.6987771 ], [ -74.4437506, 3.6931416 ], [ -74.45185, 3.6914024 ], [ -74.4619597, 3.6666491 ], [ -74.4656405, 3.6637308 ], [ -74.4779353, 3.6643104 ], [ -74.4808402, 3.6680577 ], [ -74.4989051, 3.6487983 ], [ -74.5060561, 3.6409475 ], [ -74.5101261, 3.6279293 ], [ -74.514591, 3.6000745 ], [ -74.5225184, 3.5981653 ], [ -74.5279122, 3.5856744 ], [ -74.5246564, 3.5784725 ], [ -74.5674318, 3.5218611 ], [ -74.5718218, 3.5252739 ], [ -74.5796055, 3.5232447 ], [ -74.5824373, 3.5288141 ], [ -74.5906651, 3.5273266 ], [ -74.5928958, 3.5210556 ], [ -74.6035919, 3.5131386 ], [ -74.6109774, 3.498118 ], [ -74.6176815, 3.4886205 ], [ -74.6305311, 3.4713014 ], [ -74.6296621, 3.4680011 ], [ -74.6155135, 3.4595368 ], [ -74.6119085, 3.4459747 ], [ -74.6178677, 3.4318215 ], [ -74.613647, 3.419283 ], [ -74.6056675, 3.4141416 ], [ -74.6119085, 3.4031427 ], [ -74.6245362, 3.391359 ], [ -74.6221429, 3.3782832 ], [ -74.6398433, 3.3683671 ], [ -74.6276018, 3.3474616 ], [ -74.6178677, 3.3305145 ], [ -74.6165642, 3.3210169 ], [ -74.6260617, 3.2997872 ], [ -74.6163276, 3.2877953 ], [ -74.6264141, 3.2845947 ], [ -74.6361127, 3.2770299 ], [ -74.6573379, 3.2454725 ], [ -74.6578375, 3.2402722 ], [ -74.6663722, 3.2300887 ], [ -74.6668572, 3.2072971 ], [ -74.6732582, 3.1863482 ], [ -74.6966447, 3.1731438 ], [ -74.7130224, 3.1699576 ], [ -74.7226555, 3.1569271 ], [ -74.727208800000014, 3.1379646 ], [ -74.7459606, 3.1256024 ], [ -74.7480437, 3.1186475 ], [ -74.7490095, 3.1102308 ], [ -74.7643252, 3.1051256 ], [ -74.7655671, 3.0972607 ], [ -74.7902622, 3.0736663 ], [ -74.78778, 3.0604189 ], [ -74.793587, 3.0557967 ], [ -74.8000698, 3.0567638 ], [ -74.814139, 3.0539654 ], [ -74.8200022, 3.0468022 ], [ -74.8216286, 3.0394687 ], [ -74.826116, 3.0373176 ], [ -74.8517556, 2.9931814 ], [ -74.8623655, 2.993981 ], [ -74.8680824, 2.9837039 ], [ -74.8661449, 2.9806002 ], [ -74.8741535, 2.969492 ], [ -74.8828462, 2.9715617 ], [ -74.8857493, 2.9651689 ], [ -74.89420410000001, 2.9668546 ], [ -74.904815, 2.9571119 ], [ -74.9027758, 2.9508179 ], [ -74.9110339, 2.9316014 ], [ -74.93197, 2.909885 ], [ -74.9226951, 2.9054445 ], [ -74.910835300000016, 2.8837502 ], [ -74.9049988, 2.8916667 ], [ -74.9000015, 2.8933332 ], [ -74.8929138, 2.9050002 ], [ -74.8787537, 2.9133332 ], [ -74.8654175, 2.9158332 ], [ -74.8516693, 2.9133334 ], [ -74.8454132, 2.9166668 ], [ -74.8370638, 2.9087203 ], [ -74.8329163, 2.9108334 ], [ -74.8291702, 2.9195836 ], [ -74.8162537, 2.925 ], [ -74.8000031, 2.9383335 ], [ -74.7895813, 2.9275 ], [ -74.793747, 2.9141667 ], [ -74.7891693, 2.9075 ], [ -74.7810402, 2.9043748 ], [ -74.7787476, 2.8858333 ], [ -74.7675018, 2.8725 ], [ -74.7608337, 2.8729167 ], [ -74.7541656, 2.8770833 ], [ -74.7408295, 2.8783333 ], [ -74.7364578, 2.880625 ], [ -74.7258301, 2.8775001 ], [ -74.7249985, 2.8833332 ], [ -74.6941681, 2.8924999 ], [ -74.6731262, 2.8885416 ], [ -74.6729202, 2.8766668 ], [ -74.6670384, 2.8699362 ], [ -74.6679153, 2.8608334 ], [ -74.6649054, 2.8531435 ], [ -74.6620865, 2.8399999 ], [ -74.6712494, 2.8325 ], [ -74.6658325, 2.82375 ], [ -74.6670837, 2.8158333 ], [ -74.6650009, 2.8129165 ], [ -74.6650009, 2.8033335 ], [ -74.6568756, 2.8035417 ], [ -74.6516647, 2.78125 ], [ -74.644165, 2.7704167 ], [ -74.6433334, 2.756063 ], [ -74.6175003, 2.7537501 ], [ -74.6299401, 2.7345135 ], [ -74.6268519, 2.722813 ], [ -74.637085, 2.7091665 ], [ -74.6366653, 2.7008333 ], [ -74.6158371, 2.6962502 ], [ -74.6158371, 2.6833334 ], [ -74.6025009, 2.6795835 ], [ -74.5954132, 2.6758335 ], [ -74.5950012, 2.6733332 ], [ -74.5899963, 2.6733334 ], [ -74.5860405, 2.665625 ], [ -74.5966644, 2.64625 ], [ -74.598352, 2.637897 ], [ -74.6083298, 2.6333332 ], [ -74.6133347, 2.6224999 ], [ -74.6224976, 2.62625 ], [ -74.625, 2.6183333 ], [ -74.6416702, 2.6087501 ], [ -74.6487503, 2.5991664 ], [ -74.6458359, 2.5874999 ], [ -74.6695856, 2.5704071 ], [ -74.6808319, 2.5583334 ], [ -74.6783295, 2.5475001 ], [ -74.6758347, 2.5379167 ], [ -74.6791305, 2.5330302 ], [ -74.6773719, 2.5236241 ], [ -74.6570816, 2.5125 ], [ -74.6474991, 2.4937499 ], [ -74.6491699, 2.4908333 ], [ -74.6615502, 2.4891665 ], [ -74.6620865, 2.4716666 ], [ -74.6725006, 2.4429169 ], [ -74.671669, 2.4316666 ], [ -74.6733322, 2.4245832 ], [ -74.6864267, 2.4242872 ], [ -74.692916900000014, 2.4200001 ], [ -74.706665, 2.38625 ], [ -74.7062531, 2.3816667 ], [ -74.7191696, 2.3600483 ], [ -74.7266693, 2.3595834 ], [ -74.7424468, 2.3173929 ], [ -74.7412491, 2.3108332 ], [ -74.75, 2.2783334 ], [ -74.7412491, 2.2716665 ], [ -74.734524, 2.2774999 ], [ -74.734169, 2.2803606 ], [ -74.7300034, 2.2791667 ], [ -74.7262497, 2.2674999 ], [ -74.7141647, 2.2637501 ], [ -74.7154429, 2.2707264 ], [ -74.7091675, 2.2837501 ], [ -74.694999700000011, 2.2845833 ], [ -74.6958313, 2.2787502 ], [ -74.7001436, 2.2769393 ], [ -74.7012482, 2.2716665 ], [ -74.6862488, 2.2658334 ], [ -74.6833344, 2.26 ], [ -74.6651508, 2.2520082 ], [ -74.6591644, 2.2520833 ], [ -74.6541672, 2.2479165 ], [ -74.6541672, 2.2420833 ], [ -74.6500015, 2.24 ], [ -74.652504, 2.2270832 ], [ -74.6594916, 2.2266667 ], [ -74.6633301, 2.2158334 ], [ -74.6675034, 2.2145834 ], [ -74.6641693, 2.2108333 ], [ -74.6533356, 2.2079167 ], [ -74.644165, 2.2108333 ], [ -74.6425018, 2.2024999 ], [ -74.6285243, 2.1927883 ], [ -74.6112518, 2.2041667 ], [ -74.6108322, 2.2083335 ], [ -74.6033325, 2.2041667 ], [ -74.597496, 2.2049999 ], [ -74.5975037, 2.2016666 ], [ -74.5916672, 2.2016666 ], [ -74.5899963, 2.1924999 ], [ -74.5933304, 2.1900001 ], [ -74.5899963, 2.18625 ], [ -74.5912476, 2.1758332 ], [ -74.5891647, 2.1716666 ], [ -74.5920868, 2.1641667 ], [ -74.5966644, 2.1633334 ], [ -74.5979156, 2.1658332 ], [ -74.6041641, 2.1608334 ], [ -74.5955924, 2.1433332 ], [ -74.5933304, 2.1433334 ], [ -74.5933304, 2.1345832 ], [ -74.5866699, 2.1329167 ], [ -74.5787506, 2.1241667 ], [ -74.5683365, 2.1254165 ], [ -74.5662537, 2.1233332 ], [ -74.559427, 2.1272753 ], [ -74.5540655, 2.1240839 ], [ -74.5508347, 2.1316667 ], [ -74.5462494, 2.1291666 ], [ -74.5404205, 2.1125002 ], [ -74.5387497, 2.1100001 ], [ -74.5299988, 2.1129167 ], [ -74.5187531, 2.1233332 ], [ -74.5116653, 2.1217449 ], [ -74.5095825, 2.1316667 ], [ -74.4991684, 2.1333332 ], [ -74.4908371, 2.1366668 ], [ -74.4916687, 2.1474998 ], [ -74.4854202, 2.1491666 ], [ -74.4781106, 2.11859 ], [ -74.4791641, 2.1141667 ], [ -74.4833298, 2.1141665 ], [ -74.4839583, 2.1095816 ], [ -74.4812469, 2.1025 ], [ -74.4641647, 2.0933333 ], [ -74.4620819, 2.0891666 ], [ -74.449997, 2.0945833 ], [ -74.4483337, 2.0920835 ], [ -74.4429169, 2.0941665 ], [ -74.4316635, 2.0899999 ], [ -74.4366684, 2.0816667 ], [ -74.4274979, 2.0841668 ], [ -74.425003, 2.0808332 ], [ -74.410557, 2.0792137 ], [ -74.3983307, 2.08375 ], [ -74.3925018, 2.0841665 ], [ -74.3920822, 2.0791666 ], [ -74.3841629, 2.0799999 ], [ -74.3664685, 2.0607047 ], [ -74.3238328, 2.0621338 ], [ -74.2513925, 2.0582753 ], [ -74.235689800000017, 2.0542112 ], [ -74.2314158, 2.0495098 ], [ -74.2280812, 2.0275965 ], [ -74.201709, 1.9939873 ], [ -74.194168100000013, 1.9916666 ], [ -74.1887512, 1.9849999 ], [ -74.1808319, 1.9854167 ], [ -74.1729202, 1.98 ], [ -74.1633301, 1.9833332 ], [ -74.1612473, 1.9791666 ], [ -74.152916, 1.9799999 ], [ -74.1491699, 1.9883333 ], [ -74.1524963, 1.9916667 ], [ -74.1524963, 1.9974999 ], [ -74.144165, 1.9966667 ], [ -74.1433334, 1.9929166 ], [ -74.1245804, 1.9924999 ], [ -74.125, 1.9895832 ], [ -74.1083298, 1.9820834 ], [ -74.1062469, 1.9733334 ], [ -74.0916672, 1.9758333 ], [ -74.0650024, 1.97875 ], [ -74.0583344, 1.9733332 ], [ -74.0400009, 1.9708333 ], [ -73.6566683, 1.6177319 ], [ -73.6569315, 2.2944709 ], [ -73.6452596, 2.283934 ], [ -73.6372972, 2.2854871 ], [ -73.630205, 2.2939078 ], [ -73.629966, 2.3008475 ], [ -73.6353238, 2.3246474 ], [ -73.6298862, 2.3310973 ], [ -73.6191208, 2.3326424 ], [ -73.6139042, 2.3405921 ], [ -73.6174985, 2.3462064 ], [ -73.6288547, 2.3508128 ], [ -73.6328601, 2.3576381 ], [ -73.6311323, 2.364179 ], [ -73.6160471, 2.3778151 ], [ -73.6001634, 2.3802614 ], [ -73.5880006, 2.3902792 ], [ -73.5846042, 2.3880412 ], [ -73.5825073, 2.3763428 ], [ -73.5880618, 2.3672335 ], [ -73.5836963, 2.3575401 ], [ -73.571966, 2.3549194 ], [ -73.5650522, 2.3588094 ], [ -73.5561383, 2.3702135 ], [ -73.5389694, 2.3778017 ], [ -73.5316884, 2.3876415 ], [ -73.5257447, 2.3861431 ], [ -73.5216767, 2.3652552 ], [ -73.5143041, 2.3528378 ], [ -73.518624, 2.3365528 ], [ -73.5122837, 2.3329437 ], [ -73.5060192, 2.3356746 ], [ -73.5054757, 2.3429065 ], [ -73.5086364, 2.3513496 ], [ -73.5058631, 2.3564439 ], [ -73.4839269, 2.3574867 ], [ -73.4713498, 2.3616345 ], [ -73.4657656, 2.3578156 ], [ -73.4615914, 2.3398795 ], [ -73.4559271, 2.338022 ], [ -73.4491162, 2.3408347 ], [ -73.4458139, 2.3474088 ], [ -73.455746500000018, 2.3818398 ], [ -73.4412733, 2.3859727 ], [ -73.4307537, 2.3580698 ], [ -73.4406809, 2.3392469 ], [ -73.4400131, 2.3308092 ], [ -73.4348919, 2.3254813 ], [ -73.4275768, 2.3258119 ], [ -73.4236098, 2.3319966 ], [ -73.4243109, 2.3490788 ], [ -73.4121623, 2.3569686 ], [ -73.3921206, 2.3523511 ], [ -73.3881764, 2.3474643 ], [ -73.3887379, 2.3412591 ], [ -73.3966612, 2.3326036 ], [ -73.3952275, 2.3276756 ], [ -73.3847611, 2.3240008 ], [ -73.3772042, 2.3261897 ], [ -73.3742169, 2.3323575 ], [ -73.3743608, 2.3629646 ], [ -73.3579873, 2.3684662 ], [ -73.3464153, 2.3606613 ], [ -73.3455295, 2.3485906 ], [ -73.3591547, 2.3350894 ], [ -73.3571912, 2.3243345 ], [ -73.337794, 2.3288407 ], [ -73.3311973, 2.337195 ], [ -73.3304788, 2.3461559 ], [ -73.3362777, 2.3544623 ], [ -73.3334585, 2.3592763 ], [ -73.3224428, 2.3602421 ], [ -73.3001094, 2.3359353 ], [ -73.2720367, 2.3573491 ], [ -73.2631519, 2.358442 ], [ -73.2453443, 2.3471805 ], [ -73.2401597, 2.349052 ], [ -73.2381754, 2.3624128 ], [ -73.2411518, 2.371342 ], [ -73.2455172, 2.3737893 ], [ -73.2633757, 2.3719373 ], [ -73.2680719, 2.376435 ], [ -73.2669474, 2.3813295 ], [ -73.2530575, 2.381528 ], [ -73.2381334, 2.3889064 ], [ -73.2264424, 2.388698 ], [ -73.217026, 2.4052748 ], [ -73.2129215, 2.4034824 ], [ -73.2113395, 2.3985284 ], [ -73.2181248, 2.3884415 ], [ -73.2163657, 2.3854372 ], [ -73.2031238, 2.382959 ], [ -73.1854708, 2.3891139 ], [ -73.181457, 2.3977305 ], [ -73.1718819, 2.4010417 ], [ -73.165322, 2.3990593 ], [ -73.1646258, 2.3886078 ], [ -73.1678735, 2.3744374 ], [ -73.1664071, 2.3677638 ], [ -73.1613851, 2.364988 ], [ -73.1539781, 2.3666648 ], [ -73.1407907, 2.377679 ], [ -73.1262823, 2.377329 ], [ -73.1230293, 2.3812917 ], [ -73.1253899, 2.387112 ], [ -73.1405897, 2.3950745 ], [ -73.1405931, 2.401352 ], [ -73.1322424, 2.4091627 ], [ -73.1225231, 2.4113749 ], [ -73.1181391, 2.4075778 ], [ -73.1136993, 2.3815093 ], [ -73.1086848, 2.3820507 ], [ -73.0822255, 2.4106307 ], [ -73.0728801, 2.416604 ], [ -73.0695374, 2.4250855 ], [ -73.0558093, 2.4263503 ], [ -73.0441682, 2.4380851 ], [ -73.0379243, 2.4328977 ], [ -73.0348192, 2.4129835 ], [ -73.0303546, 2.4136363 ], [ -73.0118013, 2.4334899 ], [ -72.990409, 2.4463649 ], [ -72.9860964, 2.4519015 ], [ -72.9733685, 2.4522906 ], [ -72.9656738, 2.4485068 ], [ -72.9631897, 2.4529319 ], [ -72.9715821, 2.4615937 ], [ -72.9694942, 2.4739262 ], [ -72.962039, 2.4803959 ], [ -72.9535864, 2.4797636 ], [ -72.9363276, 2.4640019 ], [ -72.9288336, 2.4705431 ], [ -72.928924100000017, 2.4829941 ], [ -72.932734, 2.4969797 ], [ -72.9375181, 2.5033688 ], [ -72.9463456, 2.5016661 ], [ -72.9514939, 2.4949591 ], [ -72.9560585, 2.4960757 ], [ -72.9586384, 2.5034189 ], [ -72.9562172, 2.5145133 ], [ -72.9478369, 2.523971 ], [ -72.9265027, 2.5280207 ], [ -72.9195949, 2.5370707 ], [ -72.9225671, 2.5590131 ], [ -72.9151432, 2.5665285 ], [ -72.8970331, 2.5637231 ], [ -72.890846, 2.571861 ], [ -72.8673944, 2.5788595 ], [ -72.8444373, 2.5992834 ], [ -72.8146247, 2.6149334 ], [ -72.8028121, 2.6138993 ], [ -72.7949571, 2.6056957 ], [ -72.7922026, 2.5931449 ], [ -72.7871836, 2.5877151 ], [ -72.756963, 2.5715805 ], [ -72.7396663, 2.5699089 ], [ -72.7197075, 2.5846968 ], [ -72.7042343, 2.615592 ], [ -72.6974697, 2.6209729 ], [ -72.6846399, 2.6230466 ], [ -72.6740647, 2.6193685 ], [ -72.6662312, 2.6081372 ], [ -72.6631219, 2.5742746 ], [ -72.658678, 2.5715464 ], [ -72.6451643, 2.575413 ], [ -72.643011, 2.5834619 ], [ -72.646780400000011, 2.6003594 ], [ -72.6246627, 2.6269317 ], [ -72.604083, 2.6212286 ], [ -72.598733, 2.6119491 ], [ -72.599691, 2.58715 ], [ -72.5964889, 2.5841272 ], [ -72.5861576, 2.5838022 ], [ -72.5814033, 2.5879978 ], [ -72.581154, 2.6067583 ], [ -72.5876703, 2.6357192 ], [ -72.5840962, 2.6429298 ], [ -72.5735917, 2.6472663 ], [ -72.5597119, 2.6476496 ], [ -72.554868, 2.6512041 ], [ -72.5543453, 2.6593062 ], [ -72.5690005, 2.6644013 ], [ -72.5716536, 2.6714368 ], [ -72.5640156, 2.6821317 ], [ -72.5456136, 2.6795488 ], [ -72.5365225, 2.6835048 ], [ -72.538044, 2.7014969 ], [ -72.5316183, 2.7033201 ], [ -72.5083458, 2.6904659 ], [ -72.4813193, 2.6862581 ], [ -72.469096, 2.6914648 ], [ -72.4639174, 2.7013297 ], [ -72.4647572, 2.7196421 ], [ -72.4719249, 2.7278115 ], [ -72.4705916, 2.7338294 ], [ -72.4427155, 2.7350578 ], [ -72.4351842, 2.7400188 ], [ -72.4098145, 2.7254887 ], [ -72.3862867, 2.7404132 ], [ -72.3567485, 2.782479 ], [ -72.3380992, 2.7953057 ], [ -72.3148974, 2.7997011 ], [ -72.3060346, 2.7947293 ], [ -72.2981457, 2.776998 ], [ -72.2918382, 2.7731993 ], [ -72.2834594, 2.7743654 ], [ -72.2717773, 2.780851 ], [ -72.2661068, 2.7880247 ], [ -72.2654716, 2.7979811 ], [ -72.2723848, 2.8105815 ], [ -72.2700069, 2.8173547 ], [ -72.2630176, 2.8234794 ], [ -72.2550194, 2.824344 ], [ -72.2467331, 2.8187237 ], [ -72.2426259, 2.8084198 ], [ -72.2360689, 2.8018628 ], [ -72.2248738, 2.7833899 ], [ -72.2098521, 2.772954 ], [ -72.1989638, 2.7701892 ], [ -72.1893995, 2.7749233 ], [ -72.1840449, 2.7886767 ], [ -72.187431500000017, 2.7987644 ], [ -72.2058056, 2.8148327 ], [ -72.2068865, 2.8415653 ], [ -72.2022312, 2.8649986 ], [ -72.1974472, 2.8703874 ], [ -72.1859904, 2.8748548 ], [ -72.1769835, 2.8743504 ], [ -72.1546266, 2.8657542 ], [ -72.1435179, 2.8650374 ], [ -72.1376078, 2.886989 ], [ -72.123366, 2.887092 ], [ -72.1134187, 2.8772814 ], [ -72.0993984, 2.8396848 ], [ -72.0802139, 2.8248619 ], [ -72.0556652, 2.8168471 ], [ -72.0449015, 2.8186073 ], [ -72.0219822, 2.8291345 ], [ -72.0059153, 2.8295838 ], [ -71.9925891, 2.8239238 ], [ -71.9831755, 2.8016045 ], [ -71.9642416, 2.8249684 ], [ -71.9539443, 2.8317402 ], [ -71.9365654, 2.8328951 ], [ -71.9192564, 2.8280917 ], [ -71.8830623, 2.8353032 ], [ -71.8555487, 2.842703 ], [ -71.8284109, 2.8372495 ], [ -71.818694, 2.8577445 ], [ -71.8239349, 2.8709858 ], [ -71.832153800000015, 2.8729968 ], [ -71.8480669, 2.8686251 ], [ -71.8508648, 2.8706361 ], [ -71.8450309, 2.8742568 ], [ -71.818197, 2.8792514 ], [ -71.7975295, 2.8755324 ], [ -71.7884363, 2.8694994 ], [ -71.7840645, 2.8577831 ], [ -71.7891839, 2.8338967 ], [ -71.7886986, 2.8202735 ], [ -71.7802669, 2.8177292 ], [ -71.7690257, 2.8312029 ], [ -71.757484300000016, 2.8577831 ], [ -71.7629053, 2.8775434 ], [ -71.7673645, 2.8858498 ], [ -71.7669273, 2.8943309 ], [ -71.7634299, 2.896954 ], [ -71.7542305, 2.8955857 ], [ -71.739735, 2.8815654 ], [ -71.7290679, 2.860581 ], [ -71.6984657, 2.8385474 ], [ -71.6921651, 2.8391976 ], [ -71.6833394, 2.8501763 ], [ -71.6806797, 2.8724403 ], [ -71.6690001, 2.8742209 ], [ -71.6607812, 2.8716853 ], [ -71.657721, 2.8646031 ], [ -71.663142, 2.8468538 ], [ -71.6734593, 2.8316401 ], [ -71.6732534, 2.8247816 ], [ -71.6463545, 2.8202735 ], [ -71.6349879, 2.8244704 ], [ -71.6297185, 2.8350208 ], [ -71.6217745, 2.8418292 ], [ -71.6068571, 2.8468587 ], [ -71.5818593, 2.8424704 ], [ -71.5740164, 2.8454377 ], [ -71.5721626, 2.8535018 ], [ -71.5851205, 2.8675307 ], [ -71.584297, 2.8719897 ], [ -71.5736199, 2.8718166 ], [ -71.5464114, 2.859147 ], [ -71.5405007, 2.861803 ], [ -71.5290544, 2.8791144 ], [ -71.4915863, 2.8702634 ], [ -71.4847921, 2.8574823 ], [ -71.4774182, 2.852332 ], [ -71.468826, 2.8537854 ], [ -71.4648763, 2.8579491 ], [ -71.463565, 2.8680032 ], [ -71.4682831, 2.8896249 ], [ -71.4671597, 2.8964389 ], [ -71.4622748, 2.8992934 ], [ -71.4566321, 2.8914555 ], [ -71.4346243, 2.8732276 ], [ -71.4186749, 2.8671907 ], [ -71.3979999, 2.8471747 ], [ -71.3907226, 2.8440267 ], [ -71.3836223, 2.8540174 ], [ -71.379565, 2.8740202 ], [ -71.3837423, 2.883945 ], [ -71.3817764, 2.8880785 ], [ -71.3698014, 2.8927635 ], [ -71.360492, 2.8893788 ], [ -71.3564468, 2.8784221 ], [ -71.3583145, 2.8613678 ], [ -71.3533054, 2.8575677 ], [ -71.3463978, 2.8591533 ], [ -71.335183, 2.8776022 ], [ -71.3275676, 2.8977314 ], [ -71.3331396, 2.9123965 ], [ -71.3301501, 2.9221243 ], [ -71.310655, 2.9237996 ], [ -71.3045272, 2.9179195 ], [ -71.3003537, 2.9046141 ], [ -71.300156300000012, 2.877517 ], [ -71.2965935, 2.8724442 ], [ -71.2836811, 2.8678208 ], [ -71.2762609, 2.8690158 ], [ -71.2651325, 2.8833427 ], [ -71.2596418, 2.8861788 ], [ -71.2505878, 2.8800622 ], [ -71.2495468, 2.8657373 ], [ -71.2449457, 2.8620075 ], [ -71.2200137, 2.8666366 ], [ -71.2131891, 2.8858867 ], [ -71.2051755, 2.891558 ], [ -71.1940445, 2.8903654 ], [ -71.1881083, 2.8932011 ], [ -71.1835085, 2.9048407 ], [ -71.1751971, 2.9017078 ], [ -71.169408, 2.8890246 ], [ -71.1538237, 2.8723131 ], [ -71.1461167, 2.8746406 ], [ -71.1388348, 2.8827594 ], [ -71.1407651, 2.9017102 ], [ -71.1369984, 2.9038218 ], [ -71.1158308, 2.8751501 ], [ -71.1063325, 2.872166 ], [ -71.0963891, 2.8757474 ], [ -71.0842563, 2.8838054 ], [ -71.0775257, 2.8822324 ], [ -71.077931, 4.8991013 ] ] ] ] } },
{ "type": "Feature", "properties": { "id": "86", "name": "PUTUMAYO", "label": "Putumayo", "n_especies": 9094.0, "n_registros": 518333.0 }, "geometry": { "type": "MultiPolygon", "coordinates": [ [ [ [ -76.6645814, 1.4655745 ], [ -76.6728273, 1.4673153 ], [ -76.6959614, 1.4476398 ], [ -76.6981399, 1.4440975 ], [ -76.7191239, 1.4383407 ], [ -76.7245731, 1.4331715 ], [ -76.7413479, 1.4289721 ], [ -76.7554116, 1.4192145 ], [ -76.7666924, 1.417302 ], [ -76.780779, 1.4100869 ], [ -76.7826114, 1.4108771 ], [ -76.7916131, 1.4104648 ], [ -76.8017763, 1.4069785 ], [ -76.812537, 1.3994589 ], [ -76.8191222, 1.3982793 ], [ -76.8374348, 1.3890829 ], [ -76.8587373, 1.378855 ], [ -76.8610853, 1.3756369 ], [ -76.8690083, 1.3744412 ], [ -76.8764415, 1.3698613 ], [ -76.8860435, 1.371937 ], [ -76.899113, 1.3575569 ], [ -76.9148272, 1.3419625 ], [ -76.920582200000013, 1.3455954 ], [ -76.9215956, 1.3379391 ], [ -76.9127155, 1.3275884 ], [ -76.9098887, 1.327774 ], [ -76.9041522, 1.320943 ], [ -76.9304603, 1.2950481 ], [ -76.9358569, 1.2824026 ], [ -76.9335716, 1.2790736 ], [ -76.9410901, 1.2729034 ], [ -76.9571324, 1.2760362 ], [ -76.9621012, 1.2735318 ], [ -76.9642723, 1.277688 ], [ -76.9609915, 1.2830969 ], [ -76.9706787, 1.2883284 ], [ -76.9718994, 1.2925449 ], [ -76.9799895, 1.2849307 ], [ -76.9783144, 1.2793342 ], [ -76.9837776, 1.2731476 ], [ -76.9816837, 1.265933 ], [ -76.9714516, 1.2511711 ], [ -76.9789297, 1.2250693 ], [ -77.0046379, 1.2107012 ], [ -77.0056849, 1.2056377 ], [ -77.013085, 1.2062707 ], [ -77.0200568, 1.1972763 ], [ -77.0406987, 1.2012295 ], [ -77.0596328, 1.1925717 ], [ -77.0692094, 1.1848113 ], [ -77.0884335, 1.1833731 ], [ -77.0865933, 1.1727341 ], [ -77.0974183, 1.1632905 ], [ -77.0973422, 1.1567041 ], [ -77.1000643, 1.154001 ], [ -77.1002017, 1.1347603 ], [ -77.0957242, 1.1293118 ], [ -77.0919776, 1.1113194 ], [ -77.0965046, 1.1036326 ], [ -77.093497, 1.0968178 ], [ -77.0938349, 1.0792408 ], [ -77.0842023, 1.0619012 ], [ -77.0800621, 1.063167 ], [ -77.071378, 1.0582996 ], [ -77.0684655, 1.0599938 ], [ -77.0643729, 1.0498668 ], [ -77.0667904, 1.0426332 ], [ -77.0615175, 1.0409962 ], [ -77.059671100000017, 1.0352474 ], [ -77.0540175, 1.0336484 ], [ -77.0373124, 1.0466389 ], [ -77.0390364, 1.0375412 ], [ -77.027206400000011, 1.0107518 ], [ -77.0283008, 0.9946519 ], [ -77.0379686, 0.9936543 ], [ -77.0495846, 0.9768188 ], [ -77.0602952, 0.9761762 ], [ -77.0737761, 0.9696964 ], [ -77.078704, 0.9607615 ], [ -77.0732335, 0.9500801 ], [ -77.07275, 0.942313 ], [ -77.07971520000001, 0.9406146 ], [ -77.0912088, 0.9141265 ], [ -77.1025125, 0.9113005 ], [ -77.1180748, 0.8996286 ], [ -77.1229344, 0.8819348 ], [ -77.1159358, 0.8736449 ], [ -77.1175607, 0.8601722 ], [ -77.1141695, 0.8496456 ], [ -77.1025468, 0.8340688 ], [ -77.1391542, 0.8215102 ], [ -77.186699500000017, 0.6313983 ], [ -77.1743698, 0.6160032 ], [ -77.1553122, 0.6058307 ], [ -77.1364694, 0.6032903 ], [ -77.1336339, 0.5960346 ], [ -77.1270616, 0.5967698 ], [ -77.1263437, 0.6008021 ], [ -77.124617700000016, 0.5975109 ], [ -77.1185592, 0.5937243 ], [ -77.1174116, 0.5816994 ], [ -77.120176, 0.5729302 ], [ -77.1159167, 0.5605811 ], [ -77.11955, 0.5614305 ], [ -77.1303654, 0.5558396 ], [ -77.1307064, 0.5347991 ], [ -77.128819100000015, 0.5206299 ], [ -77.1203766, 0.5085185 ], [ -77.1248233, 0.5059076 ], [ -77.1143292, 0.4816901 ], [ -77.1038871, 0.4754892 ], [ -77.1017075, 0.4632682 ], [ -77.1079417, 0.447046 ], [ -77.1018244, 0.4276729 ], [ -77.0966445, 0.4311933 ], [ -77.0890791, 0.4243844 ], [ -77.0906654, 0.4181758 ], [ -77.0989447, 0.4114706 ], [ -77.0928191, 0.4047471 ], [ -77.0957172, 0.402691 ], [ -77.0880236, 0.3946314 ], [ -77.0963883, 0.3947473 ], [ -77.0980344, 0.3811563 ], [ -77.1015011, 0.3803668 ], [ -77.1048567, 0.3820446 ], [ -77.1073582, 0.377304 ], [ -77.1097194, 0.3828012 ], [ -77.1124195, 0.3825575 ], [ -77.1121073, 0.3667656 ], [ -77.1070092, 0.3572836 ], [ -77.1071128, 0.3462283 ], [ -77.096599, 0.326529 ], [ -77.0826792, 0.317963 ], [ -77.0811325, 0.3104082 ], [ -77.0887825, 0.3036029 ], [ -77.0886635, 0.3003312 ], [ -77.0822985, 0.2960481 ], [ -77.0802759, 0.2873036 ], [ -77.0764812, 0.2857017 ], [ -77.0714719, 0.2881959 ], [ -77.0543398, 0.2850431 ], [ -77.0490222, 0.28934 ], [ -77.0297489, 0.2773284 ], [ -77.0259417, 0.2782802 ], [ -77.0134258, 0.2925093 ], [ -77.0060244, 0.2950522 ], [ -76.9985779, 0.2889877 ], [ -76.9943425, 0.2774235 ], [ -76.986871, 0.2696189 ], [ -76.978067, 0.2685244 ], [ -76.9682636, 0.2714749 ], [ -76.9496562, 0.268572 ], [ -76.9342968, 0.2765669 ], [ -76.9288402, 0.2727037 ], [ -76.9291446, 0.2693492 ], [ -76.9358672, 0.2640391 ], [ -76.9080989, 0.2463359 ], [ -76.8838998, 0.247835 ], [ -76.879474, 0.2514041 ], [ -76.8462091, 0.2391261 ], [ -76.8388209, 0.241803 ], [ -76.8191904, 0.2566152 ], [ -76.794099, 0.2647886 ], [ -76.7848191, 0.2620046 ], [ -76.7703638, 0.245051 ], [ -76.752874800000015, 0.2505475 ], [ -76.7535655, 0.2592337 ], [ -76.7634039, 0.2579001 ], [ -76.7670802, 0.2621117 ], [ -76.7547665, 0.2733547 ], [ -76.7379199, 0.2824918 ], [ -76.733636800000014, 0.2886308 ], [ -76.7140777, 0.2697855 ], [ -76.7104014, 0.270071 ], [ -76.7047898, 0.2769903 ], [ -76.6962603, 0.2770666 ], [ -76.6833541, 0.2730691 ], [ -76.6793566, 0.269814 ], [ -76.6609681, 0.2734118 ], [ -76.6550861, 0.2700425 ], [ -76.6563995, 0.2543951 ], [ -76.6530873, 0.25114 ], [ -76.636462, 0.2629455 ], [ -76.6292726, 0.2631408 ], [ -76.6189016, 0.2557714 ], [ -76.6045356, 0.2306586 ], [ -76.5940279, 0.227175 ], [ -76.588717, 0.2191801 ], [ -76.5823781, 0.2212359 ], [ -76.5691292, 0.2430508 ], [ -76.5353916, 0.2589194 ], [ -76.5237862, 0.2518453 ], [ -76.5121364, 0.2400812 ], [ -76.5022934, 0.2365049 ], [ -76.4881416, 0.2412031 ], [ -76.448062299999989, 0.2395102 ], [ -76.4444645, 0.2445927 ], [ -76.4446358, 0.2555573 ], [ -76.4312157, 0.2582984 ], [ -76.4240202, 0.2496181 ], [ -76.4293312, 0.2407665 ], [ -76.4283603, 0.235684 ], [ -76.4235062, 0.2347703 ], [ -76.4122597, 0.2416238 ], [ -76.4117427, 0.3802473 ], [ -76.3967509, 0.3813987 ], [ -76.3677561, 0.3937032 ], [ -76.3567433, 0.3796358 ], [ -76.3485277, 0.378827 ], [ -76.3344202, 0.3866003 ], [ -76.3297268, 0.4147141 ], [ -76.3125466, 0.4334639 ], [ -76.3058848, 0.4228591 ], [ -76.2956155, 0.420808 ], [ -76.2812567, 0.4354865 ], [ -76.2740886, 0.4350701 ], [ -76.2607425, 0.4241181 ], [ -76.263619, 0.4107698 ], [ -76.2621599, 0.4044152 ], [ -76.2519548, 0.3972033 ], [ -76.2375225, 0.4037055 ], [ -76.2313261, 0.3979196 ], [ -76.2303468, 0.3811469 ], [ -76.2275343, 0.3741408 ], [ -76.2238509, 0.3726522 ], [ -76.2199382, 0.379122 ], [ -76.207838, 0.3849313 ], [ -76.2037788, 0.3813682 ], [ -76.2032404, 0.376222 ], [ -76.1990707, 0.3723172 ], [ -76.1795548, 0.3705532 ], [ -76.1643191, 0.3798978 ], [ -76.1600451, 0.388449 ], [ -76.151912, 0.3784453 ], [ -76.1320385, 0.3687606 ], [ -76.1209241, 0.3376018 ], [ -76.1236023, 0.3251634 ], [ -76.1213377, 0.319514 ], [ -76.1091796, 0.3116584 ], [ -76.103030500000017, 0.311623 ], [ -76.0947678, 0.3177932 ], [ -76.0881763, 0.330069 ], [ -76.0768693, 0.335064 ], [ -76.0594563, 0.33205 ], [ -76.0536395, 0.3267631 ], [ -76.0463316, 0.3038551 ], [ -76.0087436, 0.2971585 ], [ -76.0029769, 0.2893166 ], [ -76.0063671, 0.2775849 ], [ -75.998486, 0.2641233 ], [ -75.9855442, 0.261186 ], [ -75.9849896, 0.2565368 ], [ -76.0047812, 0.2573281 ], [ -76.0066419, 0.2496396 ], [ -75.9902221, 0.242156 ], [ -75.9659167, 0.2364468 ], [ -75.9598162, 0.2242634 ], [ -75.9537394, 0.2198293 ], [ -75.9602499, 0.2112268 ], [ -75.9540903, 0.1994705 ], [ -75.9377887, 0.1978193 ], [ -75.9304136, 0.1921214 ], [ -75.9292526, 0.1815967 ], [ -75.9078685, 0.1644567 ], [ -75.9031753, 0.1640976 ], [ -75.8992157, 0.1531348 ], [ -75.907007, 0.1458637 ], [ -75.9071489, 0.1376845 ], [ -75.9033478, 0.1351019 ], [ -75.8865289, 0.140269 ], [ -75.8817299, 0.1373038 ], [ -75.883804, 0.1200179 ], [ -75.8768981, 0.1164332 ], [ -75.8711966, 0.1177729 ], [ -75.8653375, 0.1288386 ], [ -75.8599213, 0.1333831 ], [ -75.8533496, 0.1297271 ], [ -75.8441528, 0.103646 ], [ -75.8205455, 0.0796046 ], [ -75.8176257, 0.0721706 ], [ -75.8183139, 0.0634384 ], [ -75.8121972, 0.050915 ], [ -75.8053657, 0.0467882 ], [ -75.7879344, 0.0542487 ], [ -75.7821128, 0.0503613 ], [ -75.779191, 0.0412391 ], [ -75.7635049, 0.0382552 ], [ -75.7533584, 0.0334459 ], [ -75.737013, 0.0324895 ], [ -75.7249578, 0.0341796 ], [ -75.7044169, 0.0342121 ], [ -75.6954967, 0.0307048 ], [ -75.6826989, 0.033509 ], [ -75.676048, 0.038372 ], [ -75.6493549, 0.0267177 ], [ -75.6431325, 0.0308012 ], [ -75.6380608, 0.0464406 ], [ -75.6337751, 0.0455883 ], [ -75.6302586, 0.0381734 ], [ -75.6156228, 0.0276012 ], [ -75.6109463, 0.0135067 ], [ -75.604072, 0.0099439 ], [ -75.5812663, 0.013776 ], [ -75.5808827, 0.0029116 ], [ -75.5875829, -0.0112489 ], [ -75.5777969, -0.0275582 ], [ -75.5669221, -0.0304883 ], [ -75.5508275, -0.0247132 ], [ -75.5283029, -0.0273447 ], [ -75.5166146, -0.035114 ], [ -75.5066813, -0.049352 ], [ -75.4992681, -0.0530838 ], [ -75.4804971, -0.0514097 ], [ -75.4588749, -0.0609308 ], [ -75.4512898, -0.074955 ], [ -75.4254675, -0.0896853 ], [ -75.4032745, -0.0965756 ], [ -75.3983323, -0.1009295 ], [ -75.3784903, -0.099197 ], [ -75.3667763, -0.0918404 ], [ -75.3563686, -0.0931804 ], [ -75.3356162, -0.108424 ], [ -75.3164684, -0.1090147 ], [ -75.3159387, -0.1127508 ], [ -75.2759302, -0.1273891 ], [ -75.2684686, -0.1267196 ], [ -75.2519762, -0.1166377 ], [ -75.2249823, -0.0900193 ], [ -75.2176628, -0.0757612 ], [ -75.2136226, -0.0560484 ], [ -75.2016457, -0.0447567 ], [ -75.1980337, -0.04624 ], [ -75.1846602, -0.0420024 ], [ -75.1742702, -0.0468146 ], [ -75.1702304, -0.0449964 ], [ -75.161623400000011, -0.055115 ], [ -75.1443156, -0.0686738 ], [ -75.1213599, -0.0797751 ], [ -75.0958104, -0.0835941 ], [ -75.0793777, -0.0935984 ], [ -75.0686704, -0.0954466 ], [ -75.053636, -0.1122606 ], [ -75.053834, -0.1182001 ], [ -75.0449908, -0.1288252 ], [ -75.0159957, -0.1481582 ], [ -74.9952628, -0.1552196 ], [ -74.9808612, -0.1554595 ], [ -74.9739219, -0.1583308 ], [ -74.9716884, -0.1672311 ], [ -74.9781055, -0.1782842 ], [ -74.9748263, -0.1867539 ], [ -74.9588565, -0.1951285 ], [ -74.9528205, -0.20245 ], [ -74.9445028, -0.2056565 ], [ -74.9442487, -0.2092699 ], [ -74.9320981, -0.2214001 ], [ -74.9311642, -0.2258634 ], [ -74.92668, -0.2294394 ], [ -74.9211189, -0.2292005 ], [ -74.9164863, -0.2241287 ], [ -74.9130377, -0.2125487 ], [ -74.9093306, -0.2190567 ], [ -74.9054069, -0.2191012 ], [ -74.8945495, -0.2401121 ], [ -74.8853763, -0.2455678 ], [ -74.8719873, -0.2412855 ], [ -74.8543379, -0.2432727 ], [ -74.845544, -0.235904 ], [ -74.8316635, -0.2137493 ], [ -74.8088008, -0.1926315 ], [ -74.8000609, -0.2015963 ], [ -74.7922586, -0.2000175 ], [ -74.7755716, -0.2108641 ], [ -74.7729035, -0.2270753 ], [ -74.7625996, -0.230836 ], [ -74.7528834, -0.2570788 ], [ -74.7531903, -0.2739998 ], [ -74.7487789, -0.2815579 ], [ -74.750385, -0.2848297 ], [ -74.7316289, -0.3028779 ], [ -74.7346032, -0.3204026 ], [ -74.7372197, -0.3304629 ], [ -74.7255613, -0.3496402 ], [ -74.7084385, -0.3534446 ], [ -74.7005808, -0.3513243 ], [ -74.6962811, -0.338198 ], [ -74.6857172, -0.3309615 ], [ -74.6817316, -0.3337573 ], [ -74.6844085, -0.351407 ], [ -74.6903572, -0.3596518 ], [ -74.6876803, -0.3651246 ], [ -74.6786127, -0.3667397 ], [ -74.6751881, -0.3726199 ], [ -74.6528985, -0.3760106 ], [ -74.6343625, -0.3606869 ], [ -74.6099272, -0.3532102 ], [ -74.6092379, -0.3573196 ], [ -74.6171916, -0.3719414 ], [ -74.6142194, -0.380964 ], [ -74.6038658, -0.3849184 ], [ -74.5873272, -0.3856132 ], [ -74.5779975, -0.3926483 ], [ -74.5762843, -0.4078959 ], [ -74.571316, -0.4146916 ], [ -74.5501573, -0.4224688 ], [ -74.5471251, -0.4396098 ], [ -74.5422164, -0.4464517 ], [ -74.537253100000015, -0.4635877 ], [ -74.5297356, -0.4700363 ], [ -74.5132684, -0.4723582 ], [ -74.5072508, -0.4644915 ], [ -74.5017434, -0.4783569 ], [ -74.5037001, -0.4839455 ], [ -74.4896222, -0.4907962 ], [ -74.483855, -0.4871435 ], [ -74.4811502, -0.4773176 ], [ -74.4695953, -0.4813317 ], [ -74.4675923, -0.4981364 ], [ -74.4565036, -0.5059551 ], [ -74.4500884, -0.5046012 ], [ -74.4469539, -0.4990486 ], [ -74.4270425, -0.4996248 ], [ -74.4226687, -0.5085185 ], [ -74.4304241, -0.5285712 ], [ -74.4258713, -0.5572135 ], [ -74.4204137, -0.5616469 ], [ -74.4145759, -0.5619826 ], [ -74.3979463, -0.5425661 ], [ -74.3925337, -0.5439585 ], [ -74.3891327, -0.5536836 ], [ -73.8422202, -0.3974077 ], [ -73.8688899, -0.3772891 ], [ -73.8845463, -0.3690538 ], [ -73.905912, -0.367224 ], [ -73.9580917, -0.351866 ], [ -74.003436, -0.3426497 ], [ -74.0167439, -0.3336046 ], [ -74.0242688, -0.3175889 ], [ -74.0377954, -0.3069627 ], [ -74.0404187, -0.281008 ], [ -74.0467836, -0.2731056 ], [ -74.0541128, -0.2724404 ], [ -74.0729737, -0.2813281 ], [ -74.0817628, -0.2798204 ], [ -74.1093052, -0.2363676 ], [ -74.1166247, -0.2331769 ], [ -74.1347347, -0.2335567 ], [ -74.146053600000016, -0.2408495 ], [ -74.1582025, -0.2631076 ], [ -74.1656729, -0.2662221 ], [ -74.1789537, -0.2650066 ], [ -74.1884614, -0.2564223 ], [ -74.1907249, -0.2271752 ], [ -74.1970633, -0.2119059 ], [ -74.208382, -0.2077277 ], [ -74.214796, -0.2082594 ], [ -74.2188707, -0.2124375 ], [ -74.2232475, -0.2340879 ], [ -74.2301713, -0.2377006 ], [ -74.2368301, -0.2365946 ], [ -74.2649003, -0.2184384 ], [ -74.279237200000011, -0.2060557 ], [ -74.2882166, -0.2023333 ], [ -74.2898766, -0.193901 ], [ -74.2872354, -0.1768087 ], [ -74.2667107, -0.1597166 ], [ -74.2638432, -0.1534114 ], [ -74.2694489, -0.1403539 ], [ -74.2781046, -0.1394335 ], [ -74.2990065, -0.1480935 ], [ -74.3062504, -0.1460423 ], [ -74.3252655, -0.1210493 ], [ -74.334018500000013, -0.1136806 ], [ -74.3510921, -0.1064966 ], [ -74.4076647, -0.1163387 ], [ -74.4289925, -0.1323162 ], [ -74.4445445, -0.1398366 ], [ -74.4483361, -0.1378362 ], [ -74.4472042, -0.1291003 ], [ -74.4241896, -0.108666 ], [ -74.4233595, -0.0979549 ], [ -74.4293204, -0.0854966 ], [ -74.4460717, -0.0714429 ], [ -74.4543719, -0.0707592 ], [ -74.4592801, -0.0754063 ], [ -74.4632736, -0.1063974 ], [ -74.474821300000016, -0.1303153 ], [ -74.4837252, -0.1377597 ], [ -74.4994201, -0.1369998 ], [ -74.5056829, -0.1314543 ], [ -74.5088519, -0.1236299 ], [ -74.5065879, -0.1033475 ], [ -74.5142088, -0.0917248 ], [ -74.5211802, -0.0881704 ], [ -74.5305073, -0.088762 ], [ -74.5346574, -0.0951429 ], [ -74.5346575, -0.1020557 ], [ -74.5248484, -0.1142101 ], [ -74.5240185, -0.1210469 ], [ -74.5323187, -0.1256805 ], [ -74.5440143, -0.1194513 ], [ -74.5821191, -0.1097273 ], [ -74.6027936, -0.0965853 ], [ -74.633428, -0.0868616 ], [ -74.632598, -0.0827596 ], [ -74.6218079, -0.0767586 ], [ -74.6171296, -0.0687066 ], [ -74.6164935, -0.0568083 ], [ -74.6245012, -0.0483426 ], [ -74.6443384, -0.0386595 ], [ -74.6513349, -0.0406232 ], [ -74.6723581, -0.0604511 ], [ -74.676887, -0.0607771 ], [ -74.6818636, -0.0539557 ], [ -74.6804241, -0.0477543 ], [ -74.6622255, -0.0389272 ], [ -74.6561398, -0.0240451 ], [ -74.657195, -0.0095919 ], [ -74.6942265, 0.0230384 ], [ -74.7043536, 0.0387769 ], [ -74.7037808, 0.0434469 ], [ -74.6819879, 0.0429092 ], [ -74.6594366, 0.0570333 ], [ -74.6560669, 0.0706031 ], [ -74.6581959, 0.0764342 ], [ -74.6717434, 0.0828035 ], [ -74.6951218, 0.0786611 ], [ -74.7040281, 0.0821152 ], [ -74.7116513, 0.0896034 ], [ -74.7134474, 0.0957837 ], [ -74.7088865, 0.0980027 ], [ -74.6901668, 0.0878854 ], [ -74.6791847, 0.0932064 ], [ -74.6735823, 0.1054359 ], [ -74.6764734, 0.1532577 ], [ -74.6796322, 0.1640719 ], [ -74.7050319, 0.1865763 ], [ -74.7093102, 0.1950895 ], [ -74.7214809, 0.2038854 ], [ -74.7413507, 0.2102821 ], [ -74.768148200000013, 0.2126368 ], [ -74.7790589, 0.2085758 ], [ -74.8180057, 0.2165474 ], [ -74.8330933, 0.2124614 ], [ -74.8474772, 0.2153824 ], [ -74.8628278, 0.2230977 ], [ -74.8897274, 0.2470602 ], [ -74.9163289, 0.2523224 ], [ -74.9321582, 0.249263 ], [ -74.9454724, 0.2427676 ], [ -74.9599093, 0.2426109 ], [ -74.9692037, 0.247831 ], [ -74.9878935, 0.2669882 ], [ -75.003888, 0.273203 ], [ -75.0107595, 0.2833071 ], [ -75.0099701, 0.2923611 ], [ -75.0048589, 0.296942 ], [ -74.9865367, 0.3010491 ], [ -74.9811488, 0.3082999 ], [ -74.9799992, 0.3151448 ], [ -75.0033303, 0.3370193 ], [ -75.0115634, 0.3521322 ], [ -75.0164592, 0.3839649 ], [ -75.0111049, 0.3912706 ], [ -74.988689, 0.3963015 ], [ -74.983326, 0.4028641 ], [ -74.9841172, 0.4140903 ], [ -75.0058007, 0.4385169 ], [ -75.0149205, 0.4662041 ], [ -75.0230471, 0.4775469 ], [ -75.0350452, 0.4844238 ], [ -75.0740164, 0.4758193 ], [ -75.1028165, 0.4726352 ], [ -75.1069487, 0.4755771 ], [ -75.0954466, 0.4903483 ], [ -75.0943166, 0.5032226 ], [ -75.0990385, 0.5110521 ], [ -75.1120742, 0.5128682 ], [ -75.1229306, 0.5081866 ], [ -75.1470245, 0.4844156 ], [ -75.160854, 0.4806376 ], [ -75.1771408, 0.4866644 ], [ -75.1974913, 0.4791446 ], [ -75.2098006, 0.4820908 ], [ -75.2183566, 0.4883866 ], [ -75.2157333, 0.4956511 ], [ -75.1984599, 0.501382 ], [ -75.2025765, 0.5126016 ], [ -75.2166212, 0.524467 ], [ -75.223683900000012, 0.534274 ], [ -75.2318362, 0.5540899 ], [ -75.2355088, 0.5718072 ], [ -75.2308676, 0.5808475 ], [ -75.2097583, 0.5913637 ], [ -75.2068141, 0.596668 ], [ -75.2217274, 0.6359432 ], [ -75.2347951, 0.6484548 ], [ -75.2739426, 0.6640248 ], [ -75.2765005, 0.6690851 ], [ -75.2753883, 0.6761472 ], [ -75.2637664, 0.6878803 ], [ -75.257149200000015, 0.7057859 ], [ -75.2592624, 0.7151949 ], [ -75.2666477, 0.7262501 ], [ -75.2961893, 0.7288575 ], [ -75.3012448, 0.7328199 ], [ -75.3024984, 0.7416061 ], [ -75.3092641, 0.7477033 ], [ -75.3228129, 0.7454902 ], [ -75.3315128, 0.7533425 ], [ -75.3398066, 0.7692349 ], [ -75.3459496, 0.7677333 ], [ -75.3573055, 0.7515886 ], [ -75.3635597, 0.7505328 ], [ -75.3807146, 0.7548102 ], [ -75.4072889, 0.7380875 ], [ -75.4241557, 0.7391189 ], [ -75.4368361, 0.7471883 ], [ -75.4687495, 0.7588373 ], [ -75.4725112, 0.7647224 ], [ -75.4735426, 0.7740659 ], [ -75.4854128, 0.7832069 ], [ -75.5040511, 0.7667771 ], [ -75.521495, 0.7762767 ], [ -75.5260346, 0.7832122 ], [ -75.5374677, 0.7871633 ], [ -75.5374677, 0.8200755 ], [ -75.535702300000011, 0.823102 ], [ -75.5497835, 0.8331059 ], [ -75.5743716, 0.8343446 ], [ -75.5879681, 0.8389523 ], [ -75.6006836, 0.8366253 ], [ -75.6090281, 0.8390343 ], [ -75.6134574, 0.8461278 ], [ -75.6140806, 0.859369 ], [ -75.6207791, 0.8693389 ], [ -75.6329487, 0.8758089 ], [ -75.6443017, 0.8766605 ], [ -75.6596459, 0.8735449 ], [ -75.6791231, 0.8577407 ], [ -75.6933623, 0.8575654 ], [ -75.712158, 0.8623848 ], [ -75.7353349, 0.8570835 ], [ -75.7571975, 0.8375868 ], [ -75.7635066, 0.8385069 ], [ -75.7666173, 0.8449912 ], [ -75.7647333, 0.8518259 ], [ -75.7811631, 0.8753096 ], [ -75.7988927, 0.8950327 ], [ -75.8089021, 0.8955187 ], [ -75.815362900000011, 0.8916966 ], [ -75.824533, 0.8757297 ], [ -75.8321389, 0.8737878 ], [ -75.8503728, 0.8809234 ], [ -75.85798, 0.8868708 ], [ -75.8655363, 0.9066406 ], [ -75.8668017, 0.9205993 ], [ -75.8719394, 0.9266757 ], [ -75.8942911, 0.934625 ], [ -75.9017599, 0.945128 ], [ -75.9053776, 0.9680013 ], [ -75.9127777, 0.975509 ], [ -75.9445277, 0.9802227 ], [ -75.9470815, 0.9846197 ], [ -75.9451868, 0.9881939 ], [ -75.9335625, 0.9921905 ], [ -75.9305027, 1.0079592 ], [ -75.9209665, 1.0222595 ], [ -75.9222959, 1.0306211 ], [ -75.9261261, 1.0342985 ], [ -75.9361226, 1.029594 ], [ -75.9476244, 1.030695 ], [ -75.9756439, 1.0616372 ], [ -75.9867295, 1.0701836 ], [ -75.9959368, 1.0724425 ], [ -76.000806, 1.0678559 ], [ -75.9983287, 1.061246 ], [ -75.9876076, 1.0536828 ], [ -75.9857014, 1.0464281 ], [ -75.9905333, 1.030193 ], [ -75.9940122, 1.0272294 ], [ -75.9997461, 1.0296776 ], [ -76.0015008, 1.0504988 ], [ -76.0060669, 1.0550287 ], [ -76.0211261, 1.047733 ], [ -76.0389833, 1.0526865 ], [ -76.0471218, 1.046189 ], [ -76.055442, 1.0476185 ], [ -76.0640553, 1.0545824 ], [ -76.0895908, 1.0578009 ], [ -76.093639, 1.0543061 ], [ -76.0923292, 1.0490873 ], [ -76.0818898, 1.0457322 ], [ -76.0746405, 1.0310442 ], [ -76.0773669, 1.0242941 ], [ -76.0844387, 1.0201219 ], [ -76.0970614, 1.0200368 ], [ -76.1034838, 1.0252882 ], [ -76.1138594, 1.0117768 ], [ -76.1261402, 1.0066316 ], [ -76.1457095, 1.0190401 ], [ -76.1464803, 1.0220855 ], [ -76.1506824, 1.0185114 ], [ -76.1679245, 1.0302656 ], [ -76.184363, 1.0255484 ], [ -76.1819285, 1.0150682 ], [ -76.1931983, 1.0099055 ], [ -76.2005206, 1.0176994 ], [ -76.2051263, 1.0165664 ], [ -76.2083025, 1.0019698 ], [ -76.20431, 1.0000948 ], [ -76.1968368, 1.006812 ], [ -76.1909336, 1.0050227 ], [ -76.1885103, 0.9983028 ], [ -76.1905938, 0.9934335 ], [ -76.197980800000011, 0.9885039 ], [ -76.2033108, 0.9805162 ], [ -76.231702, 0.9812263 ], [ -76.2353394, 0.9825711 ], [ -76.2380366, 0.9769224 ], [ -76.233264, 0.9689847 ], [ -76.2336592, 0.9653031 ], [ -76.2402078, 0.9647977 ], [ -76.247302, 0.9725596 ], [ -76.2494901, 0.9812242 ], [ -76.2579462, 0.9728488 ], [ -76.2664876, 0.9694323 ], [ -76.2706459, 0.972545 ], [ -76.2727734, 0.9814293 ], [ -76.2767828, 0.9836126 ], [ -76.2835203, 0.9705395 ], [ -76.2979889, 0.9605775 ], [ -76.3105701, 0.9657861 ], [ -76.3280279, 0.9580285 ], [ -76.3316319, 0.959622 ], [ -76.328102, 0.9673979 ], [ -76.3357805, 0.9806357 ], [ -76.3454327, 0.9756889 ], [ -76.3499429, 0.9804055 ], [ -76.3734531, 0.9831832 ], [ -76.38495, 0.9749332 ], [ -76.3995023, 0.9803287 ], [ -76.4068255, 0.9705944 ], [ -76.4107267, 0.9616292 ], [ -76.4188188, 0.9631377 ], [ -76.4244469, 0.9602317 ], [ -76.4389864, 0.9686985 ], [ -76.4446377, 0.9691064 ], [ -76.4455675, 0.9814014 ], [ -76.4519204, 0.983371 ], [ -76.4549935, 0.98895 ], [ -76.4692399, 0.9997814 ], [ -76.4793195, 1.001951 ], [ -76.4847157, 1.0061209 ], [ -76.4876839, 1.0189346 ], [ -76.4934557, 1.0281796 ], [ -76.504901, 1.0300848 ], [ -76.5221202, 1.0300879 ], [ -76.5308978, 1.0349493 ], [ -76.5368744, 1.0343046 ], [ -76.5458175, 1.0387765 ], [ -76.5509251, 1.0555552 ], [ -76.5562417, 1.0623165 ], [ -76.5547255, 1.0669222 ], [ -76.5638027, 1.0733636 ], [ -76.560579, 1.0835863 ], [ -76.5679771, 1.0823994 ], [ -76.5673599, 1.0902679 ], [ -76.561417, 1.0959432 ], [ -76.5676231, 1.1019888 ], [ -76.5664472, 1.1052973 ], [ -76.5589602, 1.1078777 ], [ -76.5586045, 1.1119504 ], [ -76.5532051, 1.1133974 ], [ -76.5529043, 1.12007 ], [ -76.5488999, 1.1233845 ], [ -76.5504412, 1.1305692 ], [ -76.5466455, 1.1325278 ], [ -76.5508983, 1.1419373 ], [ -76.5473329, 1.1564902 ], [ -76.5437097, 1.1601892 ], [ -76.543399800000017, 1.1798347 ], [ -76.5372698, 1.2095919 ], [ -76.5439113, 1.222933 ], [ -76.563099, 1.2350515 ], [ -76.5659186, 1.2397905 ], [ -76.5634554, 1.2480518 ], [ -76.5695622, 1.2504254 ], [ -76.5739955, 1.2589806 ], [ -76.5719682, 1.2665986 ], [ -76.5746522, 1.2839421 ], [ -76.5860165, 1.3006316 ], [ -76.5847887, 1.3073702 ], [ -76.5758514, 1.3185204 ], [ -76.5713971, 1.3299275 ], [ -76.5835323, 1.338565 ], [ -76.5843058, 1.3453112 ], [ -76.5779309, 1.3477259 ], [ -76.5783414, 1.358713 ], [ -76.5766511, 1.3655705 ], [ -76.5795729, 1.3736118 ], [ -76.5737051, 1.3840435 ], [ -76.5774768, 1.3886065 ], [ -76.5917792, 1.3911496 ], [ -76.5910904, 1.3970424 ], [ -76.6017756, 1.4047385 ], [ -76.6000807, 1.4113466 ], [ -76.6129894, 1.4230203 ], [ -76.6243715, 1.4226274 ], [ -76.6272232, 1.4291096 ], [ -76.6335794, 1.4310336 ], [ -76.6347361, 1.4418791 ], [ -76.6398133, 1.4444067 ], [ -76.6458305, 1.451721 ], [ -76.645742, 1.4554046 ], [ -76.6616267, 1.459768 ], [ -76.6645814, 1.4655745 ] ] ] ] } },
{ "type": "Feature", "properties": { "id": "91", "name": "AMAZONAS", "label": "Amazonas", "n_especies": 11516.0, "n_registros": 474386.0 }, "geometry": { "type": "MultiPolygon", "coordinates": [ [ [ [ -71.1494523, 0.0387209 ], [ -71.1446934, 0.0604331 ], [ -71.1487363, 0.066969 ], [ -71.1581023, 0.0723595 ], [ -71.169018, 0.0883625 ], [ -71.1813488, 0.0961114 ], [ -71.1892997, 0.0970547 ], [ -71.1923319, 0.0940899 ], [ -71.1864697, 0.0821635 ], [ -71.1999618, 0.0764099 ], [ -71.2071557, 0.0701023 ], [ -71.2223165, 0.059793 ], [ -71.2257529, 0.0542003 ], [ -71.2326861, 0.0653809 ], [ -71.2388249, 0.0660594 ], [ -71.2502796, 0.0577715 ], [ -71.2538459, 0.0595188 ], [ -71.2612144, 0.0543354 ], [ -71.2618294, 0.0449056 ], [ -71.2728991, 0.0355782 ], [ -71.2856881, 0.0378742 ], [ -71.2934885, 0.033274 ], [ -71.303689, 0.0324739 ], [ -71.3151523, 0.0205399 ], [ -71.3422491, 0.0188811 ], [ -71.3526172, 0.0237196 ], [ -71.3583241, 0.029895 ], [ -71.3705894, 0.0311849 ], [ -71.3874555, 0.0244108 ], [ -71.3857965, 0.0145971 ], [ -71.3954738, 0.0111391 ], [ -71.4004507, 0.0056092 ], [ -71.4202959, 0.0037117 ], [ -71.4311416, 0.0069315 ], [ -71.448379, 0.0033488 ], [ -71.4518201, -0.0112606 ], [ -71.4658818, -0.0079814 ], [ -71.4748634, -0.012218 ], [ -71.4911319, -0.0051005 ], [ -71.5006219, 0.0011697 ], [ -71.549936, 0.0220138 ], [ -71.5638321, 0.0211665 ], [ -71.5772198, 0.0157436 ], [ -71.5821342, 0.009304 ], [ -71.5782366, -0.0010331 ], [ -71.6023005, -0.0198439 ], [ -71.632105, -0.0363054 ], [ -71.6475474, -0.0384849 ], [ -71.6717808, -0.0598374 ], [ -71.7029622, -0.0647519 ], [ -71.7049958, -0.0700053 ], [ -71.7009286, -0.0974585 ], [ -71.7170277, -0.1127103 ], [ -71.7187224, -0.1194888 ], [ -71.7265109, -0.1229363 ], [ -71.736458, -0.1545344 ], [ -71.7349942, -0.166872 ], [ -71.7228657, -0.1825555 ], [ -71.7144919, -0.2055465 ], [ -71.7111375, -0.2338123 ], [ -71.7228586, -0.2347171 ], [ -71.7271551, -0.2306468 ], [ -71.7304339, -0.232908 ], [ -71.7293033, -0.2378829 ], [ -71.7380146, -0.2422384 ], [ -71.7381656, -0.2472213 ], [ -71.7429975, -0.2523552 ], [ -71.7725928, -0.2567341 ], [ -71.7731968, -0.2635289 ], [ -71.7896555, -0.2704748 ], [ -71.8011312, -0.2647369 ], [ -71.811399, -0.2636799 ], [ -71.8149814, -0.2711118 ], [ -71.8229503, -0.2751733 ], [ -71.8376543, -0.2760988 ], [ -71.842734, -0.2730876 ], [ -71.8470113, -0.2767671 ], [ -71.8601729, -0.2729626 ], [ -71.8699773, -0.2729697 ], [ -71.8720588, -0.2699631 ], [ -71.9099881, -0.2733166 ], [ -71.9149363, -0.2678631 ], [ -71.9306889, -0.2654766 ], [ -71.9613407, -0.2702858 ], [ -71.9686089, -0.2691676 ], [ -71.9803497, -0.2736403 ], [ -71.9831452, -0.2794176 ], [ -71.9980542, -0.2756903 ], [ -72.0129633, -0.265254 ], [ -72.031786, -0.2665585 ], [ -72.0418496, -0.2691676 ], [ -72.0461359, -0.2825858 ], [ -72.0614177, -0.2961903 ], [ -72.0567586, -0.3094221 ], [ -72.0627222, -0.3247038 ], [ -72.0707359, -0.3247038 ], [ -72.0821137, -0.3379404 ], [ -72.086204, -0.3368174 ], [ -72.0895585, -0.3308538 ], [ -72.0968264, -0.3291765 ], [ -72.1121085, -0.3329038 ], [ -72.1234766, -0.3390538 ], [ -72.1262721, -0.3371902 ], [ -72.1275766, -0.3407311 ], [ -72.1436038, -0.3472538 ], [ -72.1439766, -0.3561992 ], [ -72.1534443, -0.3553261 ], [ -72.1572346, -0.3631773 ], [ -72.158859, -0.3823993 ], [ -72.1480297, -0.3929579 ], [ -72.1552368, -0.4057281 ], [ -72.1629807, -0.411407 ], [ -72.167627, -0.4346386 ], [ -72.1880106, -0.4656855 ], [ -72.1949887, -0.4676792 ], [ -72.2011839, -0.4743906 ], [ -72.2011839, -0.4795532 ], [ -72.2306106, -0.4929759 ], [ -72.2300944, -0.5038174 ], [ -72.234740700000017, -0.5120775 ], [ -72.2331919, -0.5234352 ], [ -72.2388708, -0.5384068 ], [ -72.2399033, -0.5621547 ], [ -72.2466147, -0.5853864 ], [ -72.2428659, -0.6053095 ], [ -72.2490726, -0.6137207 ], [ -72.2634094, -0.622705 ], [ -72.2812444, -0.6284912 ], [ -72.2875907, -0.6339364 ], [ -72.2925418, -0.6442076 ], [ -72.3087494, -0.6519095 ], [ -72.3222229, -0.6501235 ], [ -72.3369852, -0.6419676 ], [ -72.3562448, -0.6368931 ], [ -72.3732958, -0.6220326 ], [ -72.3962119, -0.6126531 ], [ -72.4090474, -0.5971277 ], [ -72.4038006, -0.5823211 ], [ -72.4080469, -0.5675332 ], [ -72.4160061, -0.5623514 ], [ -72.42497, -0.5622898 ], [ -72.4354703, -0.5686094 ], [ -72.4693633, -0.6017701 ], [ -72.4798028, -0.6160701 ], [ -72.4994978, -0.6346855 ], [ -72.5138872, -0.6569433 ], [ -72.5311156, -0.668203 ], [ -72.5563722, -0.70584 ], [ -72.5653709, -0.7045487 ], [ -72.5964223, -0.6904827 ], [ -72.648947, -0.6509353 ], [ -72.6769544, -0.6315168 ], [ -72.677512300000018, -0.6160953 ], [ -72.6964351, -0.609052 ], [ -72.7143327, -0.5889161 ], [ -72.7279803, -0.5833918 ], [ -72.7366797, -0.5834739 ], [ -72.7435736, -0.5756772 ], [ -72.7459536, -0.5581964 ], [ -72.7512419, -0.5548335 ], [ -72.7599682, -0.558336 ], [ -72.776561, -0.5777061 ], [ -72.792329, -0.5752034 ], [ -72.8033423, -0.5810538 ], [ -72.8111094, -0.5970805 ], [ -72.8331142, -0.5987558 ], [ -72.8541091, -0.6118244 ], [ -72.8777222, -0.6176019 ], [ -72.9172783, -0.6155095 ], [ -72.9335458, -0.6082873 ], [ -72.9389151, -0.602832 ], [ -72.9475937, -0.5778947 ], [ -72.9589143, -0.5594407 ], [ -72.9894746, -0.5368126 ], [ -73.0156567, -0.5268674 ], [ -73.0300671, -0.5280091 ], [ -73.0468906, -0.5372024 ], [ -73.0567905, -0.5541275 ], [ -73.0625768, -0.5792078 ], [ -73.0704212, -0.5925012 ], [ -73.0720009, -0.6181741 ], [ -73.074792, -0.6212888 ], [ -73.0849021, -0.6228098 ], [ -73.0992402, -0.6099761 ], [ -73.1164441, -0.6040547 ], [ -73.1368909, -0.6071725 ], [ -73.1614861, -0.6203932 ], [ -73.1996642, -0.6266282 ], [ -73.2090209, -0.624275 ], [ -73.2204928, -0.6058952 ], [ -73.2393591, -0.5869086 ], [ -73.2544507, -0.581214 ], [ -73.2616217, -0.5606302 ], [ -73.2720357, -0.5502253 ], [ -73.2826937, -0.5450226 ], [ -73.2992757, -0.5419494 ], [ -73.3216122, -0.525393 ], [ -73.3299143, -0.5076954 ], [ -73.3341459, -0.5059016 ], [ -73.3576807, -0.5152186 ], [ -73.3664328, -0.5219041 ], [ -73.3716379, -0.5333748 ], [ -73.3756837, -0.5360036 ], [ -73.3913318, -0.5329212 ], [ -73.4078321, -0.5183897 ], [ -73.4303448, -0.5108967 ], [ -73.4489822, -0.5137851 ], [ -73.4855774, -0.5275378 ], [ -73.513497, -0.5228307 ], [ -73.5199113, -0.5181216 ], [ -73.5288167, -0.5014865 ], [ -73.5297231, -0.490396 ], [ -73.536137200000013, -0.4875099 ], [ -73.5473029, -0.511819 ], [ -73.5633957, -0.5178498 ], [ -73.5708454, -0.5155431 ], [ -73.5693379, -0.4945771 ], [ -73.5795259, -0.4781698 ], [ -73.5794784, -0.4559696 ], [ -73.5995232, -0.438626 ], [ -73.6160119, -0.4410969 ], [ -73.6492977, -0.457596 ], [ -73.6528712, -0.4555763 ], [ -73.6524113, -0.4509783 ], [ -73.63643, -0.4325534 ], [ -73.6365973, -0.423536 ], [ -73.6421404, -0.4164169 ], [ -73.6505339, -0.4160883 ], [ -73.667204, -0.4218805 ], [ -73.6812465, -0.4197432 ], [ -73.6921432, -0.4128888 ], [ -73.7058775, -0.3890603 ], [ -73.7146689, -0.3822474 ], [ -73.729053, -0.3804627 ], [ -73.7375795, -0.3833307 ], [ -73.7550199, -0.4038564 ], [ -73.7682138, -0.4081331 ], [ -73.8158503, -0.4116687 ], [ -73.841313200000016, -0.3979806 ], [ -74.3890673, -0.5544865 ], [ -74.396344, -0.5807908 ], [ -74.3952461, -0.5876259 ], [ -74.3777684, -0.6093901 ], [ -74.3656286, -0.6151531 ], [ -74.363664, -0.6236234 ], [ -74.3714486, -0.6278103 ], [ -74.3782829, -0.6394747 ], [ -74.3745197, -0.6471094 ], [ -74.3740449, -0.6586905 ], [ -74.3483372, -0.676337 ], [ -74.3481168, -0.6876838 ], [ -74.341875, -0.6936015 ], [ -74.3523519, -0.7041749 ], [ -74.372767, -0.7090263 ], [ -74.3816432, -0.7207096 ], [ -74.3748885, -0.7364209 ], [ -74.3530815, -0.7562648 ], [ -74.3387959, -0.7620839 ], [ -74.3275348, -0.7574739 ], [ -74.3264638, -0.7612447 ], [ -74.3149145, -0.7677298 ], [ -74.3135597, -0.7723848 ], [ -74.3201936, -0.7783558 ], [ -74.3206409, -0.791173 ], [ -74.317728500000015, -0.7961984 ], [ -74.3028806, -0.7951705 ], [ -74.297227, -0.7908874 ], [ -74.2946001, -0.780494 ], [ -74.290283800000012, -0.7832922 ], [ -74.2868002, -0.7945423 ], [ -74.2937673, -0.809847 ], [ -74.292727900000017, -0.8199132 ], [ -74.277606, -0.8305769 ], [ -74.2667557, -0.8277215 ], [ -74.2561337, -0.8197836 ], [ -74.2548144, -0.8235083 ], [ -74.2586833, -0.8331289 ], [ -74.2692601, -0.8408041 ], [ -74.2729167, -0.8587396 ], [ -74.2689843, -0.8674953 ], [ -74.2688429, -0.875767 ], [ -74.2730269, -0.8800626 ], [ -74.2790454, -0.8784304 ], [ -74.2847546, -0.8704461 ], [ -74.3002451, -0.8633906 ], [ -74.3097495, -0.8645383 ], [ -74.3195719, -0.8735041 ], [ -74.3220275, -0.8811565 ], [ -74.3192292, -0.8912073 ], [ -74.3144893, -0.8967467 ], [ -74.3092724, -0.8980323 ], [ -74.3028395, -0.8951477 ], [ -74.2765369, -0.9082492 ], [ -74.27297750000001, -0.9303381 ], [ -74.2631806, -0.9446445 ], [ -74.2663112, -0.9525574 ], [ -74.276808, -0.9596976 ], [ -74.2759561, -0.9768541 ], [ -74.2383101, -1.0042598 ], [ -74.2350935, -1.0034201 ], [ -74.2243243, -1.0105831 ], [ -74.1834378, -1.010594 ], [ -74.1736167, -1.007124 ], [ -74.1555091, -1.0150629 ], [ -74.1442192, -1.025367 ], [ -74.0923999, -1.0525893 ], [ -74.0810527, -1.0543095 ], [ -74.0746719, -1.052456 ], [ -74.059603, -1.0569408 ], [ -74.0528162, -1.0548379 ], [ -74.0428578, -1.045734 ], [ -74.0351433, -1.0325689 ], [ -74.0364435, -1.0191117 ], [ -74.030133, -1.00746 ], [ -74.0260458, -1.005811 ], [ -74.0208683, -1.0090887 ], [ -74.0153012, -1.0186061 ], [ -74.0267884, -1.0469179 ], [ -74.0274532, -1.063474 ], [ -74.0106495, -1.0988335 ], [ -73.9901879, -1.1085997 ], [ -73.981053500000016, -1.1094952 ], [ -73.9747119, -1.1024061 ], [ -73.9720159, -1.0901666 ], [ -73.9645083, -1.0847498 ], [ -73.9571735, -1.0875733 ], [ -73.9521606, -1.0945127 ], [ -73.9682345, -1.1157515 ], [ -73.9699889, -1.1244059 ], [ -73.9658432, -1.1291035 ], [ -73.9522676, -1.1337251 ], [ -73.9354698, -1.133911 ], [ -73.922737, -1.1230706 ], [ -73.9050011, -1.1280767 ], [ -73.8978642, -1.1551957 ], [ -73.8985362, -1.1635402 ], [ -73.8873139, -1.1855852 ], [ -73.8758925, -1.1962071 ], [ -73.8689255, -1.2135676 ], [ -73.8705816, -1.2208202 ], [ -73.8669838, -1.2272162 ], [ -73.8476342, -1.2377196 ], [ -73.8349632, -1.2391456 ], [ -73.8110054, -1.2501967 ], [ -73.797889, -1.2515533 ], [ -73.7892871, -1.2414845 ], [ -73.782241700000014, -1.247099 ], [ -73.7851079, -1.2583548 ], [ -73.7716198, -1.2629748 ], [ -73.7620829, -1.2595483 ], [ -73.7559503, -1.2433908 ], [ -73.7504892, -1.2366524 ], [ -73.7509556, -1.2064173 ], [ -73.7447788, -1.2008976 ], [ -73.7426091, -1.2374623 ], [ -73.7340333, -1.2500362 ], [ -73.7257085, -1.2542027 ], [ -73.704629, -1.2547986 ], [ -73.6960477, -1.2524572 ], [ -73.6845463, -1.2422992 ], [ -73.669546, -1.2452879 ], [ -73.6563633, -1.263492 ], [ -73.6428166, -1.2709023 ], [ -73.6315586, -1.2720764 ], [ -73.6206267, -1.2647048 ], [ -73.6209728, -1.2905344 ], [ -73.6135259, -1.3189908 ], [ -73.5975383, -1.3303239 ], [ -73.5830951, -1.3289191 ], [ -73.573659, -1.3200297 ], [ -73.5694139, -1.3245792 ], [ -73.5704285, -1.3321597 ], [ -73.5805956, -1.3374099 ], [ -73.5810933, -1.3497248 ], [ -73.579326, -1.3537036 ], [ -73.5834377, -1.3725489 ], [ -73.5797637, -1.3806044 ], [ -73.5726333, -1.3830496 ], [ -73.5623746, -1.3812469 ], [ -73.5522571, -1.4051212 ], [ -73.5583979, -1.4166431 ], [ -73.5650682, -1.4180467 ], [ -73.5760464, -1.4120186 ], [ -73.5842632, -1.4138645 ], [ -73.5880551, -1.4184882 ], [ -73.5866097, -1.4248768 ], [ -73.5757283, -1.4309124 ], [ -73.5543131, -1.4341103 ], [ -73.5393322, -1.4326101 ], [ -73.5339663, -1.4389346 ], [ -73.5315336, -1.4537996 ], [ -73.5350984, -1.4699592 ], [ -73.5309145, -1.4787671 ], [ -73.4999647, -1.4874204 ], [ -73.4904606, -1.4852548 ], [ -73.4880771, -1.4955354 ], [ -73.4965951, -1.5101728 ], [ -73.4941748, -1.5191419 ], [ -73.4803971, -1.5240135 ], [ -73.4793988, -1.5305878 ], [ -73.4844063, -1.5418222 ], [ -73.4965764, -1.5495959 ], [ -73.5003085, -1.5574366 ], [ -73.4982362, -1.5662584 ], [ -73.4846087, -1.5776448 ], [ -73.4762604, -1.5792741 ], [ -73.4703897, -1.5757335 ], [ -73.4697481, -1.5707018 ], [ -73.4652767, -1.5691594 ], [ -73.4589161, -1.5733102 ], [ -73.4605056, -1.5825906 ], [ -73.4682187, -1.5931949 ], [ -73.5071938, -1.621903 ], [ -73.5175861, -1.6410046 ], [ -73.5174396, -1.6598217 ], [ -73.523256, -1.6720228 ], [ -73.5331533, -1.6769125 ], [ -73.5381084, -1.6821421 ], [ -73.5415348, -1.6921787 ], [ -73.5398383, -1.7008518 ], [ -73.5044552, -1.7322787 ], [ -73.4720244, -1.7387842 ], [ -73.4505832, -1.7499962 ], [ -73.438037, -1.7631061 ], [ -73.4356982, -1.7862839 ], [ -73.4287376, -1.791474 ], [ -73.3972678, -1.787148 ], [ -73.3857962, -1.7808322 ], [ -73.3764983, -1.7828336 ], [ -73.3552777, -1.7994678 ], [ -73.3349327, -1.8040367 ], [ -73.3288164, -1.8134424 ], [ -73.325357, -1.8234512 ], [ -73.3146353, -1.8288382 ], [ -73.3040434, -1.8293504 ], [ -73.2974723, -1.8234489 ], [ -73.296816400000012, -1.8157829 ], [ -73.3060792, -1.8036808 ], [ -73.3037562, -1.7976415 ], [ -73.2902187, -1.7836401 ], [ -73.281196, -1.7799463 ], [ -73.2617304, -1.7846749 ], [ -73.250963, -1.7813613 ], [ -73.2440161, -1.7849626 ], [ -73.2426167, -1.7886165 ], [ -73.2501201, -1.793729 ], [ -73.2573124, -1.7951421 ], [ -73.2599066, -1.8011342 ], [ -73.257446, -1.8063901 ], [ -73.2502618, -1.8089105 ], [ -73.2301227, -1.8010326 ], [ -73.2256442, -1.7878363 ], [ -73.2279757, -1.7609343 ], [ -73.225521700000016, -1.7525494 ], [ -73.2188441, -1.7499111 ], [ -73.2126535, -1.7538002 ], [ -73.1953107, -1.791533 ], [ -73.1907844, -1.7954589 ], [ -73.1855385, -1.8079439 ], [ -73.1690707, -1.8036016 ], [ -73.146718, -1.8053466 ], [ -73.1481521, -1.8210479 ], [ -73.1502224, -1.8361679 ], [ -73.1569675, -1.8515747 ], [ -73.1530436, -1.8619286 ], [ -73.1417016, -1.8717145 ], [ -73.1122526, -1.8740243 ], [ -73.108826, -1.8867461 ], [ -73.1196516, -1.9077377 ], [ -73.1194683, -1.9190538 ], [ -73.114567, -1.9317553 ], [ -73.1184743, -1.9730178 ], [ -73.129803, -1.9883493 ], [ -73.1286432, -1.9958024 ], [ -73.1246677, -2.0019777 ], [ -73.1237493, -2.0118239 ], [ -73.1152205, -2.0217413 ], [ -73.097527, -2.0283206 ], [ -73.0936122, -2.0417636 ], [ -73.1119037, -2.064359 ], [ -73.1143937, -2.0726351 ], [ -73.1107047, -2.0808109 ], [ -73.1025397, -2.083677 ], [ -73.0703889, -2.0847498 ], [ -73.0691597, -2.0892846 ], [ -73.0757329, -2.104396 ], [ -73.1129869, -2.1234058 ], [ -73.1194775, -2.1339177 ], [ -73.1266023, -2.1693552 ], [ -73.134577, -2.1816859 ], [ -73.1516537, -2.1851515 ], [ -73.1665794, -2.1825954 ], [ -73.172647, -2.188 ], [ -73.1748156, -2.1975307 ], [ -73.1706365, -2.2033053 ], [ -73.1726651, -2.2208548 ], [ -73.1571398, -2.2585746 ], [ -73.1478653, -2.2666186 ], [ -73.1312819, -2.2924398 ], [ -73.1253511, -2.2965443 ], [ -73.1268383, -2.3231348 ], [ -73.1210086, -2.3281317 ], [ -73.0989986, -2.3263471 ], [ -73.0721464, -2.3427535 ], [ -73.0688211, -2.3599926 ], [ -73.053533, -2.3660603 ], [ -73.042719800000015, -2.3583388 ], [ -73.0385523, -2.3481629 ], [ -73.0397587, -2.3282106 ], [ -73.0330958, -2.3320649 ], [ -73.0216173, -2.3314938 ], [ -73.018248, -2.3462275 ], [ -73.0071692, -2.3601045 ], [ -72.9994027, -2.3630169 ], [ -72.9938062, -2.3617606 ], [ -72.9806145, -2.343315 ], [ -72.971872, -2.3488628 ], [ -72.9688504, -2.3645017 ], [ -72.9582744, -2.3803449 ], [ -72.9568084, -2.3936549 ], [ -72.9490628, -2.4072511 ], [ -72.9348369, -2.414897 ], [ -72.932525500000011, -2.4330683 ], [ -72.9381948, -2.4418943 ], [ -72.9387351, -2.4517024 ], [ -72.9342371, -2.4572894 ], [ -72.9278499, -2.4576719 ], [ -72.9135018, -2.446536 ], [ -72.8898195, -2.4443209 ], [ -72.8777789, -2.4390621 ], [ -72.8681421, -2.4422744 ], [ -72.8312604, -2.4311504 ], [ -72.8213857, -2.4214541 ], [ -72.7972837, -2.410925 ], [ -72.78497, -2.3958749 ], [ -72.7799731, -2.3986113 ], [ -72.7734891, -2.3941498 ], [ -72.760759, -2.402359 ], [ -72.759602, -2.4164527 ], [ -72.7554052, -2.4272243 ], [ -72.7386895, -2.4282356 ], [ -72.729945, -2.4210972 ], [ -72.728981, -2.399564 ], [ -72.7024027, -2.3983139 ], [ -72.699131, -2.4045005 ], [ -72.7047822, -2.4136019 ], [ -72.6926044, -2.4327926 ], [ -72.6927719, -2.4520659 ], [ -72.6823617, -2.4533746 ], [ -72.6622553, -2.4412393 ], [ -72.6612083, -2.422513 ], [ -72.6544863, -2.4065111 ], [ -72.636224, -2.391342 ], [ -72.6339397, -2.3803251 ], [ -72.6392935, -2.3639069 ], [ -72.6292402, -2.3599808 ], [ -72.6209716, -2.3639663 ], [ -72.6069328, -2.3640853 ], [ -72.5911689, -2.3731273 ], [ -72.5768326, -2.3966244 ], [ -72.5663445, -2.4057949 ], [ -72.5448817, -2.4046527 ], [ -72.536918, -2.4110884 ], [ -72.5316438, -2.4117816 ], [ -72.5196119, -2.4264962 ], [ -72.5106175, -2.4267341 ], [ -72.4969118, -2.4180253 ], [ -72.489487900000015, -2.4217849 ], [ -72.4752587, -2.4212614 ], [ -72.4633138, -2.4258775 ], [ -72.4392713, -2.4420341 ], [ -72.4294918, -2.4410347 ], [ -72.4184987, -2.4341105 ], [ -72.4086477, -2.415979 ], [ -72.4001359, -2.4378275 ], [ -72.4059017, -2.4436441 ], [ -72.4050071, -2.4542407 ], [ -72.3965838, -2.4728719 ], [ -72.3883747, -2.4722294 ], [ -72.3821394, -2.4811806 ], [ -72.3785951, -2.489076 ], [ -72.3718215, -2.4926213 ], [ -72.3640995, -2.4924963 ], [ -72.342689, -2.4826515 ], [ -72.3288406, -2.4828656 ], [ -72.3107091, -2.4759414 ], [ -72.3022858, -2.4782257 ], [ -72.2876164, -2.4715751 ], [ -72.2845826, -2.4553353 ], [ -72.2797047, -2.4540266 ], [ -72.2589439, -2.4606296 ], [ -72.2543039, -2.4578932 ], [ -72.2527573, -2.4487323 ], [ -72.2608955, -2.4358935 ], [ -72.2550178, -2.432195 ], [ -72.2432989, -2.4324924 ], [ -72.2279514, -2.4483753 ], [ -72.2114142, -2.4496246 ], [ -72.2009445, -2.4458174 ], [ -72.1873213, -2.4359521 ], [ -72.186979, -2.4404643 ], [ -72.1748436, -2.4459969 ], [ -72.1690815, -2.4548238 ], [ -72.1715184, -2.4720868 ], [ -72.168282300000016, -2.4794155 ], [ -72.1571765, -2.4812032 ], [ -72.1432043, -2.4711352 ], [ -72.1345025, -2.4529945 ], [ -72.1300486, -2.4330552 ], [ -72.1318303, -2.4213974 ], [ -72.1207085, -2.4044419 ], [ -72.0939998, -2.3881429 ], [ -72.061877100000018, -2.347811 ], [ -72.0467179, -2.3384873 ], [ -72.0294084, -2.3464487 ], [ -72.0181126, -2.3663416 ], [ -71.9902609, -2.3737542 ], [ -71.9685431, -2.3683258 ], [ -71.9595708, -2.359172 ], [ -71.9588675, -2.3647556 ], [ -71.9308348, -2.3832648 ], [ -71.9204037, -2.3810828 ], [ -71.9164168, -2.3742545 ], [ -71.9164189, -2.3644278 ], [ -71.9327148, -2.3287204 ], [ -71.9240613, -2.3129164 ], [ -71.9186087, -2.3111905 ], [ -71.8926084, -2.3154032 ], [ -71.879626, -2.3102321 ], [ -71.8636355, -2.2847992 ], [ -71.8585553, -2.2585006 ], [ -71.8454858, -2.2340759 ], [ -71.8336863, -2.1969423 ], [ -71.8305803, -2.1952499 ], [ -71.8285565, -2.1979245 ], [ -71.8156541, -2.1979908 ], [ -71.8169043, -2.2011604 ], [ -71.812445, -2.2014019 ], [ -71.8088205, -2.2064281 ], [ -71.7998429, -2.2079279 ], [ -71.7941333, -2.2047006 ], [ -71.7904394, -2.1890907 ], [ -71.7682606, -2.1796326 ], [ -71.763232, -2.1745618 ], [ -71.7501238, -2.1749358 ], [ -71.7431858, -2.1640326 ], [ -71.7471865, -2.1489494 ], [ -71.7402595, -2.1467218 ], [ -71.7199317, -2.1589017 ], [ -71.7239952, -2.1807008 ], [ -71.733143, -2.196998 ], [ -71.7346899, -2.2145791 ], [ -71.7304111, -2.226464 ], [ -71.7128999, -2.2331897 ], [ -71.7026927, -2.2307858 ], [ -71.6715264, -2.2083091 ], [ -71.6495784, -2.2032601 ], [ -71.6306571, -2.2096121 ], [ -71.6109632, -2.2351639 ], [ -71.5829014, -2.2437362 ], [ -71.5738601, -2.2494026 ], [ -71.5188066, -2.2521613 ], [ -71.5172522, -2.2625441 ], [ -71.523903600000011, -2.2995827 ], [ -71.5268824, -2.3044985 ], [ -71.5217037, -2.3101611 ], [ -71.5257557, -2.3206679 ], [ -71.5009419, -2.3545943 ], [ -71.491878, -2.3562048 ], [ -71.4818754, -2.3526763 ], [ -71.4776933, -2.3415009 ], [ -71.4786401, -2.3275258 ], [ -71.4871472, -2.3064024 ], [ -71.4842712, -2.2927137 ], [ -71.4781484, -2.2826259 ], [ -71.4670146, -2.2737597 ], [ -71.4484933, -2.2863565 ], [ -71.4289852, -2.3272329 ], [ -71.4123375, -2.3382789 ], [ -71.4082784, -2.3494406 ], [ -71.3991994, -2.3584776 ], [ -71.4011516, -2.3689079 ], [ -71.4092434, -2.3847533 ], [ -71.4082884, -2.3958043 ], [ -71.401118400000016, -2.407689 ], [ -71.3945736, -2.4114246 ], [ -71.3833009, -2.4080291 ], [ -71.36746, -2.3913665 ], [ -71.3564072, -2.3922417 ], [ -71.3482727, -2.3895198 ], [ -71.336542, -2.3835396 ], [ -71.3286872, -2.384656 ], [ -71.3140936, -2.3768988 ], [ -71.3130023, -2.3754614 ], [ -71.3076205, -2.3632204 ], [ -71.305337, -2.3527399 ], [ -71.2982719, -2.3478548 ], [ -71.2833296, -2.3481748 ], [ -71.2772156, -2.3516141 ], [ -71.2816418, -2.3625477 ], [ -71.292882, -2.3768063 ], [ -71.292312900000013, -2.3819019 ], [ -71.2869177, -2.3877311 ], [ -71.2764151, -2.3882924 ], [ -71.2694339, -2.3837647 ], [ -71.2572527, -2.3599639 ], [ -71.2432745, -2.3539098 ], [ -71.2263275, -2.3482698 ], [ -71.2170288, -2.3535514 ], [ -71.2158534, -2.3632195 ], [ -71.2112586, -2.3706604 ], [ -71.1925047, -2.3834021 ], [ -71.1764255, -2.3829195 ], [ -71.1709767, -2.3800504 ], [ -71.1669968, -2.3443525 ], [ -71.1552561, -2.3382084 ], [ -71.1491294, -2.3383395 ], [ -71.1398996, -2.3460771 ], [ -71.1312861, -2.3440642 ], [ -71.1273917, -2.3381013 ], [ -71.1305078, -2.3172777 ], [ -71.1404152, -2.3013344 ], [ -71.1322057, -2.288305 ], [ -71.1101316, -2.2833802 ], [ -71.093216200000015, -2.2844899 ], [ -71.0620644, -2.2726399 ], [ -71.0353177, -2.2765483 ], [ -71.0259868, -2.2828923 ], [ -71.0213517, -2.2965008 ], [ -71.0086478, -2.3074284 ], [ -70.9985489, -2.3098414 ], [ -70.9897013, -2.3052967 ], [ -70.9865671, -2.2934598 ], [ -71.0022436, -2.2609448 ], [ -71.0037443, -2.249088 ], [ -71.0139471, -2.2261595 ], [ -71.0067929, -2.2148335 ], [ -71.0005833, -2.2115128 ], [ -70.9797626, -2.2153259 ], [ -70.9716717, -2.232546 ], [ -70.9454104, -2.2544823 ], [ -70.9332724, -2.2571292 ], [ -70.9210934, -2.2538977 ], [ -70.9072425, -2.2410567 ], [ -70.9009539, -2.2295353 ], [ -70.8834116, -2.2230826 ], [ -70.8647745, -2.2303978 ], [ -70.8555353, -2.2425771 ], [ -70.8433652, -2.2874916 ], [ -70.8344665, -2.2947347 ], [ -70.8125516, -2.2990299 ], [ -70.7878059, -2.2961649 ], [ -70.7702475, -2.2992278 ], [ -70.7628859, -2.3206262 ], [ -70.7538882, -2.3303974 ], [ -70.7409156, -2.3351177 ], [ -70.7152239, -2.3382674 ], [ -70.7057204, -2.3432689 ], [ -70.6859772, -2.345368 ], [ -70.6650361, -2.3583686 ], [ -70.6631859, -2.3635874 ], [ -70.6814406, -2.3925453 ], [ -70.6827943, -2.4045413 ], [ -70.6767634, -2.4119405 ], [ -70.6410626, -2.4131535 ], [ -70.6290124, -2.3986138 ], [ -70.6340722, -2.4251121 ], [ -70.6444044, -2.4472385 ], [ -70.6438945, -2.4616344 ], [ -70.6374583, -2.4723099 ], [ -70.6225268, -2.4827907 ], [ -70.6077041, -2.4873258 ], [ -70.5694207, -2.4854611 ], [ -70.5577289, -2.4769445 ], [ -70.5451671, -2.461058 ], [ -70.5453672, -2.4517371 ], [ -70.5509143, -2.4450421 ], [ -70.5735517, -2.4335583 ], [ -70.5845634, -2.4304662 ], [ -70.5845944, -2.425885 ], [ -70.5766506, -2.4211955 ], [ -70.564736, -2.4199091 ], [ -70.548573, -2.4281602 ], [ -70.5365042, -2.444149 ], [ -70.5270372, -2.4655497 ], [ -70.5147647, -2.4763727 ], [ -70.5007433, -2.4781853 ], [ -70.4875661, -2.4731899 ], [ -70.47094, -2.4557735 ], [ -70.4572858, -2.4760126 ], [ -70.451366, -2.5080234 ], [ -70.4432198, -2.5219083 ], [ -70.4332192, -2.5292894 ], [ -70.418743, -2.5319146 ], [ -70.4056881, -2.5276512 ], [ -70.3833727, -2.5046575 ], [ -70.3688052, -2.4953464 ], [ -70.3550443, -2.4947867 ], [ -70.341795, -2.4980513 ], [ -70.32737, -2.509428 ], [ -70.3177592, -2.5109803 ], [ -70.3021599, -2.5046633 ], [ -70.2988351, -2.5090882 ], [ -70.2993117, -2.5206776 ], [ -70.3051134, -2.527987 ], [ -70.3213917, -2.5339324 ], [ -70.3391977, -2.5341529 ], [ -70.3530974, -2.5390894 ], [ -70.3612362, -2.5478307 ], [ -70.362468400000012, -2.5591324 ], [ -70.3569224, -2.5680498 ], [ -70.3350391, -2.5811697 ], [ -70.3249159, -2.5824835 ], [ -70.3020356, -2.5766723 ], [ -70.2785804, -2.5599861 ], [ -70.2585849, -2.5544289 ], [ -70.2464344, -2.556988 ], [ -70.2419428, -2.5623595 ], [ -70.2315103, -2.5877985 ], [ -70.2277838, -2.6387898 ], [ -70.2199144, -2.6556336 ], [ -70.2030952, -2.6636131 ], [ -70.1938266, -2.6631489 ], [ -70.1866476, -2.6573273 ], [ -70.1787027, -2.6336694 ], [ -70.1738793, -2.6339056 ], [ -70.1656991, -2.6424952 ], [ -70.1583398, -2.6647548 ], [ -70.1685211, -2.6967742 ], [ -70.1634726, -2.7111254 ], [ -70.1509339, -2.717832 ], [ -70.1403472, -2.7152305 ], [ -70.1321095, -2.7061762 ], [ -70.1180517, -2.7026685 ], [ -70.1105752, -2.6954768 ], [ -70.1034359, -2.6793792 ], [ -70.103798, -2.664588 ], [ -70.1002852, -2.6618756 ], [ -70.0785016, -2.6619353 ], [ -70.0741366, -2.6671586 ], [ -70.0709324, -2.6846808 ], [ -70.0746102, -2.7286927 ], [ -70.0686194, -2.7524959 ], [ -70.0603621, -2.7597255 ], [ -70.0748912, -2.7925775 ], [ -70.0818247, -2.7972712 ], [ -70.3390002, -3.2021285 ], [ -70.7112055, -3.7949541 ], [ -70.6976808, -3.7918679 ], [ -70.6850213, -3.7942236 ], [ -70.6515754, -3.8305016 ], [ -70.6261867, -3.8335511 ], [ -70.6202179, -3.8399353 ], [ -70.6129784, -3.8382708 ], [ -70.6002885, -3.8250046 ], [ -70.5846928, -3.816824 ], [ -70.5742138, -3.818214 ], [ -70.5595458, -3.8287993 ], [ -70.5410055, -3.8662804 ], [ -70.5312007, -3.8780278 ], [ -70.5200343, -3.8803547 ], [ -70.4862505, -3.8766682 ], [ -70.4698694, -3.8706828 ], [ -70.4455486, -3.8565421 ], [ -70.415553, -3.8270133 ], [ -70.3786608, -3.8233573 ], [ -70.3545156, -3.8002664 ], [ -70.3076502, -3.8121385 ], [ -70.2838518, -3.8235243 ], [ -70.2751598, -3.8311497 ], [ -70.2559694, -3.8829686 ], [ -70.2480886, -3.8950769 ], [ -70.2196136, -3.9162588 ], [ -70.1920117, -3.9233379 ], [ -70.1832195, -3.9286274 ], [ -70.1767142, -3.9450727 ], [ -70.1728036, -3.9714898 ], [ -70.1765838, -4.0351243 ], [ -70.1674482, -4.0515055 ], [ -70.1586276, -4.0568608 ], [ -70.1335926, -4.0634748 ], [ -70.0915232, -4.0643548 ], [ -70.064656, -4.0812161 ], [ -70.0562263, -4.0905092 ], [ -70.0451425, -4.1184154 ], [ -70.0338788, -4.1321511 ], [ -70.0127461, -4.1483536 ], [ -69.9828452, -4.1901152 ], [ -69.9690981, -4.1974718 ], [ -69.9569345, -4.2107462 ], [ -69.9498377, -4.2294065 ], [ -69.934811, -4.2195684 ], [ -69.4508994, -1.5273232 ], [ -69.4555868, -1.5150838 ], [ -69.4562378, -1.4886519 ], [ -69.4356588, -1.4613062 ], [ -69.432669, -1.4527628 ], [ -69.4356606, -1.4115213 ], [ -69.4325375, -1.3976015 ], [ -69.4233469, -1.3796663 ], [ -69.3988578, -1.3661016 ], [ -69.3981622, -1.3539666 ], [ -69.407794, -1.3276103 ], [ -69.4073747, -1.287135 ], [ -69.414067, -1.2686644 ], [ -69.4255559, -1.2490592 ], [ -69.4297449, -1.2351452 ], [ -69.4294145, -1.215305 ], [ -69.4150817, -1.180365 ], [ -69.4121552, -1.1532942 ], [ -69.4064708, -1.1456963 ], [ -69.4001833, -1.1433176 ], [ -69.396132, -1.1367223 ], [ -69.3963967, -1.1193009 ], [ -69.4071462, -1.100053 ], [ -69.4337989, -1.0695852 ], [ -69.4521488, -1.0708403 ], [ -69.4626392, -1.0775945 ], [ -69.4698877, -1.0897421 ], [ -69.4704965, -1.1009814 ], [ -69.4599457, -1.1271109 ], [ -69.4622916, -1.1417669 ], [ -69.4711215, -1.1464711 ], [ -69.4833438, -1.1451741 ], [ -69.4889157, -1.150405 ], [ -69.4887663, -1.1541333 ], [ -69.47573, -1.1587716 ], [ -69.4682643, -1.1669012 ], [ -69.4648769, -1.182851 ], [ -69.4678279, -1.1997849 ], [ -69.4737927, -1.2079077 ], [ -69.4850388, -1.2153443 ], [ -69.500054800000015, -1.2176906 ], [ -69.5109939, -1.2152547 ], [ -69.539049, -1.1919258 ], [ -69.5503157, -1.1925249 ], [ -69.5511613, -1.1955104 ], [ -69.5566342, -1.1929226 ], [ -69.5632314, -1.193912 ], [ -69.5677008, -1.1887357 ], [ -69.5778451, -1.1553231 ], [ -69.5941412, -1.1461023 ], [ -69.6164757, -1.1635639 ], [ -69.6322695, -1.1656573 ], [ -69.6371523, -1.1733017 ], [ -69.6351389, -1.1997577 ], [ -69.6385433, -1.2149274 ], [ -69.6461946, -1.224516 ], [ -69.6551659, -1.2278371 ], [ -69.6665291, -1.2250665 ], [ -69.6751131, -1.2154444 ], [ -69.6804622, -1.2001768 ], [ -69.678233, -1.1450854 ], [ -69.6793181, -1.117377 ], [ -69.6625929, -1.1166639 ], [ -69.6589725, -1.1212949 ], [ -69.6537713, -1.133641 ], [ -69.6500381, -1.1315085 ], [ -69.6484466, -1.1238787 ], [ -69.6512831, -1.1129852 ], [ -69.6826451, -1.0803719 ], [ -69.7016717, -1.0508665 ], [ -69.7135771, -1.0426795 ], [ -69.7261142, -1.0383247 ], [ -69.7363185, -1.0427319 ], [ -69.7469678, -1.0292343 ], [ -69.7511238, -1.0276951 ], [ -69.7728155, -1.0370416 ], [ -69.7741397, -1.0417522 ], [ -69.7693114, -1.0466426 ], [ -69.7634893, -1.0657427 ], [ -69.7545114, -1.0758443 ], [ -69.7392417, -1.0773817 ], [ -69.7346395, -1.0818211 ], [ -69.735318, -1.0898497 ], [ -69.7432994, -1.0968308 ], [ -69.7581286, -1.0986804 ], [ -69.7750667, -1.0933247 ], [ -69.786075, -1.0839487 ], [ -69.8175436, -1.0323191 ], [ -69.8260651, -1.0279209 ], [ -69.8416066, -1.0292408 ], [ -69.8522793, -1.0375352 ], [ -69.8671615, -1.0705052 ], [ -69.875477, -1.0780215 ], [ -69.8938924, -1.0812837 ], [ -69.9093752, -1.0806039 ], [ -69.9395759, -1.0969935 ], [ -69.9545482, -1.0963198 ], [ -69.9646302, -1.0902108 ], [ -69.9709382, -1.0789289 ], [ -69.9705929, -1.0676695 ], [ -69.9606736, -1.0509858 ], [ -69.9436246, -1.0391493 ], [ -69.9411453, -1.0309306 ], [ -69.9434212, -1.021639 ], [ -69.9543938, -1.0068571 ], [ -69.9546278, -0.9966379 ], [ -69.9507578, -0.9916547 ], [ -69.9194395, -0.9725561 ], [ -69.908096, -0.9802191 ], [ -69.9035679, -0.9780867 ], [ -69.9018425, -0.9724216 ], [ -69.9103722, -0.9620891 ], [ -69.9382745, -0.9469365 ], [ -69.9447503, -0.9479529 ], [ -69.9559591, -0.9662498 ], [ -69.9845192, -0.9756775 ], [ -69.9984042, -0.9761896 ], [ -70.0059593, -0.9710498 ], [ -70.0079004, -0.9620832 ], [ -70.000519, -0.94958 ], [ -70.0020851, -0.9441498 ], [ -70.011737700000012, -0.9375422 ], [ -70.0209914, -0.9377911 ], [ -70.024685, -0.9410349 ], [ -70.0257301, -0.9540455 ], [ -70.0227347, -0.970536 ], [ -70.0278721, -0.9774458 ], [ -70.0409015, -0.9808163 ], [ -70.0519916, -0.9742548 ], [ -70.0666347, -0.9529588 ], [ -70.0757564, -0.9474206 ], [ -70.0868877, -0.9483251 ], [ -70.1048388, -0.9554827 ], [ -70.1385751, -0.9943912 ], [ -70.1397885, -1.0035222 ], [ -70.1339587, -1.0169459 ], [ -70.1278505, -1.0209897 ], [ -70.1214866, -1.0207499 ], [ -70.1065518, -1.0110973 ], [ -70.09421, -1.0107195 ], [ -70.0847286, -1.0144012 ], [ -70.0800144, -1.0232244 ], [ -70.079184, -1.0379871 ], [ -70.1152844, -1.0813053 ], [ -70.1228106, -1.1043758 ], [ -70.1300547, -1.1122923 ], [ -70.14183, -1.1159059 ], [ -70.1573598, -1.1163952 ], [ -70.1695188, -1.1122956 ], [ -70.1773919, -1.10196 ], [ -70.1763251, -1.0773133 ], [ -70.1798283, -1.0734252 ], [ -70.2038461, -1.0708189 ], [ -70.2201751, -1.0627739 ], [ -70.2274693, -1.0501929 ], [ -70.2271508, -1.0372609 ], [ -70.2203431, -1.0270019 ], [ -70.2005749, -1.0104813 ], [ -70.1953504, -0.9881715 ], [ -70.2045285, -0.9820998 ], [ -70.2149775, -0.9830882 ], [ -70.2221787, -0.9873243 ], [ -70.2282504, -0.9989028 ], [ -70.2307438, -1.0125377 ], [ -70.2379024, -1.0198027 ], [ -70.2451946, -1.0217774 ], [ -70.2592773, -1.0187189 ], [ -70.2733025, -1.009692 ], [ -70.3042517, -0.9744843 ], [ -70.3070937, -0.962425 ], [ -70.2955389, -0.9362603 ], [ -70.2903791, -0.9335265 ], [ -70.2676457, -0.9398805 ], [ -70.2605856, -0.9380449 ], [ -70.2558634, -0.9313622 ], [ -70.251451, -0.9112004 ], [ -70.2235316, -0.8937603 ], [ -70.22125290000001, -0.8863456 ], [ -70.2258282, -0.8778394 ], [ -70.2364745, -0.8680206 ], [ -70.2561705, -0.8351793 ], [ -70.2834711, -0.8153988 ], [ -70.2927352, -0.8035331 ], [ -70.2972377, -0.7886032 ], [ -70.2938046, -0.7600619 ], [ -70.2877169, -0.7501996 ], [ -70.2791363, -0.7453536 ], [ -70.257932, -0.7473956 ], [ -70.2502734, -0.743129 ], [ -70.2489329, -0.7334017 ], [ -70.2530379, -0.726473 ], [ -70.2600553, -0.7187452 ], [ -70.2620431, -0.7067215 ], [ -70.2527648, -0.6745583 ], [ -70.2544248, -0.6646226 ], [ -70.2607915, -0.653268 ], [ -70.2558282, -0.6438332 ], [ -70.2551235, -0.6249045 ], [ -70.2603979, -0.6156398 ], [ -70.2565642, -0.6019441 ], [ -70.2622101, -0.5946096 ], [ -70.2663309, -0.5779032 ], [ -70.2827193, -0.5578991 ], [ -70.2954163, -0.5563977 ], [ -70.3011776, -0.5610986 ], [ -70.3008238, -0.5817662 ], [ -70.3042816, -0.5874816 ], [ -70.3107722, -0.5902266 ], [ -70.3223553, -0.5832195 ], [ -70.32585, -0.5748723 ], [ -70.3244693, -0.5587575 ], [ -70.2905952, -0.511206 ], [ -70.2635226, -0.4975038 ], [ -70.2527917, -0.4855209 ], [ -70.2454383, -0.4706607 ], [ -70.2389822, -0.4672398 ], [ -70.2199761, -0.4720932 ], [ -70.2097049, -0.4778086 ], [ -70.20187, -0.4730359 ], [ -70.1992198, -0.4624496 ], [ -70.2115965, -0.4401197 ], [ -70.2200475, -0.4360189 ], [ -70.2409465, -0.4457439 ], [ -70.2487936, -0.4445295 ], [ -70.2704513, -0.4166551 ], [ -70.2847876, -0.4124788 ], [ -70.2947471, -0.4149865 ], [ -70.3028942, -0.4332934 ], [ -70.3097595, -0.4414977 ], [ -70.3208072, -0.4428897 ], [ -70.3293023, -0.4376258 ], [ -70.3371492, -0.4399054 ], [ -70.3481646, -0.4489457 ], [ -70.3626514, -0.4519855 ], [ -70.3664989, -0.4586405 ], [ -70.3635555, -0.4658104 ], [ -70.3490549, -0.472897 ], [ -70.3378197, -0.4726976 ], [ -70.3276025, -0.4670255 ], [ -70.322175, -0.4684908 ], [ -70.3191294, -0.4778187 ], [ -70.3221726, -0.4898126 ], [ -70.3360931, -0.4998708 ], [ -70.376857, -0.4982757 ], [ -70.3817592, -0.4922062 ], [ -70.3875071, -0.4686257 ], [ -70.3963785, -0.463231 ], [ -70.4063385, -0.4634598 ], [ -70.4403164, -0.4805505 ], [ -70.452063200000012, -0.4951882 ], [ -70.4583548, -0.4950798 ], [ -70.4640523, -0.4881029 ], [ -70.463972200000015, -0.4784589 ], [ -70.4492726, -0.4621724 ], [ -70.4481414, -0.4552598 ], [ -70.459561, -0.4282054 ], [ -70.4774889, -0.4006875 ], [ -70.5116812, -0.3716305 ], [ -70.5171147, -0.3597807 ], [ -70.5220195, -0.3564386 ], [ -70.528735, -0.3578823 ], [ -70.5300168, -0.3739105 ], [ -70.5339404, -0.3743666 ], [ -70.540581, -0.3666188 ], [ -70.5499378, -0.3624414 ], [ -70.5625381, -0.3676071 ], [ -70.5681139, -0.3880636 ], [ -70.5729502, -0.3922962 ], [ -70.5866835, -0.3878152 ], [ -70.5997387, -0.3660904 ], [ -70.6074364, -0.3443652 ], [ -70.6303763, -0.3199059 ], [ -70.638337, -0.3203572 ], [ -70.6598036, -0.3382905 ], [ -70.6656133, -0.3499133 ], [ -70.6762186, -0.3524136 ], [ -70.6810821, -0.3496101 ], [ -70.6898359, -0.3311511 ], [ -70.7169258, -0.3079829 ], [ -70.7279093, -0.2941087 ], [ -70.7314897, -0.2885364 ], [ -70.73896, -0.2865615 ], [ -70.74905, -0.29225 ], [ -70.7618989, -0.2937789 ], [ -70.7745, -0.3045663 ], [ -70.7809891, -0.3141381 ], [ -70.7785744, -0.3174045 ], [ -70.7615964, -0.3176319 ], [ -70.7578988, -0.3218858 ], [ -70.7587013, -0.3270965 ], [ -70.7641615, -0.3322932 ], [ -70.8057014, -0.346101 ], [ -70.8084548, -0.3499185 ], [ -70.8086054, -0.3622249 ], [ -70.8116995, -0.3653596 ], [ -70.826187100000013, -0.3657198 ], [ -70.8314694, -0.3582754 ], [ -70.8329789, -0.3452093 ], [ -70.842185, -0.3362456 ], [ -70.8456564, -0.3251548 ], [ -70.8584845, -0.3161151 ], [ -70.865955, -0.3073033 ], [ -70.86837, -0.2897552 ], [ -70.8769724, -0.2826906 ], [ -70.8783307, -0.2766893 ], [ -70.8725962, -0.2611162 ], [ -70.87425660000001, -0.2411373 ], [ -70.8838399, -0.2276915 ], [ -70.8830855, -0.2139416 ], [ -70.8874657, -0.2095138 ], [ -70.9136461, -0.2030029 ], [ -70.916589, -0.1973815 ], [ -70.9161363, -0.1878857 ], [ -70.9189283, -0.1825681 ], [ -70.9349254, -0.1729965 ], [ -70.944735, -0.1594746 ], [ -70.9471498, -0.1486875 ], [ -70.9445088, -0.1415467 ], [ -70.9307001, -0.1290122 ], [ -70.9184577, -0.1229615 ], [ -70.9120621, -0.1236945 ], [ -70.9061763, -0.1314429 ], [ -70.9015734, -0.1325064 ], [ -70.8921414, -0.1130591 ], [ -70.8971379, -0.1031349 ], [ -70.919371, -0.0975757 ], [ -70.9265134, -0.0856492 ], [ -70.9232117, -0.0820106 ], [ -70.9304889, -0.0753399 ], [ -70.9261765, -0.0704884 ], [ -70.9295455, -0.0646263 ], [ -70.9248288, -0.0580229 ], [ -70.9279958, -0.0510153 ], [ -70.935812, -0.0510153 ], [ -70.943853500000017, -0.0427199 ], [ -70.961282, -0.03983 ], [ -70.972582100000011, -0.027144 ], [ -70.9681549, -0.0109909 ], [ -70.9786664, -0.005533 ], [ -70.9917383, -0.0019618 ], [ -71.0017107, -0.0037811 ], [ -71.0168715, -0.0140231 ], [ -71.0186234, -0.0227826 ], [ -71.0116157, -0.0402343 ], [ -71.0173431, -0.0462986 ], [ -71.0285284, -0.0483201 ], [ -71.0512463, -0.0331074 ], [ -71.0531225, -0.0254105 ], [ -71.0373553, -0.0145621 ], [ -71.0348622, -0.0093738 ], [ -71.039511500000017, -0.0045223 ], [ -71.0487427, -0.0037138 ], [ -71.0631623, -0.010115 ], [ -71.0687549, -0.0076219 ], [ -71.0752235, 0.0005986 ], [ -71.0828376, 0.0009355 ], [ -71.0906531, -0.0078909 ], [ -71.0962086, -0.0075734 ], [ -71.0992786, -0.0015576 ], [ -71.0977962, 0.0150856 ], [ -71.1015695, 0.0248558 ], [ -71.1101943, 0.0256644 ], [ -71.1141698, 0.0220258 ], [ -71.1174408, 0.0089543 ], [ -71.1245465, 0.0034286 ], [ -71.1322279, 0.0033613 ], [ -71.1371526, 0.0096258 ], [ -71.1435666, 0.0285414 ], [ -71.1494523, 0.0387209 ] ] ] ] } },
{ "type": "Feature", "properties": { "id": "94", "name": "GUAINÍA", "label": "Guainía", "n_especies": 4343.0, "n_registros": 262293.0 }, "geometry": { "type": "MultiPolygon", "coordinates": [ [ [ [ -67.676376, 3.9122841 ], [ -67.6833107, 3.9160513 ], [ -67.6848895, 3.9240765 ], [ -67.6914675, 3.9326279 ], [ -67.6909285, 3.9524313 ], [ -67.6978651, 3.9867121 ], [ -67.6987991, 4.0171814 ], [ -67.7033715, 4.039559 ], [ -67.7076016, 4.0450258 ], [ -67.7260483, 4.0332632 ], [ -67.7580217, 4.020237 ], [ -67.8193058, 3.9796898 ], [ -67.8683543, 3.9255321 ], [ -67.8795653, 3.9170495 ], [ -67.9178999, 3.909666 ], [ -67.920304, 3.9129139 ], [ -67.9221572, 3.9356149 ], [ -67.9344676, 3.9602868 ], [ -67.942905, 3.9651717 ], [ -67.9608414, 3.9624853 ], [ -67.9835423, 3.9701295 ], [ -67.9909549, 3.9787003 ], [ -68.0021808, 3.9804215 ], [ -68.0078647, 3.9756889 ], [ -68.0192152, 3.9738358 ], [ -68.0280176, 3.9777737 ], [ -68.0321641, 3.9864873 ], [ -68.0287595, 4.0015858 ], [ -68.0324602, 4.0104673 ], [ -68.043039, 4.0114979 ], [ -68.0509502, 3.9974633 ], [ -68.0558146, 3.9773104 ], [ -68.0745157, 3.9371987 ], [ -68.0789789, 3.9351516 ], [ -68.0838433, 3.9411743 ], [ -68.0827887, 3.9481488 ], [ -68.0736111, 3.9598428 ], [ -68.0724564, 3.9712468 ], [ -68.0766887, 3.9796995 ], [ -68.0888653, 3.9802964 ], [ -68.0961474, 3.9765957 ], [ -68.1009557, 3.9691692 ], [ -68.1041457, 3.9518843 ], [ -68.1206199, 3.9393496 ], [ -68.1284989, 3.9425728 ], [ -68.1356616, 3.9512875 ], [ -68.1355624, 3.9561218 ], [ -68.1232463, 3.9702686 ], [ -68.1195455, 3.9820871 ], [ -68.122888100000011, 3.9946218 ], [ -68.1286183, 4.0002326 ], [ -68.1394817, 4.0010682 ], [ -68.1706395, 3.9862653 ], [ -68.1868749, 3.9874591 ], [ -68.2017972, 3.9976063 ], [ -68.2062142, 3.9965319 ], [ -68.2071693, 3.9908017 ], [ -68.1996484, 3.9810127 ], [ -68.200823900000017, 3.9611509 ], [ -68.2039461, 3.9570176 ], [ -68.2127801, 3.9591664 ], [ -68.2343875, 3.9739694 ], [ -68.2856855, 3.9794826 ], [ -68.3108574, 3.9773977 ], [ -68.3195043, 3.9814902 ], [ -68.3308453, 3.9913986 ], [ -68.3418281, 3.9936668 ], [ -68.3475583, 3.9906823 ], [ -68.3463645, 3.9725368 ], [ -68.3552731, 3.9558833 ], [ -68.3544822, 3.9477061 ], [ -68.3430219, 3.9374396 ], [ -68.3427831, 3.92968 ], [ -68.3467226, 3.9240692 ], [ -68.3647487, 3.920846 ], [ -68.3721502, 3.913922 ], [ -68.3818199, 3.9123701 ], [ -68.4078443, 3.9259792 ], [ -68.4203791, 3.9266955 ], [ -68.4304069, 3.9222785 ], [ -68.4366145, 3.9149964 ], [ -68.437569600000018, 3.907595 ], [ -68.4316006, 3.8980447 ], [ -68.3974584, 3.8778697 ], [ -68.3917283, 3.8703489 ], [ -68.3901763, 3.8605599 ], [ -68.3934261, 3.8519503 ], [ -68.4019948, 3.8477864 ], [ -68.4092769, 3.8488608 ], [ -68.417424200000013, 3.8571759 ], [ -68.4283774, 3.8788248 ], [ -68.4358983, 3.8847937 ], [ -68.4441354, 3.88551 ], [ -68.448433, 3.8821674 ], [ -68.4503875, 3.8695888 ], [ -68.4410285, 3.8562958 ], [ -68.4409007, 3.844324 ], [ -68.4474085, 3.8366557 ], [ -68.4545178, 3.8391494 ], [ -68.4629362, 3.848296 ], [ -68.4712088, 3.8520756 ], [ -68.4822674, 3.8499289 ], [ -68.5119375, 3.8269836 ], [ -68.5150872, 3.8106493 ], [ -68.503329, 3.7958326 ], [ -68.5031266, 3.7875235 ], [ -68.5083882, 3.779564 ], [ -68.5187828, 3.7793848 ], [ -68.5532454, 3.8153272 ], [ -68.5620916, 3.8199394 ], [ -68.5707174, 3.8169686 ], [ -68.5737206, 3.810278 ], [ -68.570776, 3.7986631 ], [ -68.5521774, 3.780462 ], [ -68.5475504, 3.7709422 ], [ -68.5506155, 3.7639836 ], [ -68.5554448, 3.7652853 ], [ -68.5667489, 3.7847185 ], [ -68.575366100000011, 3.7901435 ], [ -68.5804268, 3.7894982 ], [ -68.5863754, 3.7776328 ], [ -68.6046771, 3.7846667 ], [ -68.6257648, 3.7730635 ], [ -68.6344532, 3.7735577 ], [ -68.6451057, 3.7844121 ], [ -68.6520536, 3.8007569 ], [ -68.6601634, 3.8085617 ], [ -68.6733125, 3.8120569 ], [ -68.6785814, 3.8087031 ], [ -68.6815381, 3.8016102 ], [ -68.6774696, 3.7919307 ], [ -68.6543854, 3.7821901 ], [ -68.6456696, 3.7740126 ], [ -68.6456629, 3.7644605 ], [ -68.6529388, 3.7614608 ], [ -68.6665125, 3.7744162 ], [ -68.6796184, 3.7763063 ], [ -68.7001837, 3.7676325 ], [ -68.7229301, 3.7694344 ], [ -68.7488918, 3.7834724 ], [ -68.7616915, 3.7782219 ], [ -68.7688817, 3.7670616 ], [ -68.7697529, 3.7452733 ], [ -68.7774484, 3.7320331 ], [ -68.7988403, 3.7206976 ], [ -68.8107865, 3.7191838 ], [ -68.8310269, 3.7405058 ], [ -68.8397865, 3.7440882 ], [ -68.8514351, 3.7393809 ], [ -68.8537286, 3.7286855 ], [ -68.8518136, 3.7177217 ], [ -68.8385082, 3.7008097 ], [ -68.8355609, 3.6901411 ], [ -68.8290371, 3.6813888 ], [ -68.8306505, 3.6721149 ], [ -68.8355801, 3.670058 ], [ -68.8412215, 3.6735206 ], [ -68.8452066, 3.6886144 ], [ -68.853548300000014, 3.7020428 ], [ -68.8674055, 3.706637 ], [ -68.8790593, 3.7039403 ], [ -68.9019173, 3.6852211 ], [ -68.9135681, 3.682163 ], [ -68.9282574, 3.6903963 ], [ -68.9296453, 3.7049686 ], [ -68.9253723, 3.7317533 ], [ -68.9308959, 3.740219 ], [ -68.9401038, 3.7421565 ], [ -68.9467154, 3.7370053 ], [ -68.9474089, 3.7295948 ], [ -68.9365593, 3.7089995 ], [ -68.9358478, 3.6958765 ], [ -68.9419883, 3.6827636 ], [ -68.9516578, 3.6791047 ], [ -68.9600951, 3.6816567 ], [ -68.9762296, 3.6930449 ], [ -68.9927692, 3.6927903 ], [ -69.0098416, 3.6838267 ], [ -69.0465814, 3.6437222 ], [ -69.0588069, 3.6384896 ], [ -69.0640148, 3.6405731 ], [ -69.0718822, 3.6539976 ], [ -69.0791959, 3.6558765 ], [ -69.082811, 3.6532101 ], [ -69.0881061, 3.6381532 ], [ -69.0976468, 3.6366873 ], [ -69.1060182, 3.6435895 ], [ -69.1102656, 3.6675074 ], [ -69.115056, 3.6758852 ], [ -69.1255905, 3.6746576 ], [ -69.1340959, 3.6663917 ], [ -69.1416839, 3.6531566 ], [ -69.1549343, 3.6412465 ], [ -69.1719151, 3.6331394 ], [ -69.1860074, 3.6337286 ], [ -69.1878823, 3.640547 ], [ -69.1713975, 3.6541857 ], [ -69.1669297, 3.6648278 ], [ -69.1687475, 3.6724898 ], [ -69.1756714, 3.6766533 ], [ -69.1889258, 3.6682664 ], [ -69.1963335, 3.6673543 ], [ -69.201916, 3.6719338 ], [ -69.2026187, 3.677362 ], [ -69.1967662, 3.6938299 ], [ -69.1999047, 3.6992812 ], [ -69.2093257, 3.7018967 ], [ -69.2141484, 3.6969294 ], [ -69.2199151, 3.68009 ], [ -69.2270566, 3.6745222 ], [ -69.2343419, 3.673746 ], [ -69.2404612, 3.6795841 ], [ -69.2407881, 3.7014747 ], [ -69.2480557, 3.7156039 ], [ -69.2563739, 3.7213958 ], [ -69.2789388, 3.726183 ], [ -69.2855418, 3.7250264 ], [ -69.2876829, 3.7164965 ], [ -69.2842553, 3.7071735 ], [ -69.2708566, 3.6963613 ], [ -69.2679906, 3.6854459 ], [ -69.27072, 3.6716724 ], [ -69.2813951, 3.6523922 ], [ -69.2919826, 3.6447874 ], [ -69.299302, 3.6448019 ], [ -69.3045044, 3.6490941 ], [ -69.3037337, 3.6657822 ], [ -69.2898216, 3.6950564 ], [ -69.291096, 3.7084741 ], [ -69.3019688, 3.7168021 ], [ -69.3079171, 3.7165054 ], [ -69.3128588, 3.7125099 ], [ -69.3173585, 3.6991733 ], [ -69.357436, 3.6749212 ], [ -69.3701556, 3.6646862 ], [ -69.377808, 3.6703821 ], [ -69.380026, 3.6804415 ], [ -69.3840795, 3.6848681 ], [ -69.3918073, 3.6843381 ], [ -69.401111, 3.663979 ], [ -69.4084698, 3.6599221 ], [ -69.41811, 3.6624587 ], [ -69.4253941, 3.6684617 ], [ -69.4348968, 3.693794 ], [ -69.4426616, 3.7052736 ], [ -69.463278, 3.7087103 ], [ -69.4789274, 3.6944752 ], [ -69.4873978, 3.6728956 ], [ -69.486033, 3.656939 ], [ -69.4885383, 3.6525559 ], [ -69.4945599, 3.6510935 ], [ -69.4992278, 3.6537732 ], [ -69.4963313, 3.6678007 ], [ -69.4987435, 3.6739863 ], [ -69.5053315, 3.6790238 ], [ -69.5389189, 3.6743762 ], [ -69.5853142, 3.6839235 ], [ -69.5963104, 3.6758755 ], [ -69.594508, 3.6724167 ], [ -69.5804467, 3.6777474 ], [ -69.5725128, 3.6756248 ], [ -69.5707236, 3.6681524 ], [ -69.579882, 3.6575045 ], [ -69.5811342, 3.6362445 ], [ -69.5762606, 3.6222923 ], [ -69.577517200000017, 3.6074405 ], [ -69.592019, 3.5686925 ], [ -69.5973165, 3.5734477 ], [ -69.6036104, 3.5915342 ], [ -69.608883600000013, 3.5954616 ], [ -69.6165495, 3.5939152 ], [ -69.6207918, 3.5895226 ], [ -69.6218336, 3.574033 ], [ -69.626909, 3.569236 ], [ -69.6383058, 3.5695776 ], [ -69.6541823, 3.5834418 ], [ -69.6624335, 3.5855162 ], [ -69.6725765, 3.5810307 ], [ -69.6807132, 3.5579805 ], [ -69.6940592, 3.5411212 ], [ -69.7004275, 3.5398878 ], [ -69.7032603, 3.564625 ], [ -69.7112915, 3.5780696 ], [ -69.7312959, 3.5920846 ], [ -69.7420731, 3.5896704 ], [ -69.7449983, 3.5851334 ], [ -69.7411132, 3.5746561 ], [ -69.7198653, 3.5685078 ], [ -69.7132445, 3.5502545 ], [ -69.721118100000012, 3.5433652 ], [ -69.7358184, 3.5442436 ], [ -69.7542322, 3.5600012 ], [ -69.776607, 3.5648693 ], [ -69.7848306, 3.5582706 ], [ -69.7898477, 3.5484625 ], [ -69.7866457, 3.5243228 ], [ -69.7902075, 3.5174036 ], [ -69.805637500000017, 3.5068853 ], [ -69.8153981, 3.5159329 ], [ -69.8139885, 3.5465693 ], [ -69.8208178, 3.5554166 ], [ -69.8341079, 3.5566131 ], [ -69.8436652, 3.5492021 ], [ -69.8460481, 3.5440595 ], [ -69.8448917, 3.5316846 ], [ -69.8331942, 3.5088865 ], [ -69.8151439, 3.4868655 ], [ -69.8146647, 3.4797944 ], [ -69.8220957, 3.4768584 ], [ -69.8472948, 3.4876938 ], [ -69.8551005, 3.4973277 ], [ -69.8724467, 3.5358454 ], [ -69.8800648, 3.5397834 ], [ -69.8896432, 3.5394029 ], [ -69.8970792, 3.5329311 ], [ -69.8984554, 3.5266479 ], [ -69.8955353, 3.5172167 ], [ -69.8756217, 3.4987292 ], [ -69.8703506, 3.4883105 ], [ -69.8631823, 3.4822288 ], [ -69.8616803, 3.4753955 ], [ -69.8717061, 3.4619353 ], [ -69.8705951, 3.4444758 ], [ -69.8741968, 3.4334742 ], [ -69.8815679, 3.4281701 ], [ -69.9025333, 3.4244009 ], [ -69.9149691, 3.4469981 ], [ -69.9459247, 3.4591807 ], [ -69.9555554, 3.4595717 ], [ -69.9602796, 3.4569206 ], [ -69.9635013, 3.4472462 ], [ -69.9612464, 3.4375654 ], [ -69.9420052, 3.420084 ], [ -69.9388079, 3.4091687 ], [ -69.9435456, 3.394752 ], [ -69.9694228, 3.3885198 ], [ -70.0019276, 3.3727163 ], [ -70.0117962, 3.3761237 ], [ -70.0169078, 3.3838742 ], [ -70.014198, 3.3990292 ], [ -70.016195, 3.4095184 ], [ -70.0258096, 3.4176197 ], [ -70.0351386, 3.4173283 ], [ -70.0496993, 3.4004328 ], [ -70.0669394, 3.3899793 ], [ -70.108389500000015, 3.3845398 ], [ -70.1144021, 3.3889481 ], [ -70.1133355, 3.397942 ], [ -70.1190626, 3.4031485 ], [ -70.126612, 3.4008056 ], [ -70.1305168, 3.3958594 ], [ -70.1294755, 3.3721701 ], [ -70.140016300000013, 3.3611695 ], [ -70.170375, 3.3533944 ], [ -70.1729493, 3.3490015 ], [ -70.1534251, 3.3245312 ], [ -70.1427519, 3.3206264 ], [ -70.1240087, 3.3047468 ], [ -70.1143547, 3.3010634 ], [ -70.108656, 3.2932715 ], [ -70.1106195, 3.2823826 ], [ -70.1177154, 3.2794591 ], [ -70.1349306, 3.2936538 ], [ -70.1453296, 3.2923428 ], [ -70.156549, 3.283921 ], [ -70.1591522, 3.2701239 ], [ -70.1568093, 3.2578888 ], [ -70.153685400000015, 3.2545046 ], [ -70.1359835, 3.2492982 ], [ -70.1315581, 3.2420092 ], [ -70.1273929, 3.2128531 ], [ -70.1286289, 3.2009064 ], [ -70.1383148, 3.1919177 ], [ -70.1457555, 3.1898222 ], [ -70.1501828, 3.1935999 ], [ -70.1543892, 3.2237919 ], [ -70.1604745, 3.2326545 ], [ -70.1696486, 3.2367074 ], [ -70.1760971, 3.2341 ], [ -70.1782047, 3.217573 ], [ -70.1578735, 3.1948648 ], [ -70.1593529, 3.1879864 ], [ -70.1695927, 3.1773332 ], [ -70.1826227, 3.1720682 ], [ -70.1939948, 3.1743714 ], [ -70.2039065, 3.2031189 ], [ -70.2114754, 3.2077402 ], [ -70.2178588, 3.2059775 ], [ -70.2204297, 3.1989439 ], [ -70.208085, 3.1880314 ], [ -70.2051708, 3.1783187 ], [ -70.2065273, 3.1730901 ], [ -70.2126753, 3.1682073 ], [ -70.2182388, 3.169028 ], [ -70.2286609, 3.180763 ], [ -70.238174, 3.1821412 ], [ -70.247281, 3.1764852 ], [ -70.2520294, 3.1602288 ], [ -70.259939, 3.143588 ], [ -70.281178, 3.1309045 ], [ -70.2882976, 3.1230071 ], [ -70.2799815, 3.1064946 ], [ -70.2793234, 3.0959648 ], [ -70.2824943, 3.0923751 ], [ -70.3118699, 3.0905204 ], [ -70.320904, 3.0847171 ], [ -70.3218014, 3.0780163 ], [ -70.3152203, 3.070837 ], [ -70.2874002, 3.0715549 ], [ -70.2745969, 3.0672473 ], [ -70.2576057, 3.0476834 ], [ -70.2553323, 3.0396665 ], [ -70.2607766, 3.0338631 ], [ -70.2718798, 3.0308176 ], [ -70.2999043, 3.0353588 ], [ -70.3040324, 3.0320085 ], [ -70.2878788, 3.0076584 ], [ -70.2818318, 2.9897338 ], [ -70.277708, 2.948249 ], [ -70.279084, 2.9352663 ], [ -70.3006113, 2.9293152 ], [ -70.3127481, 2.9189793 ], [ -70.3265278, 2.91307 ], [ -70.3468561, 2.9170602 ], [ -70.3540488, 2.9140272 ], [ -70.3562026, 2.9084632 ], [ -70.3485167, 2.8734881 ], [ -70.3527565, 2.8575634 ], [ -70.3587154, 2.8518657 ], [ -70.3773818, 2.8475581 ], [ -70.40464, 2.830947 ], [ -70.4895597, 2.8112424 ], [ -70.49291, 2.8135159 ], [ -70.498833, 2.8051997 ], [ -70.4966023, 2.792123 ], [ -70.4975766, 2.7885077 ], [ -70.9424912, 2.6066519 ], [ -70.9287645, 2.571554 ], [ -70.9162121, 2.5598897 ], [ -70.903021400000014, 2.566722 ], [ -70.8968186, 2.5600427 ], [ -70.888301, 2.557368 ], [ -70.8717006, 2.5635761 ], [ -70.8693427, 2.5668396 ], [ -70.8575838, 2.5660891 ], [ -70.8534054, 2.5702937 ], [ -70.845068, 2.5646664 ], [ -70.8300476, 2.539643 ], [ -70.828852200000014, 2.5324369 ], [ -70.820053, 2.5305305 ], [ -70.8193773, 2.5332326 ], [ -70.8144066, 2.5283039 ], [ -70.8099906, 2.5291849 ], [ -70.807424900000015, 2.5245281 ], [ -70.8002314, 2.5270144 ], [ -70.7924504, 2.5201122 ], [ -70.7802682, 2.5336603 ], [ -70.7694236, 2.5391228 ], [ -70.7539641, 2.5364582 ], [ -70.7548681, 2.533643 ], [ -70.748202300000017, 2.5305462 ], [ -70.74304930000001, 2.5141121 ], [ -70.7448027, 2.5051515 ], [ -70.7430464, 2.4992188 ], [ -70.7342908, 2.4920773 ], [ -70.73252, 2.4849445 ], [ -70.7302818, 2.4854144 ], [ -70.7234099, 2.4773904 ], [ -70.7233639, 2.4798316 ], [ -70.7188496, 2.477365 ], [ -70.709659, 2.4702561 ], [ -70.7061769, 2.4715114 ], [ -70.6998646, 2.4621114 ], [ -70.7005298, 2.4543066 ], [ -70.6890682, 2.4435475 ], [ -70.6809864, 2.4409965 ], [ -70.6767052, 2.4332576 ], [ -70.6814215, 2.42835 ], [ -70.680539, 2.4187781 ], [ -70.6732733, 2.4109143 ], [ -70.6703574, 2.4103725 ], [ -70.6692677, 2.4054549 ], [ -70.6650537, 2.3932208 ], [ -70.6632378, 2.3941577 ], [ -70.6599311, 2.3883629 ], [ -70.6613251, 2.3857081 ], [ -70.6552818, 2.3847067 ], [ -70.6576622, 2.3825328 ], [ -70.6541807, 2.3797343 ], [ -70.6542817, 2.3752858 ], [ -70.6458666, 2.3600547 ], [ -70.6406341, 2.3572295 ], [ -70.6411847, 2.3539589 ], [ -70.6358889, 2.3468406 ], [ -70.6375627, 2.3442644 ], [ -70.6359172, 2.3349199 ], [ -70.6331443, 2.3336929 ], [ -70.6341527, 2.3294679 ], [ -70.632166, 2.3297641 ], [ -70.6315874, 2.3243932 ], [ -70.6341793, 2.3239463 ], [ -70.6335122, 2.3213251 ], [ -70.6305367, 2.3176115 ], [ -70.6289771, 2.3125798 ], [ -70.6129283, 2.3036636 ], [ -70.6083252, 2.2976779 ], [ -70.5959407, 2.2938505 ], [ -70.5896374, 2.2952501 ], [ -70.58675, 2.2901785 ], [ -70.5833482, 2.2909474 ], [ -70.5808474, 2.2889004 ], [ -70.5801618, 2.2913154 ], [ -70.5778779, 2.2895073 ], [ -70.5742045, 2.2945256 ], [ -70.5704006, 2.2920588 ], [ -70.56247, 2.2931456 ], [ -70.558251, 2.2869234 ], [ -70.5557629, 2.2895699 ], [ -70.5454617, 2.2834163 ], [ -70.5322407, 2.2690525 ], [ -70.5210897, 2.2696305 ], [ -70.5175894, 2.2735539 ], [ -70.518741, 2.2827693 ], [ -70.5156973, 2.2843903 ], [ -70.508525, 2.2805894 ], [ -70.5126061, 2.2721593 ], [ -70.5050586, 2.2625851 ], [ -70.4897321, 2.2562741 ], [ -70.4888277, 2.2519187 ], [ -70.4948694, 2.2499714 ], [ -70.5048336, 2.2585591 ], [ -70.5111763, 2.2594731 ], [ -70.5136694, 2.2563597 ], [ -70.5137496, 2.2443578 ], [ -70.496814, 2.2337418 ], [ -70.484002, 2.2346988 ], [ -70.4747105, 2.2434305 ], [ -70.4698784, 2.2419852 ], [ -70.4653992, 2.2336966 ], [ -70.4544484, 2.2435485 ], [ -70.4642023, 2.2488606 ], [ -70.4562041, 2.2580324 ], [ -70.4348081, 2.2605297 ], [ -70.42524, 2.2680201 ], [ -70.4185951, 2.2676373 ], [ -70.4164825, 2.2639143 ], [ -70.4192293, 2.2567753 ], [ -70.4135418, 2.2546205 ], [ -70.4049579, 2.2564648 ], [ -70.4036193, 2.2662124 ], [ -70.397603, 2.2675262 ], [ -70.3944342, 2.261929 ], [ -70.3938077, 2.2559279 ], [ -70.3846254, 2.2458715 ], [ -70.3757911, 2.2451329 ], [ -70.3724719, 2.2384469 ], [ -70.3602664, 2.2346429 ], [ -70.3458122, 2.2483084 ], [ -70.3413578, 2.2470148 ], [ -70.3412893, 2.2332155 ], [ -70.3232488, 2.2213567 ], [ -70.3158808, 2.2085413 ], [ -70.3086819, 2.2097022 ], [ -70.2936227, 2.2252657 ], [ -70.2935176, 2.233545 ], [ -70.2981442, 2.2421814 ], [ -70.30753, 2.2466174 ], [ -70.3076786, 2.2512509 ], [ -70.3015612, 2.2534504 ], [ -70.2931054, 2.251243 ], [ -70.2768031, 2.2375617 ], [ -70.2721213, 2.2381668 ], [ -70.2666037, 2.2481394 ], [ -70.2608653, 2.2478071 ], [ -70.2598056, 2.2524145 ], [ -70.2532307, 2.2624625 ], [ -70.2451495, 2.265648 ], [ -70.237097, 2.2625544 ], [ -70.2348845, 2.2585021 ], [ -70.2386628, 2.2534911 ], [ -70.2492356, 2.2504589 ], [ -70.2500685, 2.246383 ], [ -70.2354237, 2.2400448 ], [ -70.2309938, 2.2403461 ], [ -70.2260565, 2.2475084 ], [ -70.2134551, 2.2334237 ], [ -70.2091002, 2.234687 ], [ -70.2057736, 2.2419009 ], [ -70.2012208, 2.237442 ], [ -70.1987334, 2.2301234 ], [ -70.18655, 2.2332555 ], [ -70.1829979, 2.2385956 ], [ -70.1837243, 2.2444446 ], [ -70.1939647, 2.2498185 ], [ -70.1901121, 2.2527784 ], [ -70.1814319, 2.247684 ], [ -70.1744917, 2.2374257 ], [ -70.1637414, 2.2428624 ], [ -70.1584837, 2.2386815 ], [ -70.1564427, 2.2425033 ], [ -70.1612368, 2.2633435 ], [ -70.1583915, 2.2652152 ], [ -70.1540138, 2.2626299 ], [ -70.1473781, 2.2488018 ], [ -70.1433229, 2.2496854 ], [ -70.1376301, 2.2607964 ], [ -70.1386847, 2.2646708 ], [ -70.1524255, 2.2668064 ], [ -70.1527235, 2.2731109 ], [ -70.1467051, 2.277715 ], [ -70.1404139, 2.2762171 ], [ -70.1209418, 2.26314 ], [ -70.1080267, 2.2684987 ], [ -70.1036264, 2.2623181 ], [ -70.0943621, 2.2657044 ], [ -70.0869645, 2.262965 ], [ -70.0808224, 2.2661382 ], [ -70.073235200000013, 2.2764944 ], [ -70.0702446, 2.2931086 ], [ -70.0637651, 2.29549 ], [ -70.0464887, 2.2939245 ], [ -70.0447141, 2.2895643 ], [ -70.0541288, 2.2813679 ], [ -70.0520797, 2.277159 ], [ -70.0422196, 2.2740243 ], [ -70.0365178, 2.2661936 ], [ -70.0293183, 2.2731716 ], [ -70.0266209, 2.2726341 ], [ -70.0267707, 2.2649198 ], [ -70.0311102, 2.2573271 ], [ -70.0232818, 2.2580526 ], [ -70.022451, 2.2519054 ], [ -70.0260508, 2.2501332 ], [ -70.0249432, 2.2372295 ], [ -70.0209203, 2.232537 ], [ -69.9960107, 2.2244425 ], [ -69.9966547, 2.2041133 ], [ -70.0018304, 2.2078596 ], [ -70.0062321, 2.2072536 ], [ -70.0033295, 2.2036492 ], [ -70.0082735, 2.2011932 ], [ -70.0064873, 2.1976526 ], [ -70.0129962, 2.1924033 ], [ -70.0132814, 2.1843835 ], [ -70.0079865, 2.1877646 ], [ -70.0059451, 2.182693 ], [ -70.017172800000012, 2.181449 ], [ -70.0279493, 2.1865023 ], [ -70.0362448, 2.181951 ], [ -70.035035, 2.1796309 ], [ -70.0297901, 2.1811743 ], [ -70.0323876, 2.173092 ], [ -70.0274117, 2.1750696 ], [ -70.0347161, 2.1580686 ], [ -70.0368213, 2.1628212 ], [ -70.0432644, 2.1595358 ], [ -70.0457205, 2.1627574 ], [ -70.0557361, 2.1615134 ], [ -70.0518766, 2.1570479 ], [ -70.0574267, 2.1465219 ], [ -70.0796269, 2.1388985 ], [ -70.0851132, 2.1306372 ], [ -70.0922262, 2.1273519 ], [ -70.0972659, 2.1304459 ], [ -70.1007427, 2.1289786 ], [ -70.0974497, 2.1242674 ], [ -70.0921653, 2.1235045 ], [ -70.1024243, 2.1175613 ], [ -70.105591, 2.1207492 ], [ -70.1086212, 2.119888 ], [ -70.1090946, 2.1154261 ], [ -70.1185973, 2.1113685 ], [ -70.1189558, 2.1089154 ], [ -70.1116805, 2.1050979 ], [ -70.1152062, 2.1010492 ], [ -70.1038228, 2.0944594 ], [ -70.1128759, 2.0846543 ], [ -70.1087381, 2.0814236 ], [ -70.1098854, 2.0743674 ], [ -70.1125182, 2.073839 ], [ -70.1190891, 2.0591034 ], [ -70.1172875, 2.0566807 ], [ -70.1204521, 2.0515775 ], [ -70.1210155, 2.0301948 ], [ -70.1136393, 2.015993 ], [ -70.1156199, 2.0083535 ], [ -70.1114072, 2.0038363 ], [ -70.1338564, 1.985264 ], [ -70.1367757, 1.9801191 ], [ -70.1411956, 1.9772367 ], [ -70.1404365, 1.967863 ], [ -70.1372477, 1.9635842 ], [ -70.1420181, 1.9516207 ], [ -70.1586612, 1.9427376 ], [ -70.1657657, 1.9331125 ], [ -70.1628252, 1.9265316 ], [ -70.16486, 1.9171331 ], [ -70.1751189, 1.9041884 ], [ -70.1748505, 1.8969246 ], [ -70.1803016, 1.8819693 ], [ -70.1736759, 1.869147 ], [ -70.1512988, 1.8686978 ], [ -70.1235329, 1.8376116 ], [ -70.1118221, 1.8351466 ], [ -70.1100398, 1.8316232 ], [ -70.0941678, 1.8108262 ], [ -70.0785505, 1.8006195 ], [ -70.0693501, 1.7999118 ], [ -70.0536281, 1.7761097 ], [ -70.0264086, 1.7681327 ], [ -70.0214658, 1.7621645 ], [ -70.004263200000011, 1.7627305 ], [ -69.9955891, 1.7559973 ], [ -69.9962608, 1.7540568 ], [ -69.9775548, 1.7475814 ], [ -69.9744677, 1.7432598 ], [ -69.9646907, 1.7465935 ], [ -69.9523263, 1.7452998 ], [ -69.9458332, 1.7480115 ], [ -69.9323072, 1.7459055 ], [ -69.9305084, 1.7482852 ], [ -69.916328, 1.7486583 ], [ -69.911228, 1.7428618 ], [ -69.9050583, 1.7423891 ], [ -69.9027695, 1.74525 ], [ -69.8977441, 1.7396525 ], [ -69.8946593, 1.7364184 ], [ -69.8921217, 1.7370155 ], [ -69.8913754, 1.7343784 ], [ -69.8863749, 1.7343784 ], [ -69.8837379, 1.7277111 ], [ -69.8805531, 1.7265182 ], [ -69.8772447, 1.7315921 ], [ -69.8731626, 1.7229716 ], [ -69.8685627, 1.7231842 ], [ -69.8743838, 1.7199989 ], [ -69.865577, 1.7190287 ], [ -69.8643331, 1.7139287 ], [ -69.8624672, 1.7171131 ], [ -69.8590092, 1.7093014 ], [ -69.8571434, 1.7122868 ], [ -69.8526405, 1.7081073 ], [ -69.8472538, 1.7100532 ], [ -69.839071, 1.718484 ], [ -69.8347143, 1.7095436 ], [ -69.8279651, 1.7119132 ], [ -69.8258664, 1.7093077 ], [ -69.8282415, 1.7078813 ], [ -69.823111, 1.7057956 ], [ -69.8232664, 1.7029503 ], [ -69.8190706, 1.7044893 ], [ -69.8223757, 1.6997851 ], [ -69.81673, 1.7009958 ], [ -69.8135384, 1.6975079 ], [ -69.8088807, 1.6950703 ], [ -69.8008882, 1.7025129 ], [ -69.7973842, 1.6985644 ], [ -69.7902316, 1.7002063 ], [ -69.7898818, 1.6967156 ], [ -69.785454300000012, 1.6986105 ], [ -69.7874833, 1.6945527 ], [ -69.7820341, 1.6932299 ], [ -69.7818687, 1.6979793 ], [ -69.7795169, 1.6985858 ], [ -69.7808161, 1.70339 ], [ -69.773093, 1.7027387 ], [ -69.7752724, 1.7075499 ], [ -69.7712888, 1.7082148 ], [ -69.771065, 1.7108424 ], [ -69.765386, 1.711123 ], [ -69.7619488, 1.7178533 ], [ -69.7573239, 1.713836 ], [ -69.7563406, 1.7175712 ], [ -69.752097, 1.7152507 ], [ -69.7530364, 1.7134658 ], [ -69.7489752, 1.7137 ], [ -69.7517902, 1.7193092 ], [ -69.7506319, 1.7243923 ], [ -69.7454698, 1.7293225 ], [ -69.7373421, 1.7266768 ], [ -69.7361856, 1.7297932 ], [ -69.7381832, 1.7301793 ], [ -69.7365621, 1.7318258 ], [ -69.7222858, 1.7322813 ], [ -69.7218369, 1.7344907 ], [ -69.7138469, 1.7323207 ], [ -69.7025824, 1.7346525 ], [ -69.6912821, 1.7279374 ], [ -69.6892232, 1.7297016 ], [ -69.6869898, 1.7275017 ], [ -69.6845737, 1.7313222 ], [ -69.6781828, 1.7301129 ], [ -69.6765611, 1.7326353 ], [ -69.6755201, 1.7268486 ], [ -69.6766462, 1.722365 ], [ -69.6682387, 1.7245605 ], [ -69.6647013, 1.7291512 ], [ -69.6552832, 1.7181122 ], [ -69.6413445, 1.7245826 ], [ -69.6463179, 1.7273239 ], [ -69.6389494, 1.7301954 ], [ -69.6400661, 1.7258808 ], [ -69.6366457, 1.7230169 ], [ -69.6290024, 1.7233761 ], [ -69.6219186, 1.7282946 ], [ -69.624763, 1.7309359 ], [ -69.6226006, 1.7358333 ], [ -69.6198725, 1.7356615 ], [ -69.6183934, 1.7294077 ], [ -69.61565, 1.7361245 ], [ -69.6131051, 1.7361563 ], [ -69.6130795, 1.7388482 ], [ -69.6071938, 1.7419039 ], [ -69.6041206, 1.7399238 ], [ -69.6014981, 1.7440086 ], [ -69.6043783, 1.7464424 ], [ -69.5999477, 1.7489179 ], [ -69.5982457, 1.7459505 ], [ -69.5976565, 1.7496386 ], [ -69.5882677, 1.7537552 ], [ -69.5863743, 1.7525853 ], [ -69.5843443, 1.759943 ], [ -69.5782143, 1.7558177 ], [ -69.5780463, 1.7583979 ], [ -69.5713419, 1.7595482 ], [ -69.5716121, 1.7564008 ], [ -69.5663164, 1.7609811 ], [ -69.5699385, 1.7624166 ], [ -69.5646926, 1.7645576 ], [ -69.5631888, 1.7624637 ], [ -69.5600193, 1.7656417 ], [ -69.5630645, 1.7678369 ], [ -69.5582536, 1.7720566 ], [ -69.5546132, 1.7729904 ], [ -69.5521677, 1.7705123 ], [ -69.5530534, 1.7743905 ], [ -69.5483965, 1.7736031 ], [ -69.5471838, 1.7767642 ], [ -69.5341966, 1.7769055 ], [ -69.5310719, 1.7703431 ], [ -69.5343872, 1.7637068 ], [ -69.528709, 1.7633852 ], [ -69.5279826, 1.768631 ], [ -69.5188878, 1.7691623 ], [ -69.5172538, 1.7715683 ], [ -69.5130096, 1.770783 ], [ -69.5142575, 1.7672416 ], [ -69.5098371, 1.7631208 ], [ -69.51263, 1.761431 ], [ -69.5068051, 1.7583044 ], [ -69.5057699, 1.7614107 ], [ -69.5006486, 1.7582413 ], [ -69.4968188, 1.7608718 ], [ -69.4930495, 1.7575817 ], [ -69.4913077, 1.7597597 ], [ -69.4917843, 1.755887 ], [ -69.4867119, 1.7525503 ], [ -69.4812654, 1.7556689 ], [ -69.482711, 1.750963 ], [ -69.4786264, 1.7464932 ], [ -69.4760916, 1.7497119 ], [ -69.4768752, 1.7438834 ], [ -69.4697862, 1.7473114 ], [ -69.4705605, 1.7504158 ], [ -69.4671719, 1.7570899 ], [ -69.4618204, 1.7520497 ], [ -69.4573514, 1.7520145 ], [ -69.4548039, 1.7521783 ], [ -69.4530748, 1.7457404 ], [ -69.4478176, 1.7453476 ], [ -69.4474141, 1.7423587 ], [ -69.441083, 1.7435696 ], [ -69.4418186, 1.7479094 ], [ -69.4375423, 1.7495012 ], [ -69.4329215, 1.7385451 ], [ -69.4292616, 1.7446142 ], [ -69.426947, 1.7390807 ], [ -69.4241988, 1.7409912 ], [ -69.420848, 1.7376914 ], [ -69.4168768, 1.7415128 ], [ -69.4097944, 1.7390487 ], [ -69.4084895, 1.7411708 ], [ -69.4058202, 1.7314137 ], [ -69.3916449, 1.7295978 ], [ -69.3921961, 1.7270862 ], [ -68.1632921, 1.7277883 ], [ -68.1672148, 1.7411795 ], [ -68.1724135, 1.7435172 ], [ -68.1779634, 1.7326618 ], [ -68.1828622, 1.7339306 ], [ -68.184985, 1.7298057 ], [ -68.1931558, 1.7388729 ], [ -68.1881037, 1.7574627 ], [ -68.1840646, 1.7575606 ], [ -68.183664, 1.762628 ], [ -68.1775615, 1.7654642 ], [ -68.1874525, 1.7724754 ], [ -68.1924007, 1.7801144 ], [ -68.2057699, 1.7824867 ], [ -68.2151059, 1.7719816 ], [ -68.2225464, 1.7724319 ], [ -68.2285377, 1.7779602 ], [ -68.2297879, 1.7811121 ], [ -68.2362992, 1.7764544 ], [ -68.2381928, 1.7698286 ], [ -68.2446266, 1.7873884 ], [ -68.2315281, 1.8204264 ], [ -68.2265106, 1.8291678 ], [ -68.2386333, 1.821565 ], [ -68.2491053, 1.8246553 ], [ -68.2753277, 1.8194869 ], [ -68.2744208, 1.828902 ], [ -68.2816804, 1.8330572 ], [ -68.2825037, 1.8280242 ], [ -68.2851865, 1.8293304 ], [ -68.2844506, 1.836744 ], [ -68.2734526, 1.8452441 ], [ -68.2779035, 1.8473886 ], [ -68.2848703, 1.8441538 ], [ -68.2844964, 1.8473257 ], [ -68.2733991, 1.8527246 ], [ -68.2741619, 1.8588006 ], [ -68.2703817, 1.8589035 ], [ -68.2695413, 1.8664369 ], [ -68.2645027, 1.8667066 ], [ -68.2593562, 1.8753252 ], [ -68.2537063, 1.87869 ], [ -68.2512478, 1.8951849 ], [ -68.2475956, 1.8999768 ], [ -68.2478247, 1.9089425 ], [ -68.2443868, 1.9174013 ], [ -68.247569, 1.9201575 ], [ -68.2449776, 1.9272165 ], [ -68.2405262, 1.9320982 ], [ -68.233487, 1.9331134 ], [ -68.2321751, 1.9426846 ], [ -68.2218242, 1.9560007 ], [ -68.220802, 1.9610855 ], [ -68.2173657, 1.963 ], [ -68.2127187, 1.9735178 ], [ -68.2153838, 1.9806906 ], [ -68.2056549, 1.985864 ], [ -68.2014615, 2.0031417 ], [ -68.1990226, 2.0386551 ], [ -68.1926575, 2.0384053 ], [ -68.1874227, 1.9905305 ], [ -68.1840915, 1.9874848 ], [ -68.1840915, 1.9797753 ], [ -68.1809982, 1.977627 ], [ -68.1724797, 1.9788236 ], [ -68.1752399, 1.9694009 ], [ -68.1676256, 1.9634998 ], [ -68.1451635, 1.973208 ], [ -68.1361215, 1.9675925 ], [ -68.1287928, 1.9588361 ], [ -68.1316481, 1.953982 ], [ -68.1219399, 1.9468436 ], [ -68.1203219, 1.9393245 ], [ -68.1122317, 1.9334234 ], [ -68.10423680000001, 1.9104854 ], [ -68.0931387, 1.895899 ], [ -68.0846678, 1.8987544 ], [ -68.072381, 1.8907308 ], [ -68.0619374, 1.8932172 ], [ -68.0624235, 1.8829108 ], [ -68.0578572, 1.8761878 ], [ -68.0519677, 1.8753756 ], [ -68.0544934, 1.8676515 ], [ -68.0485166, 1.8668256 ], [ -68.048670700000017, 1.8592347 ], [ -68.0437886, 1.8593348 ], [ -68.0424984, 1.8542688 ], [ -68.048027, 1.8437717 ], [ -68.0384772, 1.8372535 ], [ -68.0401925, 1.8347073 ], [ -68.0361496, 1.8275102 ], [ -68.0401703, 1.8190975 ], [ -68.0309803, 1.8110076 ], [ -68.0275982, 1.8152241 ], [ -68.0237452, 1.8129396 ], [ -68.0191503, 1.8160211 ], [ -68.0216833, 1.818615 ], [ -68.0154473, 1.8310409 ], [ -67.9985834, 1.8452974 ], [ -67.9867528, 1.8428277 ], [ -67.9770354, 1.8350029 ], [ -67.9771034, 1.831658 ], [ -67.972134600000018, 1.8282685 ], [ -67.9602334, 1.8330233 ], [ -67.9518221, 1.8262252 ], [ -67.9485123, 1.8273649 ], [ -67.9417797, 1.8203128 ], [ -67.9290957, 1.8169291 ], [ -67.9077092, 1.8047879 ], [ -67.9030507, 1.807013 ], [ -67.9148756, 1.818249 ], [ -67.9218969, 1.8203768 ], [ -67.9207018, 1.826077 ], [ -67.9143937, 1.8275184 ], [ -67.9146307, 1.8363644 ], [ -67.9190839, 1.8383643 ], [ -67.9188466, 1.8464073 ], [ -67.9224702, 1.8584089 ], [ -67.9173301, 1.862457 ], [ -67.9135869, 1.859786 ], [ -67.9088323, 1.8621592 ], [ -67.9158007, 1.8797871 ], [ -67.9206154, 1.8819494 ], [ -67.9217054, 1.8927104 ], [ -67.9157695, 1.8975381 ], [ -67.903821, 1.8956939 ], [ -67.897308, 1.8880728 ], [ -67.8946276, 1.8900547 ], [ -67.8962371, 1.8949136 ], [ -67.8820132, 1.896159 ], [ -67.8788303, 1.9039274 ], [ -67.8711702, 1.9007705 ], [ -67.8720397, 1.9125638 ], [ -67.8689496, 1.9139507 ], [ -67.8693024, 1.9237364 ], [ -67.8559716, 1.9307827 ], [ -67.8547825, 1.9347546 ], [ -67.8470088, 1.9387286 ], [ -67.8368204, 1.9369287 ], [ -67.8315074, 1.9415787 ], [ -67.8337979, 1.9435647 ], [ -67.8299992, 1.9459579 ], [ -67.8263794, 1.9609856 ], [ -67.8155577, 1.9677369 ], [ -67.8146508, 1.9737189 ], [ -67.8061458, 1.97523 ], [ -67.8087166, 1.9859087 ], [ -67.8009834, 1.9876749 ], [ -67.8014408, 1.993414 ], [ -67.7911885, 1.9964802 ], [ -67.7885632, 2.0006956 ], [ -67.7834056, 1.9998919 ], [ -67.7830303, 2.0077571 ], [ -67.7751534, 2.0123204 ], [ -67.7779163, 2.0252974 ], [ -67.7754977, 2.0349271 ], [ -67.7707566, 2.036175 ], [ -67.7678416, 2.0332177 ], [ -67.7593196, 2.0344596 ], [ -67.7582623, 2.0310975 ], [ -67.7517225, 2.0302818 ], [ -67.7488986, 2.0346795 ], [ -67.7433878, 2.0344586 ], [ -67.7411761, 2.0287406 ], [ -67.7312331, 2.026048 ], [ -67.7306947, 2.0116561 ], [ -67.7202981, 2.0091116 ], [ -67.7203551, 2.0152103 ], [ -67.7165371, 2.0175415 ], [ -67.7112121, 2.0084185 ], [ -67.7075693, 2.0109392 ], [ -67.7012448, 2.0096064 ], [ -67.6958153, 2.0012052 ], [ -67.6824506, 2.00229 ], [ -67.6771686, 2.0090653 ], [ -67.6681764, 1.997956 ], [ -67.6642575, 1.9981113 ], [ -67.6583508, 1.9904657 ], [ -67.648901, 1.9968624 ], [ -67.6480254, 2.00147 ], [ -67.6440731, 2.0024161 ], [ -67.6421333, 2.0065485 ], [ -67.6370518, 2.0073616 ], [ -67.6362405, 2.0141672 ], [ -67.6273748, 2.0211763 ], [ -67.6311546, 2.0307824 ], [ -67.6239883, 2.033296 ], [ -67.6277367, 2.0367922 ], [ -67.6247543, 2.040379 ], [ -67.6183245, 2.0370227 ], [ -67.6129717, 2.0429156 ], [ -67.6074352, 2.0395596 ], [ -67.6016622, 2.0437699 ], [ -67.5982191, 2.0649867 ], [ -67.5936828, 2.0650081 ], [ -67.5916222, 2.0688519 ], [ -67.5940256, 2.0750203 ], [ -67.5872847, 2.0786385 ], [ -67.584470600000017, 2.0910438 ], [ -67.5783517, 2.0939467 ], [ -67.5739382, 2.1035127 ], [ -67.5802178, 2.1066635 ], [ -67.5798256, 2.1152265 ], [ -67.5865576, 2.1216499 ], [ -67.5864012, 2.1255882 ], [ -67.5833731, 2.1270248 ], [ -67.5860545, 2.1359113 ], [ -67.5806258, 2.1445075 ], [ -67.5789581, 2.1559518 ], [ -67.5729536, 2.1631319 ], [ -67.566826, 2.1622689 ], [ -67.5585308, 2.157174 ], [ -67.5562484, 2.1512716 ], [ -67.5509106, 2.1494236 ], [ -67.5405348, 2.1536057 ], [ -67.5348266, 2.1507317 ], [ -67.5296781, 2.1592419 ], [ -67.521155100000016, 2.1560283 ], [ -67.5165039, 2.1622653 ], [ -67.5133004, 2.1605585 ], [ -67.5106776, 2.1641531 ], [ -67.490567900000016, 2.1640495 ], [ -67.484586, 2.1588988 ], [ -67.4775293, 2.1662192 ], [ -67.4636044, 2.1683068 ], [ -67.4631703, 2.1707112 ], [ -67.4496829, 2.1695385 ], [ -67.4459479, 2.1783337 ], [ -67.447333, 2.1823145 ], [ -67.4433769, 2.188093 ], [ -67.4458201, 2.1990947 ], [ -67.4424883, 2.2011823 ], [ -67.4382367, 2.196852 ], [ -67.4307996, 2.1969775 ], [ -67.4264645, 2.193527 ], [ -67.4223682, 2.1961769 ], [ -67.4164597, 2.1935859 ], [ -67.4177767, 2.1985687 ], [ -67.4252473, 2.2031573 ], [ -67.4207257, 2.2105183 ], [ -67.4151687, 2.2296837 ], [ -67.4089053, 2.2256522 ], [ -67.4009854, 2.2333168 ], [ -67.3958301, 2.2293595 ], [ -67.3945699, 2.2326954 ], [ -67.3853707, 2.2231684 ], [ -67.3685675, 2.2161708 ], [ -67.3686115, 2.2105107 ], [ -67.3648152, 2.2077067 ], [ -67.3671451, 2.1976276 ], [ -67.3714633, 2.1932661 ], [ -67.3617391, 2.1884682 ], [ -67.3601118, 2.1799787 ], [ -67.3626371, 2.1787812 ], [ -67.3616561, 2.1709699 ], [ -67.354439, 2.1712769 ], [ -67.3508642, 2.1751546 ], [ -67.3307699, 2.1649185 ], [ -67.3307006, 2.1571058 ], [ -67.327256800000015, 2.1548662 ], [ -67.3294682, 2.1466698 ], [ -67.3340019, 2.14452 ], [ -67.334008, 2.1401958 ], [ -67.3415556, 2.1309482 ], [ -67.3483249, 2.1290567 ], [ -67.3479764, 2.1162535 ], [ -67.3584586, 2.1157572 ], [ -67.3567139, 2.1096479 ], [ -67.3585096, 2.0944727 ], [ -67.3537886, 2.0869252 ], [ -67.3468745, 2.0893815 ], [ -67.341674, 2.0849203 ], [ -67.3500563, 2.0759658 ], [ -67.3491912, 2.0657077 ], [ -67.358098, 2.0498606 ], [ -67.354270700000015, 2.0442211 ], [ -67.3583592, 2.0415675 ], [ -67.3542191, 2.0290531 ], [ -67.349061, 2.0250699 ], [ -67.3414827, 2.0266714 ], [ -67.3476321, 2.0106659 ], [ -67.3450107, 2.0055941 ], [ -67.3487693, 1.9975812 ], [ -67.3472776, 1.9849918 ], [ -67.3408639, 1.9801276 ], [ -67.3340268, 1.9790478 ], [ -67.3293327, 1.9592575 ], [ -67.3236604, 1.9524978 ], [ -67.327398, 1.9490166 ], [ -67.3224146, 1.9386321 ], [ -67.3188838, 1.9387713 ], [ -67.3161449, 1.9279747 ], [ -67.3091166, 1.9180785 ], [ -67.311425, 1.9159282 ], [ -67.3029122, 1.9057116 ], [ -67.3031147, 1.9006304 ], [ -67.2940295, 1.9003646 ], [ -67.2836621, 1.9056316 ], [ -67.2826482, 1.9099057 ], [ -67.2769999, 1.9114894 ], [ -67.2754716, 1.923407 ], [ -67.2631784, 1.9128965 ], [ -67.2415917, 1.9166845 ], [ -67.2404677, 1.9107455 ], [ -67.2255997, 1.9132233 ], [ -67.2202263, 1.9179077 ], [ -67.2172165, 1.9150989 ], [ -67.2193251, 1.9120103 ], [ -67.2163819, 1.901366 ], [ -67.2128253, 1.9005117 ], [ -67.2156716, 1.8922574 ], [ -67.208817, 1.8855874 ], [ -67.2121472, 1.8820208 ], [ -67.2094312, 1.8722263 ], [ -67.2124898, 1.8707757 ], [ -67.2085023, 1.8583316 ], [ -67.1994058, 1.8574396 ], [ -67.1987312, 1.8505534 ], [ -67.18903, 1.8506392 ], [ -67.1819029, 1.8429208 ], [ -67.1743081, 1.8446538 ], [ -67.1717772, 1.8412582 ], [ -67.1734709, 1.8364038 ], [ -67.1693638, 1.8294162 ], [ -67.1626568, 1.830521 ], [ -67.1574896, 1.8268342 ], [ -67.1516815, 1.8160955 ], [ -67.1528326, 1.808287 ], [ -67.1560746, 1.8133445 ], [ -67.1625459, 1.8109378 ], [ -67.1606345, 1.8061101 ], [ -67.1631466, 1.8013388 ], [ -67.1566304, 1.795873 ], [ -67.150106, 1.8008588 ], [ -67.1467521, 1.7962526 ], [ -67.1426774, 1.7984195 ], [ -67.138170300000013, 1.7954657 ], [ -67.1365642, 1.7988855 ], [ -67.1337184, 1.791704 ], [ -67.1358426, 1.7836868 ], [ -67.1275575, 1.776778 ], [ -67.1432194, 1.7616384 ], [ -67.1458218, 1.7546581 ], [ -67.140773, 1.7499461 ], [ -67.1420495, 1.7455322 ], [ -67.13902, 1.7447094 ], [ -67.1391625, 1.7311292 ], [ -67.1490309, 1.7315277 ], [ -67.1475158, 1.7217614 ], [ -67.1446129, 1.7190521 ], [ -67.1458126, 1.7167734 ], [ -67.1423993, 1.7159534 ], [ -67.1404197, 1.7112803 ], [ -67.1432461, 1.7071513 ], [ -67.1398883, 1.6980187 ], [ -67.1324137, 1.6940017 ], [ -67.1289203, 1.6879469 ], [ -67.130233, 1.6841841 ], [ -67.1372789, 1.6808855 ], [ -67.1346263, 1.6763372 ], [ -67.1378797, 1.6658564 ], [ -67.1332349, 1.6615318 ], [ -67.1366781, 1.6557441 ], [ -67.1322214, 1.6441577 ], [ -67.1364547, 1.6285624 ], [ -67.1406787, 1.6290932 ], [ -67.1390084, 1.6177178 ], [ -67.1431435, 1.6042332 ], [ -67.136867, 1.6083696 ], [ -67.1306153, 1.6005911 ], [ -67.1248053, 1.5981463 ], [ -67.1232056, 1.6001547 ], [ -67.1208458, 1.5949941 ], [ -67.113216, 1.5942531 ], [ -67.1149945, 1.5853252 ], [ -67.1008371, 1.5817317 ], [ -67.1063672, 1.5711136 ], [ -67.1021985, 1.5672448 ], [ -67.1025572, 1.5577987 ], [ -67.0989411, 1.5539482 ], [ -67.0987542, 1.5438065 ], [ -67.0954343, 1.5411286 ], [ -67.1003242, 1.5301811 ], [ -67.0996798, 1.520513 ], [ -67.103062, 1.5195415 ], [ -67.0993627, 1.5109053 ], [ -67.0979762, 1.5008339 ], [ -67.0916942, 1.4919378 ], [ -67.0950971, 1.4872541 ], [ -67.0877682, 1.4803662 ], [ -67.0895507, 1.476213 ], [ -67.0850646, 1.4735564 ], [ -67.0790146, 1.473358 ], [ -67.0766789, 1.4564824 ], [ -67.0825062, 1.4510521 ], [ -67.0844238, 1.4356872 ], [ -67.0869286, 1.4345314 ], [ -67.0851316, 1.4293737 ], [ -67.0868696, 1.4261581 ], [ -67.078639100000018, 1.4243361 ], [ -67.0870747, 1.4184196 ], [ -67.0829983, 1.4078945 ], [ -67.0798838, 1.4090176 ], [ -67.0802892, 1.4009241 ], [ -67.0836565, 1.4010599 ], [ -67.0786443, 1.3943722 ], [ -67.0819784, 1.390925 ], [ -67.0792298, 1.3801103 ], [ -67.0845013, 1.374972 ], [ -67.0751352, 1.3714813 ], [ -67.076157, 1.3667977 ], [ -67.0854691, 1.3630203 ], [ -67.0887137, 1.3585741 ], [ -67.0923941, 1.3594241 ], [ -67.0887792, 1.3507823 ], [ -67.0924019, 1.3472007 ], [ -67.0988683, 1.3478667 ], [ -67.1039201, 1.3399044 ], [ -67.1071516, 1.3402372 ], [ -67.11206, 1.3349931 ], [ -67.1164565, 1.3392267 ], [ -67.1281974, 1.33966 ], [ -67.1265213, 1.3426026 ], [ -67.1309941, 1.345328 ], [ -67.1319068, 1.3497149 ], [ -67.1361575, 1.3492806 ], [ -67.1408671, 1.3443423 ], [ -67.1514094, 1.3455518 ], [ -67.1527533, 1.3286846 ], [ -67.1561511, 1.3257405 ], [ -67.156149700000014, 1.3171681 ], [ -67.1450111, 1.3138016 ], [ -67.1438345, 1.3003354 ], [ -67.1375176, 1.295205 ], [ -67.136454, 1.2904848 ], [ -67.1300362, 1.2885374 ], [ -67.1325906, 1.2858438 ], [ -67.1281173, 1.2828992 ], [ -67.1254564, 1.2843921 ], [ -67.1232105, 1.2782295 ], [ -67.1274325, 1.2716678 ], [ -67.1098348, 1.2658478 ], [ -67.1045256, 1.2593846 ], [ -67.1006109, 1.2596996 ], [ -67.0992956, 1.2447865 ], [ -67.1005829, 1.2392603 ], [ -67.1006035, 1.2350395 ], [ -67.0947266, 1.2312744 ], [ -67.0947358, 1.2285252 ], [ -67.090728900000016, 1.2272783 ], [ -67.0924712, 1.2223967 ], [ -67.0896128, 1.210371 ], [ -67.0869845, 1.2105277 ], [ -67.0862974, 1.2020049 ], [ -67.0821156, 1.2007034 ], [ -67.0854268, 1.1917694 ], [ -67.0904517, 1.1894503 ], [ -67.0880159, 1.1820893 ], [ -67.0829409, 1.1797426 ], [ -67.0929901, 1.1708637 ], [ -67.0882713, 1.1658811 ], [ -66.8568869, 1.2279544 ], [ -66.8505527, 1.2235971 ], [ -66.8542755, 1.2399599 ], [ -66.8608637, 1.2492642 ], [ -66.8732195, 1.2594599 ], [ -66.8812121, 1.2865973 ], [ -66.8732569, 1.3050776 ], [ -66.86678, 1.3098732 ], [ -66.8502241, 1.314756 ], [ -66.8472154, 1.3227181 ], [ -66.8560605, 1.3696997 ], [ -66.8748391, 1.398093 ], [ -66.9015799, 1.4090598 ], [ -66.9092416, 1.4182237 ], [ -66.9120959, 1.4272375 ], [ -66.9089411, 1.4861273 ], [ -66.9102932, 1.4963429 ], [ -66.918706, 1.5149713 ], [ -66.9221613, 1.5352522 ], [ -66.9452966, 1.5786685 ], [ -66.9589674, 1.5846776 ], [ -66.9628734, 1.5896352 ], [ -66.9634743, 1.5977476 ], [ -66.9597186, 1.6090147 ], [ -66.9591176, 1.628845 ], [ -66.9643757, 1.6446191 ], [ -66.9624331, 1.6685875 ], [ -66.9705569, 1.680506 ], [ -66.9895941, 1.6906364 ], [ -67.0034894, 1.7289262 ], [ -67.0129991, 1.7410551 ], [ -67.0144825, 1.7587927 ], [ -67.0315436, 1.7828566 ], [ -67.0376568, 1.8091141 ], [ -67.0353936, 1.8454827 ], [ -67.0468672, 1.8597087 ], [ -67.0679093, 1.9244783 ], [ -67.0764978, 1.9390583 ], [ -67.0841985, 1.940466 ], [ -67.0935692, 1.952772 ], [ -67.1051106, 1.9616877 ], [ -67.1138669, 1.9749384 ], [ -67.1229958, 1.9768859 ], [ -67.1209849, 1.9961169 ], [ -67.1156757, 2.0078684 ], [ -67.1137823, 2.023094 ], [ -67.0970296, 2.0527947 ], [ -67.0991919, 2.0736619 ], [ -67.1062018, 2.0985734 ], [ -67.1066357, 2.1121816 ], [ -67.1155339, 2.1345703 ], [ -67.1247258, 2.1372245 ], [ -67.1496462, 2.1258373 ], [ -67.1565996, 2.1282914 ], [ -67.1769218, 2.1541873 ], [ -67.193755700000011, 2.1853624 ], [ -67.2037192, 2.225875 ], [ -67.2214032, 2.2524662 ], [ -67.2210112, 2.2619204 ], [ -67.2157669, 2.2697593 ], [ -67.214681500000012, 2.2878818 ], [ -67.2183744, 2.2944807 ], [ -67.21574480000001, 2.3065779 ], [ -67.1968332, 2.322718 ], [ -67.1861374, 2.342106 ], [ -67.1879023, 2.3503102 ], [ -67.2140541, 2.383012 ], [ -67.2161977, 2.3924247 ], [ -67.2285189, 2.4032428 ], [ -67.2541125, 2.4214455 ], [ -67.2591661, 2.4283164 ], [ -67.2765514, 2.4296624 ], [ -67.2970918, 2.4419476 ], [ -67.3030869, 2.4612193 ], [ -67.3137036, 2.4701283 ], [ -67.3177452, 2.4785883 ], [ -67.3284893, 2.4860347 ], [ -67.3365494, 2.5006329 ], [ -67.3351535, 2.5092806 ], [ -67.3417223, 2.521494 ], [ -67.3518976, 2.5295123 ], [ -67.3578694, 2.5293912 ], [ -67.3848306, 2.5467641 ], [ -67.386531, 2.5594835 ], [ -67.3937309, 2.5750675 ], [ -67.4160454, 2.5845154 ], [ -67.452704, 2.6199313 ], [ -67.4663633, 2.6186027 ], [ -67.4852249, 2.6658045 ], [ -67.5076334, 2.6669537 ], [ -67.5251475, 2.6730032 ], [ -67.5407067, 2.6670323 ], [ -67.5543085, 2.6536199 ], [ -67.5601259, 2.6545762 ], [ -67.5676471, 2.6645637 ], [ -67.5692845, 2.6809082 ], [ -67.5630814, 2.723365 ], [ -67.5843096, 2.7439366 ], [ -67.583981, 2.7736351 ], [ -67.5903642, 2.7845124 ], [ -67.6113529, 2.8057616 ], [ -67.6122998, 2.8101501 ], [ -67.6193819, 2.813905 ], [ -67.6406977, 2.8091436 ], [ -67.6498093, 2.7978907 ], [ -67.658348, 2.7965584 ], [ -67.7355653, 2.8169344 ], [ -67.737523, 2.8270467 ], [ -67.7347389, 2.8311796 ], [ -67.7376466, 2.8370312 ], [ -67.753269, 2.836845 ], [ -67.7825558, 2.8266776 ], [ -67.8108897, 2.8321539 ], [ -67.8200616, 2.8284674 ], [ -67.8265776, 2.8219821 ], [ -67.8329684, 2.8092006 ], [ -67.8379501, 2.7933002 ], [ -67.8526854, 2.7916772 ], [ -67.8580831, 2.7884635 ], [ -67.8640942, 2.7894713 ], [ -67.8628294, 2.8648657 ], [ -67.4350699, 3.2482757 ], [ -67.3811593, 3.2484903 ], [ -67.3842875, 3.2649647 ], [ -67.3816029, 3.2925835 ], [ -67.37224, 3.3026099 ], [ -67.3566259, 3.3093582 ], [ -67.3363993, 3.3317363 ], [ -67.325012, 3.356641 ], [ -67.3261414, 3.3615797 ], [ -67.3114555, 3.3752056 ], [ -67.31301, 3.3945569 ], [ -67.3299927, 3.425691 ], [ -67.3391504, 3.4510222 ], [ -67.3595148, 3.4593363 ], [ -67.3697735, 3.466961 ], [ -67.394563, 3.4715813 ], [ -67.4014681, 3.4799966 ], [ -67.4074166, 3.5013955 ], [ -67.412044, 3.5388769 ], [ -67.4306726, 3.5622452 ], [ -67.4312861, 3.5750712 ], [ -67.4440718, 3.5852362 ], [ -67.4483525, 3.6120962 ], [ -67.4453828, 3.614004 ], [ -67.4400871, 3.6467546 ], [ -67.4512908, 3.6520485 ], [ -67.4533394, 3.6588735 ], [ -67.4479567, 3.676484 ], [ -67.4528495, 3.6818828 ], [ -67.4635897, 3.6830012 ], [ -67.4809482, 3.7077684 ], [ -67.4859898, 3.7272904 ], [ -67.4856655, 3.7398266 ], [ -67.5031803, 3.7693543 ], [ -67.516130300000015, 3.7752343 ], [ -67.5248199, 3.7736531 ], [ -67.5404698, 3.7565245 ], [ -67.5984481, 3.7516392 ], [ -67.6092273, 3.7533881 ], [ -67.6246573, 3.7800352 ], [ -67.6344266, 3.78555 ], [ -67.645018100000016, 3.8151404 ], [ -67.6453151, 3.8524331 ], [ -67.6501578, 3.8689347 ], [ -67.6603448, 3.8854259 ], [ -67.6629152, 3.8970751 ], [ -67.676376, 3.9122841 ] ], [ [ -70.017172800000012, 2.181449 ], [ -70.0199159, 2.1773343 ], [ -70.0232481, 2.1794101 ], [ -70.017172800000012, 2.181449 ] ], [ [ -69.5882677, 1.7537552 ], [ -69.5901519, 1.7583606 ], [ -69.5867747, 1.7558453 ], [ -69.5882677, 1.7537552 ] ], [ [ -69.4241988, 1.7409912 ], [ -69.4243911, 1.7456694 ], [ -69.4225058, 1.7441336 ], [ -69.4241988, 1.7409912 ] ] ], [ [ [ -69.5188878, 1.7691623 ], [ -69.5191548, 1.764688 ], [ -69.5171251, 1.7647347 ], [ -69.5188878, 1.7691623 ] ] ] ] } },
{ "type": "Feature", "properties": { "id": "95", "name": "GUAVIARE", "label": "Guaviare", "n_especies": 4759.0, "n_registros": 179350.0 }, "geometry": { "type": "MultiPolygon", "coordinates": [ [ [ [ -71.307433100000011, 2.9218295 ], [ -71.3158638, 2.9249563 ], [ -71.3283194, 2.9233231 ], [ -71.332791, 2.9102463 ], [ -71.3274667, 2.8966665 ], [ -71.3421125, 2.8647462 ], [ -71.348213, 2.8580148 ], [ -71.3557722, 2.8585495 ], [ -71.3587753, 2.863432 ], [ -71.3567474, 2.8805772 ], [ -71.3597992, 2.8885287 ], [ -71.3665948, 2.8926761 ], [ -71.3769738, 2.8906312 ], [ -71.3834737, 2.8860985 ], [ -71.3795844, 2.8708671 ], [ -71.3845599, 2.8520654 ], [ -71.3907226, 2.8440267 ], [ -71.4018846, 2.8501074 ], [ -71.4254137, 2.8705235 ], [ -71.4346243, 2.8732276 ], [ -71.4587243, 2.8931715 ], [ -71.4622748, 2.8992934 ], [ -71.4671597, 2.8964389 ], [ -71.4681176, 2.8874603 ], [ -71.4633702, 2.8631079 ], [ -71.4665261, 2.8552534 ], [ -71.4752745, 2.8520439 ], [ -71.4826174, 2.8550778 ], [ -71.4915863, 2.8702634 ], [ -71.5222953, 2.8790689 ], [ -71.5299321, 2.8785431 ], [ -71.5420595, 2.860304 ], [ -71.5485219, 2.8597001 ], [ -71.5670046, 2.8694811 ], [ -71.5800126, 2.8725673 ], [ -71.5850331, 2.8712242 ], [ -71.5841705, 2.8655872 ], [ -71.573522, 2.8558418 ], [ -71.5716793, 2.8503281 ], [ -71.5765972, 2.8435398 ], [ -71.5856225, 2.8430079 ], [ -71.6004385, 2.8471602 ], [ -71.6130531, 2.8452291 ], [ -71.6265019, 2.8386361 ], [ -71.6340492, 2.82491 ], [ -71.6438188, 2.8205358 ], [ -71.6725849, 2.8239458 ], [ -71.6738965, 2.8299788 ], [ -71.6613933, 2.8517501 ], [ -71.657721, 2.8646031 ], [ -71.6620053, 2.8727345 ], [ -71.6743079, 2.8740482 ], [ -71.6815033, 2.8716853 ], [ -71.6833394, 2.8501763 ], [ -71.6941217, 2.8381701 ], [ -71.7022254, 2.840471 ], [ -71.7299411, 2.8619138 ], [ -71.741746, 2.8842759 ], [ -71.7566974, 2.8971289 ], [ -71.7650037, 2.8965168 ], [ -71.7678016, 2.8903964 ], [ -71.7590581, 2.8705486 ], [ -71.757484300000016, 2.8577831 ], [ -71.771779, 2.8276337 ], [ -71.7812666, 2.8173007 ], [ -71.7875619, 2.8186997 ], [ -71.7884363, 2.8374982 ], [ -71.7840645, 2.8535863 ], [ -71.7858132, 2.8645156 ], [ -71.791548, 2.8725659 ], [ -71.8080217, 2.8781555 ], [ -71.8240223, 2.8787675 ], [ -71.8505151, 2.8727345 ], [ -71.8496408, 2.8688874 ], [ -71.8303176, 2.8729968 ], [ -71.8219239, 2.8681879 ], [ -71.8189511, 2.8558596 ], [ -71.8265732, 2.8384255 ], [ -71.8316099, 2.8372451 ], [ -71.8512252, 2.842806 ], [ -71.9142551, 2.8278285 ], [ -71.9408356, 2.8332639 ], [ -71.9565151, 2.83086 ], [ -71.9689183, 2.819727 ], [ -71.9819183, 2.8011874 ], [ -71.9916158, 2.8226357 ], [ -72.0002087, 2.8279289 ], [ -72.0156, 2.8301911 ], [ -72.0510889, 2.8167337 ], [ -72.0650213, 2.8192516 ], [ -72.0852915, 2.8279294 ], [ -72.100049, 2.8405585 ], [ -72.1029763, 2.8535543 ], [ -72.1156562, 2.88035 ], [ -72.125386, 2.8878852 ], [ -72.1359992, 2.8884569 ], [ -72.1411194, 2.8679334 ], [ -72.1444829, 2.864556 ], [ -72.1812348, 2.8752151 ], [ -72.1937724, 2.872477 ], [ -72.20105, 2.8671449 ], [ -72.207535, 2.83472 ], [ -72.2043645, 2.8127431 ], [ -72.1864948, 2.7967469 ], [ -72.1840449, 2.7886767 ], [ -72.1884726, 2.7762554 ], [ -72.1953466, 2.7712783 ], [ -72.2037753, 2.7706982 ], [ -72.2284557, 2.7866822 ], [ -72.2517049, 2.822975 ], [ -72.2600229, 2.8245645 ], [ -72.2679173, 2.8201648 ], [ -72.2721686, 2.8128872 ], [ -72.2651072, 2.7964586 ], [ -72.2671085, 2.7864807 ], [ -72.2760255, 2.7776205 ], [ -72.2902413, 2.772961 ], [ -72.2965177, 2.775553 ], [ -72.3060346, 2.7947293 ], [ -72.3148974, 2.7997011 ], [ -72.3380992, 2.7953057 ], [ -72.35941, 2.7798655 ], [ -72.378951, 2.7486922 ], [ -72.3928128, 2.734418 ], [ -72.4109064, 2.7255228 ], [ -72.4291019, 2.737933 ], [ -72.4362467, 2.7398852 ], [ -72.4437567, 2.7347547 ], [ -72.4705916, 2.7338294 ], [ -72.4719249, 2.7278115 ], [ -72.465337, 2.7211714 ], [ -72.4649914, 2.6971479 ], [ -72.4722088, 2.6893455 ], [ -72.4850248, 2.6859741 ], [ -72.5107914, 2.6915734 ], [ -72.5225135, 2.6999694 ], [ -72.5348067, 2.7033544 ], [ -72.5386526, 2.699633 ], [ -72.5359139, 2.6846079 ], [ -72.5483525, 2.6789021 ], [ -72.565308300000012, 2.6818091 ], [ -72.5714208, 2.6741166 ], [ -72.5710723, 2.6662758 ], [ -72.556643, 2.6616414 ], [ -72.5536483, 2.6561699 ], [ -72.5558263, 2.6498973 ], [ -72.5840962, 2.6429298 ], [ -72.5876703, 2.6357192 ], [ -72.581154, 2.6067583 ], [ -72.5814033, 2.5879978 ], [ -72.5861576, 2.5838022 ], [ -72.5975331, 2.5844502 ], [ -72.5999035, 2.5888036 ], [ -72.5977387, 2.6064128 ], [ -72.6015135, 2.6180626 ], [ -72.6104293, 2.6242961 ], [ -72.6228751, 2.6274328 ], [ -72.6459203, 2.6024432 ], [ -72.6430682, 2.5814173 ], [ -72.6451643, 2.575413 ], [ -72.6531629, 2.5715294 ], [ -72.6617437, 2.5726426 ], [ -72.6639736, 2.5801867 ], [ -72.6629869, 2.5919519 ], [ -72.6671406, 2.6107342 ], [ -72.6740647, 2.6193685 ], [ -72.6846399, 2.6230466 ], [ -72.6974697, 2.6209729 ], [ -72.7060241, 2.613006 ], [ -72.7233569, 2.5811063 ], [ -72.7362341, 2.5709837 ], [ -72.7490417, 2.5701902 ], [ -72.7616077, 2.573095 ], [ -72.7906118, 2.5906661 ], [ -72.7965157, 2.6091828 ], [ -72.8028121, 2.6138993 ], [ -72.8165073, 2.6146496 ], [ -72.8516523, 2.5936828 ], [ -72.870739, 2.5778426 ], [ -72.8898871, 2.5718958 ], [ -72.8970331, 2.5637231 ], [ -72.9128366, 2.5670279 ], [ -72.9218178, 2.5605169 ], [ -72.9228214, 2.5534344 ], [ -72.9189045, 2.5424609 ], [ -72.9226533, 2.532184 ], [ -72.9311358, 2.5252962 ], [ -72.9488017, 2.5232985 ], [ -72.9573035, 2.5122462 ], [ -72.9581065, 2.4995879 ], [ -72.9545985, 2.495032 ], [ -72.9504548, 2.4956676 ], [ -72.9436841, 2.5037736 ], [ -72.9361471, 2.5025984 ], [ -72.9305373, 2.4901582 ], [ -72.927556, 2.4755756 ], [ -72.930815, 2.4679805 ], [ -72.9363276, 2.4640019 ], [ -72.9553802, 2.480642 ], [ -72.9630857, 2.4799058 ], [ -72.9707578, 2.4709224 ], [ -72.9715821, 2.4615937 ], [ -72.9634287, 2.4540284 ], [ -72.9656738, 2.4485068 ], [ -72.9784315, 2.4532191 ], [ -72.9876245, 2.4508347 ], [ -72.9937982, 2.4434976 ], [ -73.0118013, 2.4334899 ], [ -73.0317869, 2.4128847 ], [ -73.0348192, 2.4129835 ], [ -73.0379243, 2.4328977 ], [ -73.0456488, 2.4376618 ], [ -73.0536904, 2.4273559 ], [ -73.0675742, 2.4264707 ], [ -73.0745561, 2.4145164 ], [ -73.0845869, 2.4084178 ], [ -73.1071081, 2.3842351 ], [ -73.1116237, 2.3809402 ], [ -73.1147709, 2.3833105 ], [ -73.1189777, 2.4089587 ], [ -73.1246289, 2.4116939 ], [ -73.1359807, 2.4066067 ], [ -73.1411878, 2.3992724 ], [ -73.1397961, 2.3943425 ], [ -73.1246464, 2.3863264 ], [ -73.1232795, 2.3802372 ], [ -73.1283668, 2.3767763 ], [ -73.1407907, 2.377679 ], [ -73.1576862, 2.3649946 ], [ -73.1654424, 2.3667782 ], [ -73.1678537, 2.3722675 ], [ -73.1642924, 2.3971732 ], [ -73.1686653, 2.4007518 ], [ -73.1829404, 2.396196 ], [ -73.186182, 2.3883269 ], [ -73.2021278, 2.3825524 ], [ -73.2176875, 2.3863556 ], [ -73.2113563, 2.4006732 ], [ -73.2159867, 2.4055086 ], [ -73.2264424, 2.388698 ], [ -73.2422888, 2.3879629 ], [ -73.2547111, 2.381065 ], [ -73.2678734, 2.3808665 ], [ -73.2671459, 2.3749137 ], [ -73.2615899, 2.3716727 ], [ -73.2455172, 2.3737893 ], [ -73.2403581, 2.3698869 ], [ -73.239366, 2.3503748 ], [ -73.2440621, 2.3471338 ], [ -73.2584611, 2.3571882 ], [ -73.2684653, 2.3584809 ], [ -73.2990816, 2.3362179 ], [ -73.3140079, 2.3501468 ], [ -73.3214631, 2.3597889 ], [ -73.3304105, 2.3603562 ], [ -73.335998500000017, 2.3565961 ], [ -73.3298455, 2.3440901 ], [ -73.3334872, 2.3329107 ], [ -73.3417439, 2.3271246 ], [ -73.3571912, 2.3243345 ], [ -73.3601546, 2.3310337 ], [ -73.3587199, 2.3360796 ], [ -73.3482694, 2.3433492 ], [ -73.3451351, 2.3512706 ], [ -73.3469181, 2.3616209 ], [ -73.3563703, 2.3684843 ], [ -73.3735936, 2.3637216 ], [ -73.3754674, 2.3282582 ], [ -73.3804698, 2.3243503 ], [ -73.3894375, 2.3249612 ], [ -73.3964857, 2.329378 ], [ -73.3957052, 2.3345357 ], [ -73.3878798, 2.343157 ], [ -73.3899593, 2.3507512 ], [ -73.414271, 2.3565954 ], [ -73.4229831, 2.3514332 ], [ -73.4259441, 2.3272232 ], [ -73.431719, 2.3249439 ], [ -73.4379649, 2.3276374 ], [ -73.4410948, 2.3355128 ], [ -73.432106, 2.3534071 ], [ -73.4310434, 2.361307 ], [ -73.4412733, 2.3859727 ], [ -73.4541269, 2.3837353 ], [ -73.4558037, 2.3807565 ], [ -73.4458139, 2.3474088 ], [ -73.4491162, 2.3408347 ], [ -73.4559271, 2.338022 ], [ -73.4615914, 2.3398795 ], [ -73.4644636, 2.3560859 ], [ -73.4697786, 2.3612635 ], [ -73.4873077, 2.3568581 ], [ -73.5018262, 2.3578535 ], [ -73.5075779, 2.3543876 ], [ -73.5049165, 2.3386364 ], [ -73.5076592, 2.3342989 ], [ -73.51387, 2.3332462 ], [ -73.518624, 2.3365528 ], [ -73.5141784, 2.3512163 ], [ -73.5233176, 2.3709635 ], [ -73.5250658, 2.3853073 ], [ -73.5306677, 2.3879771 ], [ -73.540752500000011, 2.3765728 ], [ -73.557065, 2.3696442 ], [ -73.5679217, 2.3563936 ], [ -73.5770474, 2.3553728 ], [ -73.585196, 2.3590905 ], [ -73.5878865, 2.3683075 ], [ -73.582430500000015, 2.3774442 ], [ -73.5859065, 2.3897754 ], [ -73.5893957, 2.3896939 ], [ -73.5972319, 2.3816064 ], [ -73.6185001, 2.3767226 ], [ -73.6325476, 2.3619226 ], [ -73.6314285, 2.3535886 ], [ -73.6154157, 2.3445638 ], [ -73.6140954, 2.3395196 ], [ -73.6191208, 2.3326424 ], [ -73.6316678, 2.3298758 ], [ -73.6354699, 2.3235734 ], [ -73.6287572, 2.297982 ], [ -73.6353217, 2.2863457 ], [ -73.6442096, 2.2836885 ], [ -73.6569311, 2.2935305 ], [ -73.6573999, 1.6163733 ], [ -73.660031, 1.6132034 ], [ -73.6580413, 1.6073606 ], [ -73.6637273, 1.5930285 ], [ -73.6592378, 1.5890551 ], [ -73.6578489, 1.5755505 ], [ -73.6423465, 1.5565414 ], [ -73.6442359, 1.5527406 ], [ -73.629329, 1.5387331 ], [ -73.6267446, 1.5391327 ], [ -73.6153165, 1.5270265 ], [ -73.6069726, 1.5017169 ], [ -73.5957713, 1.4932905 ], [ -73.5845231, 1.4869556 ], [ -73.5802362, 1.4726588 ], [ -73.5537399, 1.4435814 ], [ -73.5472585, 1.4380151 ], [ -73.5444973, 1.423239 ], [ -73.5476471, 1.4061615 ], [ -73.5377708, 1.3990953 ], [ -73.5357999, 1.3912266 ], [ -73.5327947, 1.3893217 ], [ -73.521171, 1.3914806 ], [ -73.5223218, 1.3889637 ], [ -73.5079116, 1.386773 ], [ -73.508005, 1.3840964 ], [ -73.5045036, 1.3839671 ], [ -73.506781, 1.3821362 ], [ -73.5036635, 1.3774589 ], [ -73.5021244, 1.3761417 ], [ -73.5033147, 1.370167 ], [ -73.4936282, 1.3713388 ], [ -73.4887546, 1.3681402 ], [ -73.4897837, 1.3720667 ], [ -73.4865937, 1.3688977 ], [ -73.4827615, 1.3700057 ], [ -73.484259, 1.3632831 ], [ -73.4751585, 1.3606058 ], [ -73.4718778, 1.3578812 ], [ -73.4747948, 1.353056 ], [ -73.4700182, 1.3518318 ], [ -73.4707252, 1.3436588 ], [ -73.4685767, 1.3430002 ], [ -73.4701262, 1.3408638 ], [ -73.464047600000015, 1.3371472 ], [ -73.465777, 1.3323331 ], [ -73.4618635, 1.3322567 ], [ -73.4569675, 1.3214223 ], [ -73.4563791, 1.3144362 ], [ -73.4612723, 1.3118888 ], [ -73.4559984, 1.3071419 ], [ -73.4555374, 1.3089204 ], [ -73.4517094, 1.304593 ], [ -73.4561964, 1.2947771 ], [ -73.4461781, 1.2909919 ], [ -73.4436644, 1.2947368 ], [ -73.4368207, 1.2914641 ], [ -73.436162, 1.2952394 ], [ -73.433273, 1.2936975 ], [ -73.4343383, 1.2978856 ], [ -73.428304200000014, 1.2960185 ], [ -73.4258614, 1.2832154 ], [ -73.4222677, 1.2804785 ], [ -73.4254537, 1.2761217 ], [ -73.4257989, 1.2682268 ], [ -73.4282731, 1.2678797 ], [ -73.4256402, 1.2645999 ], [ -73.4297611, 1.2616142 ], [ -73.4320479, 1.2629294 ], [ -73.4313418, 1.2578995 ], [ -73.425117, 1.2526281 ], [ -73.4251806, 1.2562335 ], [ -73.4226449, 1.2530877 ], [ -73.4201198, 1.2530214 ], [ -73.4201888, 1.250788 ], [ -73.4169691, 1.2517752 ], [ -73.4175107, 1.2449107 ], [ -73.4141653, 1.2456358 ], [ -73.4129298, 1.2430441 ], [ -73.4088431, 1.2418959 ], [ -73.4095088, 1.2390968 ], [ -73.4129093, 1.2393236 ], [ -73.4151279, 1.2328457 ], [ -73.410934, 1.2333637 ], [ -73.4155932, 1.2255745 ], [ -73.4206923, 1.2260131 ], [ -73.4240327, 1.2230848 ], [ -73.4230471, 1.2195417 ], [ -73.4210253, 1.2193802 ], [ -73.4149603, 1.2110797 ], [ -73.4150961, 1.2082793 ], [ -73.413119, 1.2062595 ], [ -73.4132903, 1.2081512 ], [ -73.4109781, 1.2091583 ], [ -73.4072974, 1.2054329 ], [ -73.4090443, 1.2000272 ], [ -73.4106823, 1.2035274 ], [ -73.4132737, 1.2028538 ], [ -73.4135135, 1.1991292 ], [ -73.4180699, 1.1986833 ], [ -73.4184571, 1.1912193 ], [ -73.4171757, 1.1840203 ], [ -73.4128264, 1.1824654 ], [ -73.4109749, 1.174015 ], [ -73.4055164, 1.1708742 ], [ -73.3995982, 1.1731335 ], [ -73.3935351, 1.170436 ], [ -73.3941789, 1.164813 ], [ -73.3940046, 1.1578117 ], [ -73.3973606, 1.1585768 ], [ -73.3956528, 1.1550163 ], [ -73.3922904, 1.155028 ], [ -73.3942271, 1.1495311 ], [ -73.3737573, 1.1399921 ], [ -73.376888, 1.1372178 ], [ -73.3724675, 1.1307179 ], [ -73.3604648, 1.1267788 ], [ -73.3575399, 1.1284606 ], [ -73.3578065, 1.1252514 ], [ -73.3607675, 1.1247403 ], [ -73.3553941, 1.1236244 ], [ -73.355415, 1.1201999 ], [ -73.3440727, 1.1236305 ], [ -73.3442137, 1.1174488 ], [ -73.3356634, 1.1117625 ], [ -73.335749, 1.1050699 ], [ -73.3382886, 1.103702 ], [ -73.3415204, 1.104729 ], [ -73.3400446, 1.0991542 ], [ -73.3348091, 1.1025132 ], [ -73.3327637, 1.1000466 ], [ -73.3335626, 1.095328 ], [ -73.3304038, 1.0906612 ], [ -73.3193615, 1.086956 ], [ -73.3252456, 1.086009 ], [ -73.3228365, 1.0808211 ], [ -73.3152799, 1.0805567 ], [ -73.3098151, 1.07564 ], [ -73.3082117, 1.0770802 ], [ -73.3007233, 1.073017 ], [ -73.3031494, 1.0729772 ], [ -73.3015028, 1.0698256 ], [ -73.2856164, 1.065358 ], [ -73.2819519, 1.066674 ], [ -73.2808113, 1.0516042 ], [ -73.2791377, 1.0476225 ], [ -73.264736, 1.0482164 ], [ -73.2644593, 1.0442009 ], [ -73.2512926, 1.0481354 ], [ -73.2528178, 1.0427027 ], [ -73.2477496, 1.0393419 ], [ -73.2471557, 1.0425475 ], [ -73.24312, 1.0389032 ], [ -73.2433832, 1.0333828 ], [ -73.239077, 1.0317659 ], [ -73.2452728, 1.028355 ], [ -73.2440851, 1.0241978 ], [ -73.2472974, 1.0230911 ], [ -73.233882, 1.0089374 ], [ -73.2207444, 1.0046255 ], [ -73.2201645, 1.0006917 ], [ -73.217189, 1.0027216 ], [ -73.2182733, 0.9988762 ], [ -73.2159534, 0.9970984 ], [ -73.2073799, 1.003352 ], [ -73.2058921, 1.0066427 ], [ -73.1982643, 0.9988384 ], [ -73.1829329, 1.0018517 ], [ -73.1851267, 0.9987123 ], [ -73.178406600000017, 0.9998092 ], [ -73.1792891, 0.9956233 ], [ -73.1761119, 0.9961528 ], [ -73.1726447, 0.989811 ], [ -73.1758723, 0.9916391 ], [ -73.1719764, 0.9869616 ], [ -73.1757841, 0.9853982 ], [ -73.1729221, 0.9815149 ], [ -73.1890718, 0.9688838 ], [ -73.1887682, 0.9663793 ], [ -73.1810521, 0.971186 ], [ -73.1796353, 0.9664805 ], [ -73.1822411, 0.9609147 ], [ -73.1789776, 0.9602063 ], [ -73.1777885, 0.9626603 ], [ -73.1754863, 0.961193 ], [ -73.1786993, 0.9559055 ], [ -73.1721216, 0.9530468 ], [ -73.1670871, 0.9549948 ], [ -73.1627357, 0.9502639 ], [ -73.1645066, 0.9410551 ], [ -73.1558797, 0.9442934 ], [ -73.1541341, 0.9418394 ], [ -73.1506429, 0.9444704 ], [ -73.1508958, 0.9410045 ], [ -73.1483407, 0.941384 ], [ -73.1462914, 0.933086 ], [ -73.1545895, 0.934528 ], [ -73.1456337, 0.9277985 ], [ -73.144647, 0.9203353 ], [ -73.1405486, 0.9245855 ], [ -73.1371586, 0.9229411 ], [ -73.1397643, 0.9192475 ], [ -73.1345528, 0.9146178 ], [ -73.129493, 0.9151997 ], [ -73.1216504, 0.9219798 ], [ -73.1145161, 0.9193487 ], [ -73.1101647, 0.9239531 ], [ -73.110443, 0.9187668 ], [ -73.1034352, 0.9127963 ], [ -73.0949854, 0.9127963 ], [ -73.0924555, 0.9082931 ], [ -73.0849417, 0.9104182 ], [ -73.0872439, 0.9063957 ], [ -73.0842081, 0.9045994 ], [ -73.0790977, 0.906851 ], [ -73.083525, 0.9017407 ], [ -73.0795784, 0.8955678 ], [ -73.0753786, 0.8947263 ], [ -73.0630076, 0.9056873 ], [ -73.0589345, 0.9043718 ], [ -73.0498775, 0.9116325 ], [ -73.049751, 0.905409 ], [ -73.0414783, 0.9114554 ], [ -73.0404663, 0.9026261 ], [ -73.0382653, 0.9024237 ], [ -73.0352295, 0.913277 ], [ -73.0270832, 0.9177043 ], [ -73.0281964, 0.9205883 ], [ -73.0254388, 0.9217015 ], [ -73.0183298, 0.9157056 ], [ -73.0194177, 0.9125939 ], [ -73.0145856, 0.9139347 ], [ -73.0097282, 0.9105447 ], [ -73.0028216, 0.9220304 ], [ -73.0055539, 0.9238266 ], [ -73.0044408, 0.9261541 ], [ -73.0007471, 0.9243579 ], [ -73.0023663, 0.9288863 ], [ -73.0063382, 0.9282033 ], [ -73.0066924, 0.9328583 ], [ -72.9918925, 0.9335666 ], [ -72.9972812, 0.9250156 ], [ -72.996168, 0.922764 ], [ -72.9872122, 0.9292405 ], [ -72.9953838, 0.9522119 ], [ -72.9907541, 0.9491254 ], [ -72.9857955, 0.9527938 ], [ -72.9891349, 0.9585619 ], [ -72.9852136, 0.9616484 ], [ -72.9839234, 0.9555007 ], [ -72.9756507, 0.9559055 ], [ -72.9723618, 0.9603075 ], [ -72.9679598, 0.9601304 ], [ -72.9657335, 0.9634446 ], [ -72.9615339, 0.9605858 ], [ -72.952654, 0.9789275 ], [ -72.9542225, 0.9835825 ], [ -72.9464052, 0.9829753 ], [ -72.9441274, 0.9785588 ], [ -72.9395745, 0.9833295 ], [ -72.9413454, 0.9854546 ], [ -72.9363615, 0.984645 ], [ -72.9293717, 1.0027505 ], [ -72.9333415, 1.0096714 ], [ -72.9327092, 1.0146952 ], [ -72.9264558, 1.0155734 ], [ -72.9223455, 1.0127981 ], [ -72.9183405, 1.0162058 ], [ -72.9156003, 1.0101281 ], [ -72.9078714, 1.0086877 ], [ -72.9005992, 1.0178921 ], [ -72.896524, 1.0168733 ], [ -72.8967699, 1.0116739 ], [ -72.88342, 1.0244968 ], [ -72.8747075, 1.0217565 ], [ -72.8730915, 1.0262533 ], [ -72.8670489, 1.0249535 ], [ -72.8746021, 1.0355631 ], [ -72.8709485, 1.0393924 ], [ -72.8651518, 1.0405869 ], [ -72.873021200000011, 1.0461727 ], [ -72.8767451, 1.0412192 ], [ -72.879344800000013, 1.0461727 ], [ -72.8748129, 1.0521802 ], [ -72.8589687, 1.0414652 ], [ -72.8574229, 1.0455404 ], [ -72.8602334, 1.0628601 ], [ -72.861182, 1.0723806 ], [ -72.8746021, 1.0745236 ], [ -72.8824012, 1.0693945 ], [ -72.8846496, 1.0763153 ], [ -72.8806447, 1.079161 ], [ -72.8721429, 1.0768072 ], [ -72.8691216, 1.0865385 ], [ -72.8836308, 1.0970779 ], [ -72.8819797, 1.1015747 ], [ -72.873759, 1.1010829 ], [ -72.866276, 1.1084955 ], [ -72.8592849, 1.1022773 ], [ -72.8512047, 1.1024881 ], [ -72.8490266, 1.1084955 ], [ -72.8691568, 1.1226534 ], [ -72.8704566, 1.1455941 ], [ -72.8510642, 1.142081 ], [ -72.8518722, 1.1596818 ], [ -72.8599524, 1.1624922 ], [ -72.8592498, 1.1647758 ], [ -72.841368, 1.1599628 ], [ -72.8367306, 1.1558524 ], [ -72.8305124, 1.1566253 ], [ -72.8278407, 1.1491488 ], [ -72.825313, 1.1501261 ], [ -72.8234862, 1.1601385 ], [ -72.8168112, 1.1644947 ], [ -72.8173733, 1.1714156 ], [ -72.8254886, 1.1763691 ], [ -72.8018805, 1.1821306 ], [ -72.7982268, 1.1764042 ], [ -72.7837176, 1.1756665 ], [ -72.7708947, 1.1819901 ], [ -72.7692084, 1.1771068 ], [ -72.7770427, 1.1659 ], [ -72.7769022, 1.1465427 ], [ -72.7635523, 1.1322091 ], [ -72.7484107, 1.1290122 ], [ -72.7413494, 1.1348088 ], [ -72.7390307, 1.1417297 ], [ -72.7425087, 1.1472453 ], [ -72.7346393, 1.1531825 ], [ -72.7232919, 1.1489316 ], [ -72.7305992, 1.1605249 ], [ -72.726524, 1.169378 ], [ -72.7281751, 1.1822711 ], [ -72.7235823, 1.1869306 ], [ -72.6991919, 1.1822009 ], [ -72.6939573, 1.1761934 ], [ -72.694941, 1.1644245 ], [ -72.6691898, 1.1631949 ], [ -72.663217500000016, 1.15118 ], [ -72.6577722, 1.1517772 ], [ -72.6515188, 1.1744017 ], [ -72.6534861, 1.1813929 ], [ -72.6483921, 1.1812172 ], [ -72.6409443, 1.1630895 ], [ -72.6355692, 1.1568361 ], [ -72.6370096, 1.1520583 ], [ -72.6209546, 1.1349845 ], [ -72.6032485, 1.1314714 ], [ -72.5882475, 1.1236371 ], [ -72.5866314, 1.1156974 ], [ -72.5748976, 1.1139058 ], [ -72.5529144, 1.0908771 ], [ -72.518930200000014, 1.0800105 ], [ -72.5116928, 1.0684307 ], [ -72.5051687, 1.0683468 ], [ -72.4984558, 1.073822 ], [ -72.4888899, 1.0713886 ], [ -72.4828902, 1.0732976 ], [ -72.4780443, 1.0797588 ], [ -72.4709538, 1.0798217 ], [ -72.4689399, 1.0839124 ], [ -72.4557029, 1.0793602 ], [ -72.4540246, 1.0682629 ], [ -72.4322706, 1.0468025 ], [ -72.4253244, 1.0339716 ], [ -72.4236594, 1.0226635 ], [ -72.3999108, 1.0046416 ], [ -72.4046237, 0.9912589 ], [ -72.4104786, 0.9868195 ], [ -72.3986085, 0.9660005 ], [ -72.3778634, 0.9612347 ], [ -72.3850588, 0.9354434 ], [ -72.3923476, 0.9232954 ], [ -72.3916, 0.9190903 ], [ -72.3740321, 0.9174082 ], [ -72.3544083, 0.9350696 ], [ -72.339924, 0.9266594 ], [ -72.347026, 0.9063815 ], [ -72.3454374, 0.8981582 ], [ -72.3324483, 0.8780672 ], [ -72.3431947, 0.8706849 ], [ -72.3275891, 0.839941 ], [ -72.3210478, 0.842464 ], [ -72.3168427, 0.8544252 ], [ -72.3253464, 0.8675077 ], [ -72.3239447, 0.8753572 ], [ -72.3088998, 0.8762917 ], [ -72.3047881, 0.8804034 ], [ -72.2976862, 0.8818985 ], [ -72.2917056, 0.8777869 ], [ -72.2875005, 0.8701242 ], [ -72.2877808, 0.8607796 ], [ -72.291799, 0.8548924 ], [ -72.2972189, 0.8531169 ], [ -72.3009568, 0.8396606 ], [ -72.2867529, 0.8195696 ], [ -72.294509, 0.8170465 ], [ -72.3052553, 0.8164859 ], [ -72.3097408, 0.8133087 ], [ -72.3090866, 0.8080757 ], [ -72.2911291, 0.7799157 ], [ -72.2710349, 0.7638547 ], [ -72.2639433, 0.7633678 ], [ -72.2611702, 0.7667792 ], [ -72.2617763, 0.7781427 ], [ -72.2702138, 0.7883164 ], [ -72.2706205, 0.793669 ], [ -72.2654026, 0.7945161 ], [ -72.2498306, 0.7897028 ], [ -72.2361284, 0.7661529 ], [ -72.2263919, 0.7578093 ], [ -72.2216543, 0.7449813 ], [ -72.2302565, 0.7161538 ], [ -72.2162918, 0.7030311 ], [ -72.2078644, 0.6999343 ], [ -72.2003784, 0.7019699 ], [ -72.1920388, 0.7259381 ], [ -72.1867749, 0.7269352 ], [ -72.1770268, 0.7220021 ], [ -72.1678736, 0.7122139 ], [ -72.161898, 0.7151688 ], [ -72.162374, 0.7238657 ], [ -72.1666787, 0.7293162 ], [ -72.1646673, 0.733475 ], [ -72.1592787, 0.7328896 ], [ -72.1451531, 0.7187148 ], [ -72.1402938, 0.7180582 ], [ -72.1355659, 0.7235741 ], [ -72.1335959, 0.735591 ], [ -72.1273297, 0.7400267 ], [ -72.1194776, 0.734409 ], [ -72.121382, 0.7216698 ], [ -72.1098247, 0.7049249 ], [ -72.0962023, 0.6991023 ], [ -72.0842805, 0.7049249 ], [ -72.0796839, 0.7037429 ], [ -72.0669447, 0.6838461 ], [ -72.0706876, 0.6684145 ], [ -72.0756126, 0.6646715 ], [ -72.0838209, 0.6638179 ], [ -72.0865789, 0.6604689 ], [ -72.0827702, 0.6570542 ], [ -72.0502654, 0.6558066 ], [ -72.0337832, 0.6639492 ], [ -71.7971127, 0.893222 ], [ -71.7869325, 0.895435 ], [ -71.7740965, 0.9060579 ], [ -71.7678197, 0.9324251 ], [ -71.7692054, 0.9529619 ], [ -71.7651997, 0.962205 ], [ -71.7563946, 0.9639797 ], [ -71.7533086, 0.9667154 ], [ -71.7510863, 0.9729294 ], [ -71.7392995, 0.9851153 ], [ -71.7248735, 0.9840251 ], [ -71.7096344, 0.9900438 ], [ -71.7059356, 0.985146 ], [ -71.7003699, 0.9849628 ], [ -71.7013483, 0.9827013 ], [ -71.6963949, 0.984463 ], [ -71.6908132, 0.9797202 ], [ -71.6932813, 0.9749002 ], [ -71.6869674, 0.9700694 ], [ -71.6650262, 0.9731492 ], [ -71.6529991, 0.9808752 ], [ -71.6538789, 0.9828581 ], [ -71.6496009, 0.9843025 ], [ -71.6470157, 0.9913095 ], [ -71.6378395, 0.9977672 ], [ -71.6356147, 1.0059883 ], [ -71.636767, 1.0083294 ], [ -71.6321104, 1.0118444 ], [ -71.6318487, 1.0147567 ], [ -71.6252065, 1.0236804 ], [ -71.6139463, 1.0372195 ], [ -71.6112928, 1.0353482 ], [ -71.6010581, 1.0443717 ], [ -71.6032751, 1.045817 ], [ -71.585052300000015, 1.0448071 ], [ -71.5853269, 1.049423 ], [ -71.5916093, 1.0499863 ], [ -71.5890503, 1.0547549 ], [ -71.592077, 1.0558027 ], [ -71.5875841, 1.06379 ], [ -71.5797541, 1.0615037 ], [ -71.5799123, 1.0641376 ], [ -71.587969, 1.0669146 ], [ -71.5867494, 1.0723486 ], [ -71.5821194, 1.074553 ], [ -71.5797655, 1.0713095 ], [ -71.580224800000011, 1.0786889 ], [ -71.5747157, 1.0783763 ], [ -71.574177, 1.0807592 ], [ -71.5798232, 1.0855197 ], [ -71.5731176, 1.0874622 ], [ -71.5765822, 1.0885104 ], [ -71.5727111, 1.0915224 ], [ -71.574658, 1.0960257 ], [ -71.5801931, 1.0911072 ], [ -71.5834151, 1.0954942 ], [ -71.5802407, 1.0988335 ], [ -71.5829413, 1.1019325 ], [ -71.5775267, 1.1047654 ], [ -71.5857988, 1.1088597 ], [ -71.5851249, 1.1119868 ], [ -71.575385, 1.1079902 ], [ -71.574482300000014, 1.1158255 ], [ -71.5791611, 1.1191873 ], [ -71.5742113, 1.1192425 ], [ -71.5731321, 1.1218035 ], [ -71.5826752, 1.1260345 ], [ -71.578779, 1.1282747 ], [ -71.571229, 1.1229997 ], [ -71.5657012, 1.1260976 ], [ -71.5639827, 1.1302324 ], [ -71.5514632, 1.1122263 ], [ -71.5405731, 1.1130042 ], [ -71.5401842, 1.1203939 ], [ -71.5576862, 1.1478137 ], [ -71.5554498, 1.1559813 ], [ -71.5374616, 1.1627876 ], [ -71.5307524, 1.1588005 ], [ -71.5314331, 1.1436329 ], [ -71.535517, 1.1240888 ], [ -71.5026521, 1.1032808 ], [ -71.4865114, 1.1074619 ], [ -71.4835747, 1.1131259 ], [ -71.4928316, 1.1311868 ], [ -71.508, 1.1372152 ], [ -71.5074158, 1.1446055 ], [ -71.5022269, 1.1468217 ], [ -71.5117004, 1.1495967 ], [ -71.5076669, 1.1533488 ], [ -71.5108035, 1.1543276 ], [ -71.5121737, 1.1647571 ], [ -71.516939, 1.1621992 ], [ -71.5175748, 1.1652929 ], [ -71.5136649, 1.172852 ], [ -71.5172705, 1.1718398 ], [ -71.5247844, 1.1759145 ], [ -71.5278697, 1.174775 ], [ -71.53198, 1.1802478 ], [ -71.5284569, 1.18398 ], [ -71.5277876, 1.1917609 ], [ -71.5330625, 1.1932897 ], [ -71.5311888, 1.1999887 ], [ -71.5358569, 1.2066077 ], [ -71.5397551, 1.207269 ], [ -71.5384915, 1.2031395 ], [ -71.543783, 1.2022415 ], [ -71.545707, 1.206902 ], [ -71.5487609, 1.2047009 ], [ -71.5530725, 1.2075659 ], [ -71.5511795, 1.2201589 ], [ -71.5445011, 1.2221937 ], [ -71.5394522, 1.228562 ], [ -71.5431474, 1.2298359 ], [ -71.540025, 1.2341413 ], [ -71.5411807, 1.2397372 ], [ -71.5434974, 1.2378778 ], [ -71.544587100000015, 1.2431255 ], [ -71.5423144, 1.245619 ], [ -71.5471864, 1.2505158 ], [ -71.5501359, 1.2498866 ], [ -71.549396, 1.2531236 ], [ -71.5411815, 1.2597976 ], [ -71.5473094, 1.2588189 ], [ -71.5463528, 1.2690014 ], [ -71.5524489, 1.2761202 ], [ -71.549441500000015, 1.2783869 ], [ -71.5417805, 1.2745196 ], [ -71.526906, 1.2774815 ], [ -71.5263931, 1.283232 ], [ -71.5293812, 1.2817391 ], [ -71.5327073, 1.2895024 ], [ -71.5300051, 1.2963467 ], [ -71.5260417, 1.2955973 ], [ -71.5274392, 1.302317 ], [ -71.5246887, 1.3038475 ], [ -71.5220722, 1.2994765 ], [ -71.5205106, 1.3071947 ], [ -71.5179227, 1.30536 ], [ -71.5222662, 1.3163461 ], [ -71.5188905, 1.3182067 ], [ -71.5194678, 1.3209385 ], [ -71.5130427, 1.3269556 ], [ -71.5100799, 1.3347985 ], [ -71.5092794, 1.3328316 ], [ -71.507214, 1.3351599 ], [ -71.50964, 1.34058 ], [ -71.50479, 1.34232 ], [ -71.50563, 1.34727 ], [ -71.50816, 1.34716 ], [ -71.5051337, 1.3525966 ], [ -71.50678, 1.35384 ], [ -71.50352, 1.35634 ], [ -71.50493, 1.35827 ], [ -71.50121, 1.36381 ], [ -71.49463, 1.36546 ], [ -71.4922, 1.37318 ], [ -71.48788, 1.37229 ], [ -71.48967, 1.38364 ], [ -71.47852, 1.40645 ], [ -71.47766, 1.42227 ], [ -71.48091, 1.42708 ], [ -71.47837, 1.43057 ], [ -71.48124, 1.43167 ], [ -71.48207, 1.43895 ], [ -71.47639, 1.45035 ], [ -71.45956, 1.46365 ], [ -71.45527, 1.46485 ], [ -71.45331, 1.48634 ], [ -71.45072, 1.48679 ], [ -71.44986, 1.49127 ], [ -71.44734, 1.4915 ], [ -71.4491, 1.49694 ], [ -71.44444, 1.50015 ], [ -71.44031, 1.50902 ], [ -71.4422, 1.51292 ], [ -71.43851, 1.53053 ], [ -71.43937, 1.54524 ], [ -71.42617, 1.55943 ], [ -71.42336, 1.56766 ], [ -71.4134202, 1.5699203 ], [ -71.39008, 1.59893 ], [ -71.3913522, 1.606192 ], [ -71.3955894, 1.6095993 ], [ -71.3923722, 1.61447 ], [ -71.3982919, 1.6291581 ], [ -71.388848, 1.6571401 ], [ -71.3965943, 1.6723789 ], [ -71.4030751, 1.7225859 ], [ -71.3981763, 1.7337114 ], [ -71.3747599, 1.7362052 ], [ -71.3666729, 1.7381499 ], [ -71.3682414, 1.7338985 ], [ -71.3585839, 1.7267943 ], [ -71.3523677, 1.7275848 ], [ -71.3393898, 1.7119786 ], [ -71.33014, 1.7052012 ], [ -71.3206607, 1.7084991 ], [ -71.3151263, 1.7144355 ], [ -71.3052006, 1.7007187 ], [ -71.30006, 1.7001184 ], [ -71.29057, 1.68849 ], [ -71.2659, 1.67707 ], [ -71.25824, 1.66826 ], [ -71.24538, 1.67236 ], [ -71.23797, 1.68505 ], [ -71.2293461, 1.6897791 ], [ -71.2100431, 1.7097961 ], [ -71.2080758, 1.7092753 ], [ -71.2082828, 1.7118799 ], [ -71.2066264, 1.7108382 ], [ -71.2035207, 1.7179232 ], [ -71.2000006, 1.7199029 ], [ -71.1975854, 1.7282744 ], [ -71.163943100000012, 1.7555446 ], [ -71.1519608, 1.7602261 ], [ -71.1506149, 1.7632476 ], [ -71.144424, 1.7601186 ], [ -71.1413417, 1.7657986 ], [ -71.1279231, 1.7714477 ], [ -71.1258254, 1.7830588 ], [ -71.1167121, 1.780948 ], [ -71.1133025, 1.784708 ], [ -71.0921261, 1.781542 ], [ -71.0926507, 1.7901184 ], [ -71.0870122, 1.7921636 ], [ -71.093372, 1.8020594 ], [ -71.0823353, 1.7980351 ], [ -71.0696951, 1.8065165 ], [ -71.0656816, 1.7986672 ], [ -71.0591769, 1.8052312 ], [ -71.0550603, 1.8039041 ], [ -71.0527433, 1.8025765 ], [ -71.0452504, 1.809474 ], [ -71.0424065, 1.8170951 ], [ -71.0363581, 1.8113035 ], [ -71.0228859, 1.8111757 ], [ -71.018106, 1.8154365 ], [ -71.0200959, 1.8209632 ], [ -71.0124012, 1.8141511 ], [ -71.0091968, 1.8175049 ], [ -71.0127046, 1.8221974 ], [ -71.004184400000014, 1.8237383 ], [ -71.003465, 1.8161856 ], [ -70.9999157, 1.8153711 ], [ -70.9945505, 1.8242261 ], [ -70.9867363, 1.8249648 ], [ -70.9871113, 1.8312114 ], [ -70.9820506, 1.8322922 ], [ -70.9796175, 1.8402401 ], [ -70.9726443, 1.8396338 ], [ -70.9744901, 1.84321 ], [ -70.9700688, 1.8430275 ], [ -70.9691012, 1.8400609 ], [ -70.9616449, 1.8432129 ], [ -70.9411221, 1.8591077 ], [ -70.9423299, 1.8635408 ], [ -70.9399873, 1.8684327 ], [ -70.9387831, 1.8657788 ], [ -70.9346375, 1.8741261 ], [ -70.9319557, 1.8722624 ], [ -70.9277754, 1.8744011 ], [ -70.92546, 1.8737383 ], [ -70.9255542, 1.8790544 ], [ -70.9110222, 1.8882874 ], [ -70.9096369, 1.8863297 ], [ -70.9026115, 1.8882788 ], [ -70.9058506, 1.8891427 ], [ -70.9071441, 1.8940446 ], [ -70.9049631, 1.8982344 ], [ -70.903020200000014, 1.8950053 ], [ -70.8971351, 1.9068695 ], [ -70.8981424, 1.9102784 ], [ -70.8952648, 1.910011 ], [ -70.895016, 1.9125612 ], [ -70.8963343, 1.9156326 ], [ -70.8944867, 1.9196032 ], [ -70.8922202, 1.9178251 ], [ -70.8896899, 1.9213212 ], [ -70.8946908, 1.9267473 ], [ -70.890931600000016, 1.9276318 ], [ -70.8890095, 1.9231583 ], [ -70.8842638, 1.9218315 ], [ -70.880045, 1.9329051 ], [ -70.8764393, 1.9319863 ], [ -70.8777661, 1.9240768 ], [ -70.8752111, 1.9206857 ], [ -70.8710982, 1.9212192 ], [ -70.8690911, 1.9113875 ], [ -70.8649407, 1.9088531 ], [ -70.8601269, 1.9169497 ], [ -70.8581028, 1.912221 ], [ -70.8527739, 1.9112087 ], [ -70.8513329, 1.9168817 ], [ -70.8464511, 1.9204367 ], [ -70.8318567, 1.9105881 ], [ -70.8352076, 1.9176301 ], [ -70.8283357, 1.9173239 ], [ -70.8193795, 1.9090625 ], [ -70.8105264, 1.9137008 ], [ -70.8088666, 1.9076014 ], [ -70.8038416, 1.9096525 ], [ -70.8006268, 1.9059614 ], [ -70.7962212, 1.9088701 ], [ -70.7960851, 1.9172389 ], [ -70.7799259, 1.912306 ], [ -70.7770682, 1.9176641 ], [ -70.7815078, 1.9217805 ], [ -70.773224, 1.9200115 ], [ -70.7716251, 1.9222568 ], [ -70.7740644, 1.9248349 ], [ -70.7702108, 1.9276198 ], [ -70.7600074, 1.9186507 ], [ -70.7647872, 1.9145683 ], [ -70.761062, 1.9099927 ], [ -70.7557209, 1.9123401 ], [ -70.749688, 1.910729 ], [ -70.7476583, 1.9127993 ], [ -70.7465527, 1.9083087 ], [ -70.7427988, 1.908269 ], [ -70.7422152, 1.9168817 ], [ -70.7455491, 1.9185656 ], [ -70.7450898, 1.9214063 ], [ -70.733149, 1.9239067 ], [ -70.7318562, 1.92093 ], [ -70.7299001, 1.9232944 ], [ -70.7211571, 1.9182424 ], [ -70.7243549, 1.9156059 ], [ -70.7204085, 1.9153509 ], [ -70.7210325, 1.9112654 ], [ -70.7183165, 1.9101798 ], [ -70.716287, 1.9189414 ], [ -70.7129414, 1.9131565 ], [ -70.7104579, 1.9136668 ], [ -70.7106659, 1.9168033 ], [ -70.70709, 1.9162183 ], [ -70.7043058, 1.9117401 ], [ -70.7049531, 1.9063966 ], [ -70.7017549, 1.9073488 ], [ -70.700592, 1.9047221 ], [ -70.6960337, 1.9057233 ], [ -70.6958636, 1.908836 ], [ -70.6930569, 1.9049826 ], [ -70.694945, 1.90358 ], [ -70.6924276, 1.9014538 ], [ -70.6918322, 1.8981029 ], [ -70.6829701, 1.9091422 ], [ -70.6805377, 1.9076284 ], [ -70.6683758, 1.9024574 ], [ -70.6628201, 1.9137224 ], [ -70.6534412, 1.9118128 ], [ -70.6495289, 1.9047027 ], [ -70.6455982, 1.9077644 ], [ -70.6361961, 1.9032815 ], [ -70.6356319, 1.9059614 ], [ -70.6386937, 1.907101 ], [ -70.6323831, 1.9094484 ], [ -70.6365165, 1.9121019 ], [ -70.6341521, 1.9188888 ], [ -70.62694, 1.9208279 ], [ -70.625205, 1.9182595 ], [ -70.6171803, 1.9204337 ], [ -70.6229256, 1.9275298 ], [ -70.6204082, 1.9300472 ], [ -70.6117337, 1.9261871 ], [ -70.6104915, 1.9217295 ], [ -70.6084163, 1.9228351 ], [ -70.6093008, 1.9275638 ], [ -70.6065622, 1.9239067 ], [ -70.6022418, 1.9267473 ], [ -70.6013913, 1.9336023 ], [ -70.5963904, 1.9338234 ], [ -70.5950977, 1.9378717 ], [ -70.5906751, 1.9387732 ], [ -70.583160400000011, 1.9332357 ], [ -70.578309, 1.9293668 ], [ -70.578309, 1.9325817 ], [ -70.5719644, 1.9360007 ], [ -70.5685454, 1.9321905 ], [ -70.5615544, 1.9410355 ], [ -70.5595642, 1.9379228 ], [ -70.5567746, 1.9412397 ], [ -70.5485461, 1.9387363 ], [ -70.5446456, 1.9474516 ], [ -70.5403092, 1.9466658 ], [ -70.5347457, 1.9553603 ], [ -70.5288701, 1.9569156 ], [ -70.5273889, 1.9494847 ], [ -70.5238586, 1.9472135 ], [ -70.5205258, 1.9513856 ], [ -70.5234488, 1.9540578 ], [ -70.5139836, 1.956965 ], [ -70.5140823, 1.9515831 ], [ -70.509762, 1.9503981 ], [ -70.5122555, 1.9414366 ], [ -70.5037467, 1.9436631 ], [ -70.5033186, 1.9492131 ], [ -70.4881605, 1.9461272 ], [ -70.4889999, 1.9535334 ], [ -70.4827044, 1.9550911 ], [ -70.4834452, 1.9591375 ], [ -70.4805321, 1.9582734 ], [ -70.4824824, 1.9638775 ], [ -70.478088, 1.9666672 ], [ -70.4644359, 1.9629887 ], [ -70.4647815, 1.9664697 ], [ -70.468534, 1.96842 ], [ -70.4654727, 1.9725428 ], [ -70.4629546, 1.9671362 ], [ -70.4580429, 1.9715389 ], [ -70.4636249, 1.9762103 ], [ -70.4616709, 1.9810353 ], [ -70.4660652, 1.9789368 ], [ -70.4650777, 1.9833065 ], [ -70.45424, 1.9868862 ], [ -70.4528047, 1.9841842 ], [ -70.4414765, 1.9867381 ], [ -70.4407606, 1.9948849 ], [ -70.4340703, 1.9996249 ], [ -70.4306881, 1.9907621 ], [ -70.4145672, 1.9866887 ], [ -70.4139747, 1.9901202 ], [ -70.4071116, 1.9922927 ], [ -70.4063216, 1.9899721 ], [ -70.4015076, 1.9982177 ], [ -70.3918356, 1.9954704 ], [ -70.3889416, 1.985479 ], [ -70.3776842, 1.9864171 ], [ -70.3763017, 1.9914287 ], [ -70.3817901, 1.9962618 ], [ -70.3784988, 2.0046118 ], [ -70.3674882, 2.0031305 ], [ -70.3641307, 1.9956502 ], [ -70.3649948, 1.990614 ], [ -70.361909, 1.98859 ], [ -70.3649454, 1.9861209 ], [ -70.3562801, 1.9866393 ], [ -70.3546261, 1.9894784 ], [ -70.3511205, 1.9830349 ], [ -70.347756, 1.9923342 ], [ -70.341149, 1.987983 ], [ -70.3423941, 1.9973281 ], [ -70.3395234, 2.0001431 ], [ -70.3364067, 1.9958724 ], [ -70.3290499, 1.9938481 ], [ -70.3306299, 1.9987362 ], [ -70.3228286, 1.9976005 ], [ -70.3221127, 2.0062412 ], [ -70.3163852, 2.0054018 ], [ -70.3181627, 2.0122155 ], [ -70.3060905, 2.0071052 ], [ -70.3066337, 2.0129808 ], [ -70.3008568, 2.013129 ], [ -70.2977215, 2.0164124 ], [ -70.2930136, 2.0137173 ], [ -70.2768071, 2.0191644 ], [ -70.275799, 2.0148571 ], [ -70.2691581, 2.0216214 ], [ -70.263875, 2.023078 ], [ -70.2633319, 2.0156471 ], [ -70.2606905, 2.0141164 ], [ -70.2528644, 2.0204118 ], [ -70.2548147, 2.0261392 ], [ -70.2512844, 2.0292005 ], [ -70.2451866, 2.029003 ], [ -70.246495, 2.0252505 ], [ -70.2379779, 2.0247567 ], [ -70.2368175, 2.0312989 ], [ -70.2296335, 2.0342614 ], [ -70.219323, 2.0293495 ], [ -70.2199807, 2.0241396 ], [ -70.2154876, 2.0251517 ], [ -70.2155617, 2.0206586 ], [ -70.2113655, 2.0204844 ], [ -70.2114142, 2.0260405 ], [ -70.2075876, 2.0194736 ], [ -70.2037364, 2.0193255 ], [ -70.2041067, 2.0265836 ], [ -70.2022186, 2.0278506 ], [ -70.1987495, 2.0241889 ], [ -70.1927998, 2.0260899 ], [ -70.1940697, 2.0305899 ], [ -70.1900595, 2.0278427 ], [ -70.1909976, 2.0238186 ], [ -70.1843567, 2.0272749 ], [ -70.1810239, 2.0247567 ], [ -70.1753006, 2.0355502 ], [ -70.1765931, 2.0397215 ], [ -70.1732862, 2.0418861 ], [ -70.1719636, 2.0462348 ], [ -70.1679642, 2.0424083 ], [ -70.1644952, 2.0438776 ], [ -70.1605336, 2.0518069 ], [ -70.1615381, 2.0568278 ], [ -70.151906, 2.0663221 ], [ -70.1508331, 2.0720814 ], [ -70.1449865, 2.0646723 ], [ -70.1421129, 2.0670029 ], [ -70.1386681, 2.0628244 ], [ -70.1368436, 2.0677563 ], [ -70.1281489, 2.0702783 ], [ -70.1087381, 2.0814236 ], [ -70.1124982, 2.0836311 ], [ -70.1111241, 2.0891218 ], [ -70.1038228, 2.0944594 ], [ -70.1152062, 2.1010492 ], [ -70.1116805, 2.1050979 ], [ -70.1136919, 2.1082007 ], [ -70.1189558, 2.1089154 ], [ -70.1085276, 2.1166537 ], [ -70.1086212, 2.119888 ], [ -70.1012791, 2.1178011 ], [ -70.0977124, 2.1216742 ], [ -70.0918388, 2.1225548 ], [ -70.0985189, 2.1249643 ], [ -70.1007427, 2.1289786 ], [ -70.0972659, 2.1304459 ], [ -70.0905356, 2.1277346 ], [ -70.0832137, 2.1315371 ], [ -70.0775536, 2.1398235 ], [ -70.0684092, 2.141895 ], [ -70.0574267, 2.1465219 ], [ -70.0518766, 2.1570479 ], [ -70.0557361, 2.1615134 ], [ -70.0444374, 2.1622722 ], [ -70.0432644, 2.1595358 ], [ -70.0400453, 2.1630287 ], [ -70.0347161, 2.1580686 ], [ -70.0292617, 2.166298 ], [ -70.0274117, 2.1750696 ], [ -70.0323876, 2.173092 ], [ -70.0292617, 2.1798541 ], [ -70.035035, 2.1796309 ], [ -70.0362448, 2.181951 ], [ -70.0279493, 2.1865023 ], [ -70.0209054, 2.1825731 ], [ -70.0175707, 2.1827606 ], [ -70.0177469, 2.1806516 ], [ -70.0225953, 2.1806197 ], [ -70.0222926, 2.1782068 ], [ -70.0175874, 2.1776214 ], [ -70.0141108, 2.1821252 ], [ -70.0059451, 2.182693 ], [ -70.0079865, 2.1877646 ], [ -70.0123563, 2.1838732 ], [ -70.0139512, 2.1872223 ], [ -70.0116227, 2.1937293 ], [ -70.0073804, 2.1952922 ], [ -70.0082735, 2.2011932 ], [ -70.0033295, 2.2036492 ], [ -70.0062321, 2.2072536 ], [ -69.9996474, 2.2070523 ], [ -69.9966547, 2.2041133 ], [ -69.9954078, 2.2228724 ], [ -70.0241125, 2.2353465 ], [ -70.0260508, 2.2501332 ], [ -70.022451, 2.2519054 ], [ -70.0238909, 2.2556159 ], [ -70.0311102, 2.2573271 ], [ -70.0259954, 2.2682427 ], [ -70.0266209, 2.2726341 ], [ -70.0293183, 2.2731716 ], [ -70.0353548, 2.2660275 ], [ -70.0435511, 2.2748884 ], [ -70.0520797, 2.277159 ], [ -70.0541288, 2.2813679 ], [ -70.0447141, 2.2895643 ], [ -70.0464887, 2.2939245 ], [ -70.0650388, 2.2954346 ], [ -70.0711307, 2.2918903 ], [ -70.073235200000013, 2.2764944 ], [ -70.0824284, 2.2647537 ], [ -70.0869645, 2.262965 ], [ -70.0960989, 2.2654778 ], [ -70.1036264, 2.2623181 ], [ -70.1068189, 2.2681434 ], [ -70.1229047, 2.2634451 ], [ -70.1437352, 2.2777383 ], [ -70.1500789, 2.2760715 ], [ -70.1532531, 2.2714402 ], [ -70.1524255, 2.2668064 ], [ -70.1379302, 2.2638348 ], [ -70.144509, 2.2485721 ], [ -70.148812, 2.2497901 ], [ -70.1568815, 2.2650623 ], [ -70.1606069, 2.2644318 ], [ -70.1564438, 2.2408323 ], [ -70.1584837, 2.2386815 ], [ -70.1637414, 2.2428624 ], [ -70.1733591, 2.237425 ], [ -70.177058, 2.2388704 ], [ -70.180526500000013, 2.2466201 ], [ -70.1886776, 2.2524737 ], [ -70.1935109, 2.2511095 ], [ -70.1926822, 2.2480707 ], [ -70.1846549, 2.2454833 ], [ -70.1829979, 2.2385956 ], [ -70.1879349, 2.232193 ], [ -70.1974752, 2.2297682 ], [ -70.2057736, 2.2419009 ], [ -70.2099818, 2.2335735 ], [ -70.2146629, 2.2339561 ], [ -70.2260565, 2.2475084 ], [ -70.2327811, 2.2397395 ], [ -70.2494148, 2.2451927 ], [ -70.248329, 2.2513699 ], [ -70.2364725, 2.2544773 ], [ -70.2351856, 2.2600214 ], [ -70.2473394, 2.2654214 ], [ -70.2599559, 2.2536806 ], [ -70.259883, 2.2490218 ], [ -70.2687947, 2.2459126 ], [ -70.2735563, 2.237408 ], [ -70.2956216, 2.252637 ], [ -70.305488, 2.2529208 ], [ -70.3083589, 2.249884 ], [ -70.3065489, 2.2456294 ], [ -70.2981442, 2.2421814 ], [ -70.2929898, 2.2321015 ], [ -70.2943785, 2.2237722 ], [ -70.3100415, 2.2087914 ], [ -70.3158808, 2.2085413 ], [ -70.3269259, 2.224308 ], [ -70.3392518, 2.2307585 ], [ -70.3413578, 2.2470148 ], [ -70.3458122, 2.2483084 ], [ -70.3602664, 2.2346429 ], [ -70.3724719, 2.2384469 ], [ -70.3757911, 2.2451329 ], [ -70.3846254, 2.2458715 ], [ -70.394436400000018, 2.2571182 ], [ -70.3963699, 2.2669686 ], [ -70.4022848, 2.2672499 ], [ -70.4039506, 2.2574519 ], [ -70.4178959, 2.2554074 ], [ -70.4165573, 2.2655095 ], [ -70.4207845, 2.2686258 ], [ -70.4377786, 2.2595942 ], [ -70.4581677, 2.2573497 ], [ -70.464609, 2.2500276 ], [ -70.454599, 2.2445614 ], [ -70.4613466, 2.2398547 ], [ -70.4637151, 2.2338042 ], [ -70.4706583, 2.2428718 ], [ -70.4747105, 2.2434305 ], [ -70.484002, 2.2346988 ], [ -70.496814, 2.2337418 ], [ -70.5143282, 2.2450923 ], [ -70.5121581, 2.2590178 ], [ -70.5064946, 2.2593194 ], [ -70.4948694, 2.2499714 ], [ -70.4888277, 2.2519187 ], [ -70.4897321, 2.2562741 ], [ -70.5025675, 2.2605332 ], [ -70.5122794, 2.2707918 ], [ -70.5083746, 2.2790701 ], [ -70.5169056, 2.2843148 ], [ -70.519097, 2.2804416 ], [ -70.5178921, 2.2719335 ], [ -70.5281381, 2.26819 ], [ -70.5343544, 2.2708004 ], [ -70.5498616, 2.2870768 ], [ -70.5557629, 2.2895699 ], [ -70.558251, 2.2869234 ], [ -70.56247, 2.2931456 ], [ -70.5704006, 2.2920588 ], [ -70.5742045, 2.2945256 ], [ -70.578916, 2.2896438 ], [ -70.5801618, 2.2913154 ], [ -70.5808474, 2.2889004 ], [ -70.5886486, 2.2903955 ], [ -70.5896374, 2.2952501 ], [ -70.5928823, 2.2936022 ], [ -70.6095177, 2.2991955 ], [ -70.6111905, 2.3015376 ], [ -70.6178193, 2.3073643 ], [ -70.630169, 2.3139539 ], [ -70.6314308, 2.3220409 ], [ -70.6342999, 2.3219225 ], [ -70.6322783, 2.3262793 ], [ -70.632166, 2.3297641 ], [ -70.6341527, 2.3294679 ], [ -70.6331443, 2.3336929 ], [ -70.6372231, 2.3388895 ], [ -70.6373132, 2.3411437 ], [ -70.6384409, 2.3439914 ], [ -70.6369132, 2.3474471 ], [ -70.6419601, 2.3532409 ], [ -70.6424145, 2.3573005 ], [ -70.6434229, 2.3599642 ], [ -70.6477577, 2.3650123 ], [ -70.6550441, 2.3761123 ], [ -70.6541807, 2.3797343 ], [ -70.6576622, 2.3825328 ], [ -70.6552818, 2.3847067 ], [ -70.6613251, 2.3857081 ], [ -70.6600288, 2.38927 ], [ -70.6656242, 2.3941079 ], [ -70.6692677, 2.4054549 ], [ -70.6711855, 2.4110261 ], [ -70.6769713, 2.4134087 ], [ -70.6809263, 2.4197662 ], [ -70.6793246, 2.4234682 ], [ -70.6814215, 2.42835 ], [ -70.6772579, 2.4306572 ], [ -70.6798904, 2.4411558 ], [ -70.6904693, 2.4442576 ], [ -70.7012459, 2.4550888 ], [ -70.6993553, 2.4600266 ], [ -70.7061769, 2.4715114 ], [ -70.709659, 2.4702561 ], [ -70.7233639, 2.4798316 ], [ -70.7311616, 2.4860682 ], [ -70.741553200000013, 2.4994276 ], [ -70.7454794, 2.5042101 ], [ -70.7440846, 2.5182757 ], [ -70.7462869, 2.5279734 ], [ -70.7509118, 2.5337321 ], [ -70.7548681, 2.533643 ], [ -70.7539641, 2.5364582 ], [ -70.765504, 2.5395827 ], [ -70.7842465, 2.5306868 ], [ -70.7924504, 2.5201122 ], [ -70.8001678, 2.5256482 ], [ -70.807424900000015, 2.5245281 ], [ -70.8099906, 2.5291849 ], [ -70.8165618, 2.5290912 ], [ -70.8178434, 2.5330291 ], [ -70.820053, 2.5305305 ], [ -70.8265691, 2.5310242 ], [ -70.830370800000011, 2.5379244 ], [ -70.8396041, 2.5574371 ], [ -70.8534054, 2.5702937 ], [ -70.8588789, 2.5658653 ], [ -70.8693427, 2.5668396 ], [ -70.8759093, 2.562258 ], [ -70.888301, 2.557368 ], [ -70.8982555, 2.5607858 ], [ -70.903021400000014, 2.566722 ], [ -70.9148912, 2.5597732 ], [ -70.9278482, 2.5701056 ], [ -70.9424912, 2.6066519 ], [ -70.502832, 2.7872978 ], [ -70.511217500000015, 2.7894051 ], [ -70.5335932, 2.8074134 ], [ -70.554002200000014, 2.8173962 ], [ -70.5699281, 2.8326859 ], [ -70.5833253, 2.8399673 ], [ -70.5920976, 2.8397532 ], [ -70.5971891, 2.8362708 ], [ -70.6054653, 2.8010673 ], [ -70.6183019, 2.7917439 ], [ -70.6227609, 2.7943112 ], [ -70.6323546, 2.8098503 ], [ -70.6321487, 2.8350169 ], [ -70.6354113, 2.8487656 ], [ -70.6553047, 2.8571973 ], [ -70.6600546, 2.8574132 ], [ -70.6650541, 2.852684 ], [ -70.6634326, 2.8443064 ], [ -70.6426405, 2.825394 ], [ -70.6392162, 2.8177757 ], [ -70.6404131, 2.8026399 ], [ -70.6578295, 2.780942 ], [ -70.6783638, 2.7797573 ], [ -70.6828063, 2.7764007 ], [ -70.6914939, 2.7538919 ], [ -70.7055126, 2.7378001 ], [ -70.7108436, 2.7374052 ], [ -70.7163293, 2.7408727 ], [ -70.7205186, 2.7498001 ], [ -70.7167987, 2.7739401 ], [ -70.7199066, 2.7912333 ], [ -70.7258026, 2.7951157 ], [ -70.7346353, 2.789931 ], [ -70.7417951, 2.7801695 ], [ -70.7620942, 2.7672335 ], [ -70.7786768, 2.7679845 ], [ -70.8046039, 2.7594204 ], [ -70.8130217, 2.7609012 ], [ -70.8152923, 2.7679105 ], [ -70.7989705, 2.7757048 ], [ -70.794266, 2.7831701 ], [ -70.7987864, 2.8009136 ], [ -70.8064866, 2.8099414 ], [ -70.8126999, 2.8129153 ], [ -70.8257636, 2.8115345 ], [ -70.8371281, 2.8034626 ], [ -70.8463152, 2.7998515 ], [ -70.862405900000013, 2.7765916 ], [ -70.8686723, 2.776273 ], [ -70.8753635, 2.7839201 ], [ -70.8683537, 2.7935851 ], [ -70.8701061, 2.7983115 ], [ -70.8822937, 2.7924699 ], [ -70.8917994, 2.7976742 ], [ -70.9003493, 2.811747 ], [ -70.9107047, 2.8489203 ], [ -70.9354516, 2.8581606 ], [ -70.9394875, 2.8554522 ], [ -70.9420897, 2.843185 ], [ -70.9391689, 2.8335199 ], [ -70.926052, 2.8225272 ], [ -70.9257334, 2.811747 ], [ -70.9317859, 2.794251 ], [ -70.9377351, 2.7872657 ], [ -70.9465505, 2.7855663 ], [ -70.962004, 2.8004888 ], [ -70.9479312, 2.8179602 ], [ -70.9483959, 2.8354383 ], [ -70.9533081, 2.8412799 ], [ -70.9604772, 2.8425411 ], [ -70.9750147, 2.8310572 ], [ -70.9892866, 2.8294641 ], [ -71.0105949, 2.856813 ], [ -71.016901100000013, 2.8568794 ], [ -71.0274556, 2.8463912 ], [ -71.0587173, 2.8532606 ], [ -71.0652264, 2.860464 ], [ -71.0655983, 2.8734845 ], [ -71.0758405, 2.8821944 ], [ -71.0842563, 2.8838054 ], [ -71.1002478, 2.8736583 ], [ -71.113011, 2.8739564 ], [ -71.1196413, 2.8794791 ], [ -71.1382422, 2.9039486 ], [ -71.1407651, 2.9017102 ], [ -71.1388348, 2.8827594 ], [ -71.1475905, 2.8735073 ], [ -71.1538237, 2.8723131 ], [ -71.1708924, 2.8923073 ], [ -71.1751971, 2.9017078 ], [ -71.1835085, 2.9048407 ], [ -71.1881083, 2.8932011 ], [ -71.1940445, 2.8903654 ], [ -71.2051755, 2.891558 ], [ -71.2131891, 2.8858867 ], [ -71.2180846, 2.8685767 ], [ -71.2430163, 2.8617093 ], [ -71.2485078, 2.8642453 ], [ -71.2517755, 2.8824495 ], [ -71.2618217, 2.8856627 ], [ -71.2762609, 2.8690158 ], [ -71.2836811, 2.8678208 ], [ -71.2965935, 2.8724442 ], [ -71.300156300000012, 2.877517 ], [ -71.3007687, 2.9089217 ], [ -71.307433100000011, 2.9218295 ] ], [ [ -71.5791611, 1.1191873 ], [ -71.5819232, 1.1182232 ], [ -71.580393, 1.1211912 ], [ -71.5791611, 1.1191873 ] ], [ [ -70.7043058, 1.9117401 ], [ -70.7003031, 1.9130715 ], [ -70.7002691, 1.910503 ], [ -70.7043058, 1.9117401 ] ] ], [ [ [ -71.5260417, 1.2955973 ], [ -71.5233511, 1.2919662 ], [ -71.523297, 1.2957897 ], [ -71.5260417, 1.2955973 ] ] ], [ [ [ -71.5188905, 1.3182067 ], [ -71.5186165, 1.3152633 ], [ -71.5156449, 1.3166941 ], [ -71.5188905, 1.3182067 ] ] ], [ [ [ -70.9096369, 1.8863297 ], [ -70.9136696, 1.8840826 ], [ -70.9124741, 1.882454 ], [ -70.9096369, 1.8863297 ] ] ], [ [ [ -70.6805377, 1.9076284 ], [ -70.6814563, 1.9015899 ], [ -70.6773059, 1.9039032 ], [ -70.6805377, 1.9076284 ] ] ], [ [ [ -70.8701061, 2.7983115 ], [ -70.8542278, 2.8213058 ], [ -70.8571486, 2.8332013 ], [ -70.8768032, 2.8475031 ], [ -70.8815768, 2.8454685 ], [ -70.8835416, 2.8354317 ], [ -70.8714869, 2.8111628 ], [ -70.8701061, 2.7983115 ] ] ], [ [ [ -73.4184571, 1.1912193 ], [ -73.4210654, 1.1909119 ], [ -73.4195971, 1.1892406 ], [ -73.4184571, 1.1912193 ] ] ] ] } },
{ "type": "Feature", "properties": { "id": "97", "name": "VAUPÉS", "label": "Vaupés", "n_especies": 6528.0, "n_registros": 262907.0 }, "geometry": { "type": "MultiPolygon", "coordinates": [ [ [ [ -70.1104982, 2.0786534 ], [ -70.1165913, 2.0789726 ], [ -70.1377502, 2.0666301 ], [ -70.1386681, 2.0628244 ], [ -70.1432238, 2.0665068 ], [ -70.147125100000011, 2.0654331 ], [ -70.1508331, 2.0720814 ], [ -70.156498400000018, 2.0627925 ], [ -70.1594795, 2.061686 ], [ -70.1627799, 2.0458892 ], [ -70.1679642, 2.0424083 ], [ -70.1724567, 2.0452251 ], [ -70.1715192, 2.0387052 ], [ -70.174383, 2.042038 ], [ -70.1810239, 2.0247567 ], [ -70.1852549, 2.0271954 ], [ -70.1909976, 2.0238186 ], [ -70.1900595, 2.0278427 ], [ -70.1940697, 2.0305899 ], [ -70.1927998, 2.0260899 ], [ -70.1999345, 2.0243864 ], [ -70.2022186, 2.0278506 ], [ -70.2050107, 2.024423 ], [ -70.2037364, 2.0193255 ], [ -70.2075876, 2.0194736 ], [ -70.2093404, 2.0256455 ], [ -70.211982, 2.0250283 ], [ -70.2113655, 2.0204844 ], [ -70.2155617, 2.0206586 ], [ -70.2163023, 2.0255714 ], [ -70.2213385, 2.0257442 ], [ -70.2188945, 2.0278921 ], [ -70.2306951, 2.0341627 ], [ -70.2375582, 2.0298917 ], [ -70.238817200000014, 2.024263 ], [ -70.2460013, 2.0240161 ], [ -70.2451866, 2.029003 ], [ -70.2541235, 2.027423 ], [ -70.2528644, 2.0204118 ], [ -70.2606905, 2.0141164 ], [ -70.2641526, 2.0170182 ], [ -70.263875, 2.023078 ], [ -70.2714294, 2.0203624 ], [ -70.275799, 2.0148571 ], [ -70.2777, 2.0182393 ], [ -70.2843656, 2.0149311 ], [ -70.2944628, 2.0138943 ], [ -70.2977215, 2.0164124 ], [ -70.3008568, 2.013129 ], [ -70.3055474, 2.0140424 ], [ -70.3060905, 2.0071052 ], [ -70.3158421, 2.0119933 ], [ -70.3181627, 2.0122155 ], [ -70.3165333, 2.0042908 ], [ -70.3221127, 2.0062412 ], [ -70.3228286, 1.9976005 ], [ -70.3297411, 1.9993534 ], [ -70.3308274, 1.9965143 ], [ -70.3373202, 1.9966131 ], [ -70.3378633, 1.999773 ], [ -70.3428255, 1.9957984 ], [ -70.341149, 1.987983 ], [ -70.347756, 1.9923342 ], [ -70.3511205, 1.9830349 ], [ -70.3546261, 1.9894784 ], [ -70.3584773, 1.9851087 ], [ -70.364328200000017, 1.9850593 ], [ -70.361909, 1.98859 ], [ -70.3654639, 1.9917002 ], [ -70.3643036, 1.997008 ], [ -70.3686239, 2.0035008 ], [ -70.3784988, 2.0046118 ], [ -70.3817823, 1.9980696 ], [ -70.3763017, 1.9914287 ], [ -70.3776842, 1.9864171 ], [ -70.3898814, 1.9859738 ], [ -70.3928916, 1.9964155 ], [ -70.3981007, 1.9986868 ], [ -70.4071116, 1.9922927 ], [ -70.4139747, 1.9901202 ], [ -70.4155794, 1.9864418 ], [ -70.4220475, 1.9868121 ], [ -70.426195, 1.9908115 ], [ -70.4306881, 1.9907621 ], [ -70.4340703, 1.9996249 ], [ -70.4414765, 1.9939468 ], [ -70.4414765, 1.9867381 ], [ -70.4535246, 1.9848749 ], [ -70.4556718, 1.9880218 ], [ -70.4663615, 1.9809612 ], [ -70.4660652, 1.9789368 ], [ -70.4616709, 1.9810353 ], [ -70.4636249, 1.9762103 ], [ -70.4580429, 1.9715389 ], [ -70.4629546, 1.9671362 ], [ -70.4654727, 1.9725428 ], [ -70.468534, 1.96842 ], [ -70.4644359, 1.9629887 ], [ -70.4804087, 1.9662228 ], [ -70.4849265, 1.9602731 ], [ -70.4809271, 1.96289 ], [ -70.4805321, 1.9582734 ], [ -70.4834452, 1.9591375 ], [ -70.4835933, 1.9542494 ], [ -70.4889999, 1.9535334 ], [ -70.48613610000001, 1.947016 ], [ -70.5033186, 1.9492131 ], [ -70.5048245, 1.9423747 ], [ -70.5122555, 1.9414366 ], [ -70.5108977, 1.9512375 ], [ -70.5140823, 1.9515831 ], [ -70.5139836, 1.956965 ], [ -70.5234488, 1.9540578 ], [ -70.5205258, 1.9513856 ], [ -70.5238586, 1.9472135 ], [ -70.5281542, 1.95025 ], [ -70.5288701, 1.9569156 ], [ -70.5362764, 1.9538544 ], [ -70.5403092, 1.9466658 ], [ -70.5454972, 1.9468529 ], [ -70.55043, 1.9378887 ], [ -70.5581354, 1.9407634 ], [ -70.5595642, 1.9379228 ], [ -70.5615544, 1.9410355 ], [ -70.5685454, 1.9321905 ], [ -70.5719644, 1.9360007 ], [ -70.5737844, 1.9328368 ], [ -70.578309, 1.9325817 ], [ -70.5789059, 1.9286292 ], [ -70.5906751, 1.9387732 ], [ -70.5950977, 1.9378717 ], [ -70.5973429, 1.9335853 ], [ -70.6013913, 1.9336023 ], [ -70.6022418, 1.9267473 ], [ -70.6065622, 1.9239067 ], [ -70.6083653, 1.9281421 ], [ -70.6089606, 1.9220696 ], [ -70.611308, 1.9221377 ], [ -70.6126446, 1.9273654 ], [ -70.6204082, 1.9300472 ], [ -70.6229256, 1.9275298 ], [ -70.6171593, 1.9221037 ], [ -70.625205, 1.9182595 ], [ -70.6278245, 1.9212192 ], [ -70.6349516, 1.9182254 ], [ -70.6358531, 1.9112344 ], [ -70.6323831, 1.9094484 ], [ -70.6386738, 1.9080908 ], [ -70.6352407, 1.9039883 ], [ -70.6455982, 1.9077644 ], [ -70.6478505, 1.9043803 ], [ -70.6534412, 1.9118128 ], [ -70.6603471, 1.9113365 ], [ -70.6628201, 1.9137224 ], [ -70.6638682, 1.9066418 ], [ -70.6695494, 1.9028146 ], [ -70.6783413, 1.9077368 ], [ -70.6773059, 1.9039032 ], [ -70.6814563, 1.9015899 ], [ -70.6810334, 1.9084423 ], [ -70.6839057, 1.9084959 ], [ -70.6906075, 1.8976436 ], [ -70.694945, 1.90358 ], [ -70.6941456, 1.9065737 ], [ -70.6958636, 1.908836 ], [ -70.6968161, 1.9050259 ], [ -70.7004932, 1.903586 ], [ -70.7004732, 1.9064717 ], [ -70.7049531, 1.9063966 ], [ -70.7043058, 1.9117401 ], [ -70.7081606, 1.9172383 ], [ -70.7106659, 1.9168033 ], [ -70.7112234, 1.9127993 ], [ -70.7169897, 1.9168136 ], [ -70.7184015, 1.915691 ], [ -70.7237256, 1.9148745 ], [ -70.7214554, 1.9173579 ], [ -70.7299001, 1.9232944 ], [ -70.7318562, 1.92093 ], [ -70.733149, 1.9239067 ], [ -70.7450898, 1.9214063 ], [ -70.7455491, 1.9185656 ], [ -70.7422152, 1.9168817 ], [ -70.7427988, 1.908269 ], [ -70.7465527, 1.9083087 ], [ -70.7466038, 1.9125165 ], [ -70.7539689, 1.9103329 ], [ -70.7567585, 1.9123741 ], [ -70.761062, 1.9099927 ], [ -70.7647872, 1.9145683 ], [ -70.7600074, 1.9186507 ], [ -70.7702108, 1.9276198 ], [ -70.7740644, 1.9248349 ], [ -70.7716251, 1.9222568 ], [ -70.7743637, 1.9197393 ], [ -70.7815078, 1.9217805 ], [ -70.7770682, 1.9176641 ], [ -70.7808237, 1.9121189 ], [ -70.7969356, 1.9164904 ], [ -70.7970785, 1.9084959 ], [ -70.8014602, 1.9055021 ], [ -70.8038416, 1.9096525 ], [ -70.8088666, 1.9076014 ], [ -70.8105264, 1.9137008 ], [ -70.8212086, 1.9095505 ], [ -70.8299006, 1.9183275 ], [ -70.8348674, 1.9186677 ], [ -70.8318567, 1.9105881 ], [ -70.8475737, 1.9204367 ], [ -70.8527739, 1.9112087 ], [ -70.8581028, 1.912221 ], [ -70.8601269, 1.9169497 ], [ -70.863767, 1.9094484 ], [ -70.8666417, 1.9089211 ], [ -70.869702, 1.9199118 ], [ -70.8765924, 1.9215594 ], [ -70.875929, 1.9307616 ], [ -70.8804876, 1.9320884 ], [ -70.8842638, 1.9218315 ], [ -70.8928708, 1.9277169 ], [ -70.8946908, 1.9267473 ], [ -70.8896899, 1.9213212 ], [ -70.8922202, 1.9178251 ], [ -70.8944867, 1.9196032 ], [ -70.8963343, 1.9156326 ], [ -70.8943168, 1.9146578 ], [ -70.8969948, 1.912251 ], [ -70.8944786, 1.9116537 ], [ -70.8981424, 1.9102784 ], [ -70.8971351, 1.9068695 ], [ -70.8990455, 1.9070622 ], [ -70.897501, 1.9029592 ], [ -70.903020200000014, 1.8950053 ], [ -70.9036644, 1.8995091 ], [ -70.9080559, 1.8946118 ], [ -70.9058506, 1.8891427 ], [ -70.9024873, 1.8899565 ], [ -70.904363, 1.8867227 ], [ -70.9096369, 1.8863297 ], [ -70.9110222, 1.8882874 ], [ -70.9255542, 1.8790544 ], [ -70.9245994, 1.8743783 ], [ -70.9270983, 1.8757257 ], [ -70.9319557, 1.8722624 ], [ -70.9346375, 1.8741261 ], [ -70.9387831, 1.8657788 ], [ -70.9399873, 1.8684327 ], [ -70.9443199, 1.8650763 ], [ -70.9411221, 1.8591077 ], [ -70.9603212, 1.8437801 ], [ -70.9691012, 1.8400609 ], [ -70.9700688, 1.8430275 ], [ -70.9752789, 1.8411967 ], [ -70.9736554, 1.8394426 ], [ -70.9796175, 1.8402401 ], [ -70.9820506, 1.8322922 ], [ -70.9871113, 1.8312114 ], [ -70.9866159, 1.8258893 ], [ -70.9953499, 1.8235609 ], [ -71.0008521, 1.8148699 ], [ -71.003465, 1.8161856 ], [ -71.004184400000014, 1.8237383 ], [ -71.0127046, 1.8221974 ], [ -71.0091968, 1.8175049 ], [ -71.0124012, 1.8141511 ], [ -71.0196935, 1.8199756 ], [ -71.0184564, 1.8141332 ], [ -71.0259707, 1.8105045 ], [ -71.0378105, 1.8126989 ], [ -71.0408229, 1.8170975 ], [ -71.0489327, 1.8040349 ], [ -71.0550603, 1.8039041 ], [ -71.0599399, 1.804488 ], [ -71.064556, 1.7985408 ], [ -71.0683166, 1.805785 ], [ -71.0823353, 1.7980351 ], [ -71.093372, 1.8020594 ], [ -71.08675, 1.7939449 ], [ -71.0912083, 1.7893268 ], [ -71.0940275, 1.7858962 ], [ -71.0921261, 1.781542 ], [ -71.1142241, 1.784418 ], [ -71.1197936, 1.7809479 ], [ -71.1258254, 1.7830588 ], [ -71.1267432, 1.7732947 ], [ -71.1431601, 1.7623102 ], [ -71.144424, 1.7601186 ], [ -71.1506149, 1.7632476 ], [ -71.1624138, 1.7555447 ], [ -71.1800784, 1.7433765 ], [ -71.1987586, 1.7262585 ], [ -71.2010643, 1.7178587 ], [ -71.2035207, 1.7179232 ], [ -71.2066264, 1.7108382 ], [ -71.2082828, 1.7118799 ], [ -71.2080758, 1.7092753 ], [ -71.2115637, 1.7088649 ], [ -71.22042, 1.69923 ], [ -71.23988, 1.68128 ], [ -71.2398433, 1.6786715 ], [ -71.24628, 1.67238 ], [ -71.25917, 1.66813 ], [ -71.27225, 1.68155 ], [ -71.2863167, 1.6854414 ], [ -71.3009479, 1.6995424 ], [ -71.3072641, 1.7047013 ], [ -71.3141311, 1.7140178 ], [ -71.33014, 1.7052012 ], [ -71.3454257, 1.71714 ], [ -71.3523677, 1.7275848 ], [ -71.3585839, 1.7267943 ], [ -71.3682414, 1.7338985 ], [ -71.3666729, 1.7381499 ], [ -71.3829071, 1.7337139 ], [ -71.3938312, 1.7353519 ], [ -71.3989669, 1.7310493 ], [ -71.4030751, 1.7225859 ], [ -71.3955239, 1.6710084 ], [ -71.3896681, 1.654141 ], [ -71.3928962, 1.6499406 ], [ -71.3971713, 1.6251325 ], [ -71.3923722, 1.61447 ], [ -71.3955894, 1.6095993 ], [ -71.3913522, 1.606192 ], [ -71.39051, 1.59769 ], [ -71.4111791, 1.5718558 ], [ -71.42336, 1.56766 ], [ -71.4285, 1.55668 ], [ -71.43937, 1.54524 ], [ -71.4384, 1.52444 ], [ -71.4422, 1.51292 ], [ -71.44037, 1.50737 ], [ -71.44973, 1.49615 ], [ -71.44734, 1.4915 ], [ -71.45409, 1.48531 ], [ -71.45527, 1.46485 ], [ -71.46645, 1.45802 ], [ -71.47968, 1.44444 ], [ -71.48219, 1.4355 ], [ -71.47914, 1.42954 ], [ -71.48086, 1.42572 ], [ -71.47807, 1.41857 ], [ -71.47965, 1.41121 ], [ -71.47888, 1.40422 ], [ -71.48967, 1.38364 ], [ -71.48788, 1.37229 ], [ -71.4931, 1.37335 ], [ -71.49537, 1.3646 ], [ -71.5022, 1.3634 ], [ -71.50352, 1.35634 ], [ -71.50678, 1.35384 ], [ -71.50476, 1.35172 ], [ -71.50816, 1.34716 ], [ -71.50485, 1.34652 ], [ -71.5059039, 1.3411136 ], [ -71.50964, 1.34058 ], [ -71.5073987, 1.3342331 ], [ -71.5101125, 1.3332441 ], [ -71.5119596, 1.3361177 ], [ -71.5137449, 1.3253013 ], [ -71.5189307, 1.3220919 ], [ -71.5156449, 1.3166941 ], [ -71.5186165, 1.3152633 ], [ -71.5196919, 1.3187005 ], [ -71.5222662, 1.3163461 ], [ -71.5179227, 1.30536 ], [ -71.520844, 1.3082793 ], [ -71.5226727, 1.3065506 ], [ -71.5220722, 1.2994765 ], [ -71.5246887, 1.3038475 ], [ -71.5274392, 1.302317 ], [ -71.5252976, 1.2949609 ], [ -71.5300051, 1.2963467 ], [ -71.5327073, 1.2895024 ], [ -71.5293812, 1.2817391 ], [ -71.5249977, 1.2847574 ], [ -71.5247317, 1.282186 ], [ -71.5278385, 1.2772541 ], [ -71.5404483, 1.2743652 ], [ -71.5486094, 1.277678 ], [ -71.5495944, 1.2795135 ], [ -71.5523925, 1.27742 ], [ -71.5456903, 1.2669626 ], [ -71.5473094, 1.2588189 ], [ -71.5414843, 1.2606569 ], [ -71.541835, 1.2571292 ], [ -71.5506569, 1.2514598 ], [ -71.5444996, 1.2502491 ], [ -71.5427473, 1.2444751 ], [ -71.5434974, 1.2378778 ], [ -71.5402171, 1.2391604 ], [ -71.540025, 1.2341413 ], [ -71.5429953, 1.2336989 ], [ -71.5415781, 1.2311353 ], [ -71.5392792, 1.2308423 ], [ -71.5405213, 1.2261045 ], [ -71.5511795, 1.2201589 ], [ -71.5526481, 1.2066908 ], [ -71.5477964, 1.2047706 ], [ -71.5449057, 1.2073855 ], [ -71.543783, 1.2022415 ], [ -71.5382651, 1.2040604 ], [ -71.5397551, 1.207269 ], [ -71.5345565, 1.2058209 ], [ -71.5310595, 1.1989466 ], [ -71.5330625, 1.1932897 ], [ -71.5274968, 1.1903037 ], [ -71.5313149, 1.1792111 ], [ -71.5278697, 1.174775 ], [ -71.5182429, 1.1736131 ], [ -71.5136649, 1.172852 ], [ -71.516939, 1.1621992 ], [ -71.5130535, 1.1649819 ], [ -71.5103624, 1.1534562 ], [ -71.5076669, 1.1533488 ], [ -71.5117004, 1.1495967 ], [ -71.502038, 1.1478915 ], [ -71.5085834, 1.1410073 ], [ -71.5070276, 1.1363401 ], [ -71.4950679, 1.1335204 ], [ -71.483559, 1.1116682 ], [ -71.4865114, 1.1074619 ], [ -71.5026521, 1.1032808 ], [ -71.5252103, 1.115435 ], [ -71.5362948, 1.1255473 ], [ -71.5303636, 1.1483971 ], [ -71.5307524, 1.1588005 ], [ -71.5374616, 1.1627876 ], [ -71.5554498, 1.1559813 ], [ -71.5576862, 1.1478137 ], [ -71.5401842, 1.1203939 ], [ -71.5405731, 1.1130042 ], [ -71.5503937, 1.1118374 ], [ -71.5639827, 1.1302324 ], [ -71.5663484, 1.1253966 ], [ -71.5721352, 1.1234429 ], [ -71.5748642, 1.1273049 ], [ -71.5826752, 1.1260345 ], [ -71.5731321, 1.1218035 ], [ -71.5742113, 1.1192425 ], [ -71.5782101, 1.1188987 ], [ -71.5746844, 1.1138693 ], [ -71.575385, 1.1079902 ], [ -71.5851249, 1.1119868 ], [ -71.5844393, 1.1076111 ], [ -71.5777013, 1.1056679 ], [ -71.582623, 1.1028532 ], [ -71.5804905, 1.0975608 ], [ -71.5834151, 1.0954942 ], [ -71.5801931, 1.0911072 ], [ -71.574658, 1.0960257 ], [ -71.5732316, 1.0905185 ], [ -71.5790989, 1.0886838 ], [ -71.5731176, 1.0874622 ], [ -71.579801, 1.0845609 ], [ -71.574177, 1.0807592 ], [ -71.5747157, 1.0783763 ], [ -71.5810387, 1.0790809 ], [ -71.5789684, 1.0719325 ], [ -71.5821194, 1.074553 ], [ -71.5872554, 1.0714426 ], [ -71.587969, 1.0669146 ], [ -71.5842393, 1.0671705 ], [ -71.583579, 1.0641779 ], [ -71.5875841, 1.06379 ], [ -71.592077, 1.0558027 ], [ -71.5891429, 1.0538434 ], [ -71.5916093, 1.0499863 ], [ -71.5879003, 1.0477307 ], [ -71.5853269, 1.049423 ], [ -71.585052300000015, 1.0448071 ], [ -71.6019408, 1.0472976 ], [ -71.6029212, 1.0449074 ], [ -71.6112928, 1.0353482 ], [ -71.6150639, 1.0372919 ], [ -71.6259098, 1.0226528 ], [ -71.6290696, 1.0207927 ], [ -71.6318487, 1.0147567 ], [ -71.6321104, 1.0118444 ], [ -71.6339315, 1.0090631 ], [ -71.636767, 1.0083294 ], [ -71.6353367, 1.0017827 ], [ -71.6470157, 0.9913095 ], [ -71.6463472, 0.9886076 ], [ -71.6538789, 0.9828581 ], [ -71.6529991, 0.9808752 ], [ -71.6576137, 0.980051 ], [ -71.6605465, 0.9758399 ], [ -71.6691897, 0.9723586 ], [ -71.6789424, 0.9724059 ], [ -71.6869674, 0.9700694 ], [ -71.6932813, 0.9749002 ], [ -71.6918964, 0.9823703 ], [ -71.6963949, 0.984463 ], [ -71.7003012, 0.9820016 ], [ -71.7003699, 0.9849628 ], [ -71.7059356, 0.985146 ], [ -71.7094915, 0.9884766 ], [ -71.7273729, 0.9840235 ], [ -71.7372271, 0.9851933 ], [ -71.7406564, 0.984472 ], [ -71.7491667, 0.9726223 ], [ -71.7534587, 0.9690292 ], [ -71.7589474, 0.9619849 ], [ -71.7657599, 0.9614651 ], [ -71.7696852, 0.9521683 ], [ -71.769404, 0.9200805 ], [ -71.7740965, 0.9060579 ], [ -71.7869325, 0.895435 ], [ -71.7971127, 0.893222 ], [ -72.0322449, 0.664326 ], [ -72.0244178, 0.6632284 ], [ -72.0144361, 0.6536718 ], [ -72.0012257, 0.6589868 ], [ -71.9964471, 0.6552702 ], [ -71.9938986, 0.641784 ], [ -71.9944682, 0.6326333 ], [ -71.9814742, 0.6320144 ], [ -71.9883766, 0.6159796 ], [ -71.9984647, 0.6035553 ], [ -72.0113138, 0.5989891 ], [ -72.0086591, 0.5935734 ], [ -71.9924054, 0.5907293 ], [ -71.9891217, 0.5832978 ], [ -71.9915582, 0.5736933 ], [ -71.9897629, 0.5630162 ], [ -71.9838575, 0.5600871 ], [ -71.97233, 0.5594257 ], [ -71.9611804, 0.5534257 ], [ -71.9544246, 0.5405754 ], [ -71.9503144, 0.5406227 ], [ -71.9427554, 0.5524809 ], [ -71.9447868, 0.5681186 ], [ -71.9406059, 0.5710477 ], [ -71.9290547, 0.5524336 ], [ -71.9279208, 0.5409534 ], [ -71.9131335, 0.5135047 ], [ -71.9295271, 0.4959773 ], [ -71.928535, 0.4857726 ], [ -71.9227712, 0.4789695 ], [ -71.9045824, 0.4777412 ], [ -71.9014643, 0.4707964 ], [ -71.920787, 0.460072 ], [ -71.9218736, 0.4547807 ], [ -71.9120941, 0.4456154 ], [ -71.9017477, 0.4429698 ], [ -71.8878108, 0.4496311 ], [ -71.8850234, 0.4580405 ], [ -71.8871022, 0.469379 ], [ -71.8552126, 0.4526075 ], [ -71.8465086, 0.4345573 ], [ -71.8477008, 0.4151432 ], [ -71.839258, 0.4077649 ], [ -71.8234175, 0.4057417 ], [ -71.8266774, 0.4003559 ], [ -71.8335277, 0.397096 ], [ -71.8363151, 0.3920882 ], [ -71.8333387, 0.3712537 ], [ -71.8394085, 0.3615983 ], [ -71.8530874, 0.3569962 ], [ -71.853937, 0.3533955 ], [ -71.8294175, 0.3388917 ], [ -71.8094334, 0.3452696 ], [ -71.8034807, 0.3509861 ], [ -71.8018715, 0.3599364 ], [ -71.8038114, 0.3635057 ], [ -71.8158113, 0.3687025 ], [ -71.8156696, 0.3730489 ], [ -71.788882, 0.3638364 ], [ -71.77641, 0.3654427 ], [ -71.7678588, 0.3697891 ], [ -71.7661862, 0.3667927 ], [ -71.7731974, 0.3551908 ], [ -71.7734809, 0.3483877 ], [ -71.7868036, 0.3437578 ], [ -71.7891451, 0.3360851 ], [ -71.7833362, 0.3319057 ], [ -71.7661422, 0.327705 ], [ -71.7539815, 0.3324615 ], [ -71.7513235, 0.2972227 ], [ -71.7430626, 0.2882718 ], [ -71.7356386, 0.2856952 ], [ -71.7300192, 0.3047015 ], [ -71.7251598, 0.3097039 ], [ -71.7122283, 0.3142635 ], [ -71.7078658, 0.3186368 ], [ -71.704149700000016, 0.3172075 ], [ -71.6991473, 0.3037725 ], [ -71.7033636, 0.2961975 ], [ -71.7224442, 0.2892656 ], [ -71.726589, 0.2832627 ], [ -71.6947881, 0.2354541 ], [ -71.678566, 0.2292368 ], [ -71.652625, 0.2158018 ], [ -71.6468365, 0.210585 ], [ -71.632997, 0.2121178 ], [ -71.625232, 0.2159357 ], [ -71.6236826, 0.2140152 ], [ -71.6273685, 0.2053553 ], [ -71.6169447, 0.1957182 ], [ -71.6182505, 0.1916544 ], [ -71.6320745, 0.1898089 ], [ -71.6371298, 0.1854788 ], [ -71.6334325, 0.1828962 ], [ -71.6092863, 0.1822244 ], [ -71.5694641, 0.2161985 ], [ -71.5607719, 0.2162519 ], [ -71.5628607, 0.2070207 ], [ -71.5744502, 0.2016976 ], [ -71.5775614, 0.1965973 ], [ -71.5776957, 0.1803478 ], [ -71.5901136, 0.1691633 ], [ -71.5889372, 0.1649749 ], [ -71.582199, 0.163223 ], [ -71.5659602, 0.1713087 ], [ -71.5470261, 0.1738018 ], [ -71.5314611, 0.1652444 ], [ -71.5261382, 0.157968 ], [ -71.5268118, 0.1511617 ], [ -71.5353018, 0.1388984 ], [ -71.543657, 0.1343165 ], [ -71.5446004, 0.1296672 ], [ -71.5366376, 0.1218526 ], [ -71.5285637, 0.1200991 ], [ -71.5146832, 0.1328341 ], [ -71.5016786, 0.1298693 ], [ -71.49521, 0.1347881 ], [ -71.4948731, 0.1455691 ], [ -71.4841595, 0.1494098 ], [ -71.4827445, 0.1656487 ], [ -71.476905, 0.1722613 ], [ -71.4747935, 0.1841785 ], [ -71.4696104, 0.1849589 ], [ -71.4560616, 0.1754863 ], [ -71.4563311, 0.1644358 ], [ -71.4597676, 0.160932 ], [ -71.4690881, 0.1588213 ], [ -71.4700784, 0.1521656 ], [ -71.4602392, 0.1488034 ], [ -71.4530968, 0.1399091 ], [ -71.4264813, 0.1407177 ], [ -71.403868700000018, 0.1558454 ], [ -71.4016176, 0.1630882 ], [ -71.4036391, 0.1718478 ], [ -71.4021464, 0.1853927 ], [ -71.3981368, 0.1850368 ], [ -71.3911062, 0.1783163 ], [ -71.3729161, 0.1718704 ], [ -71.3691788, 0.1638534 ], [ -71.3697464, 0.1488034 ], [ -71.3635473, 0.1436824 ], [ -71.3506775, 0.1438172 ], [ -71.3440068, 0.1381572 ], [ -71.3389532, 0.1428739 ], [ -71.3442089, 0.1506227 ], [ -71.3417832, 0.1545982 ], [ -71.3352472, 0.1550025 ], [ -71.3305087, 0.1456711 ], [ -71.3219058, 0.1391005 ], [ -71.3210297, 0.1269054 ], [ -71.3293851, 0.1151802 ], [ -71.3046562, 0.101165 ], [ -71.29118, 0.0973242 ], [ -71.2896787, 0.0879786 ], [ -71.2974772, 0.0729251 ], [ -71.2954924, 0.0697654 ], [ -71.2793594, 0.0658732 ], [ -71.2663607, 0.0703589 ], [ -71.251223, 0.0579063 ], [ -71.2372751, 0.0663963 ], [ -71.2326861, 0.0653809 ], [ -71.2257529, 0.0542003 ], [ -71.2194865, 0.0630946 ], [ -71.1965095, 0.0794009 ], [ -71.1871435, 0.0811528 ], [ -71.1874128, 0.0860487 ], [ -71.192534, 0.0926076 ], [ -71.190714700000015, 0.0965157 ], [ -71.1843135, 0.0970547 ], [ -71.1724545, 0.090923 ], [ -71.1581023, 0.0723595 ], [ -71.146917, 0.0650824 ], [ -71.144491300000013, 0.0580752 ], [ -71.1494523, 0.0387209 ], [ -71.1339798, 0.0041698 ], [ -71.1263658, 0.0030244 ], [ -71.1195603, 0.0067977 ], [ -71.1134286, 0.0235756 ], [ -71.10696, 0.0260687 ], [ -71.1004914, 0.0239125 ], [ -71.0977962, 0.0150856 ], [ -71.098954, -0.0038943 ], [ -71.0950335, -0.0081609 ], [ -71.0889019, -0.0065438 ], [ -71.0828376, 0.0009355 ], [ -71.0752235, 0.0005986 ], [ -71.0659249, -0.0098454 ], [ -71.0471256, -0.0033095 ], [ -71.039511500000017, -0.0045223 ], [ -71.0348622, -0.0093738 ], [ -71.0407244, -0.0188745 ], [ -71.0531225, -0.0254105 ], [ -71.0512463, -0.0331074 ], [ -71.0285284, -0.0483201 ], [ -71.0173431, -0.0462986 ], [ -71.0116157, -0.0402343 ], [ -71.0183538, -0.0250736 ], [ -71.0178148, -0.016314 ], [ -70.998409, -0.0023661 ], [ -70.9846633, -0.0031073 ], [ -70.9688961, -0.0093064 ], [ -70.9718609, -0.0281057 ], [ -70.9591433, -0.0407547 ], [ -70.940798200000017, -0.0448162 ], [ -70.9346665, -0.0516891 ], [ -70.9266604, -0.0531609 ], [ -70.9248288, -0.0580229 ], [ -70.9292086, -0.0635482 ], [ -70.9265807, -0.0717687 ], [ -70.9304889, -0.0762832 ], [ -70.9232117, -0.0820106 ], [ -70.9271011, -0.0866705 ], [ -70.9171474, -0.0988559 ], [ -70.8991908, -0.1015545 ], [ -70.8938769, -0.1078175 ], [ -70.8921413, -0.1161728 ], [ -70.9015734, -0.1325064 ], [ -70.9061763, -0.1314429 ], [ -70.9120621, -0.1236945 ], [ -70.9202115, -0.1233147 ], [ -70.9344965, -0.1317101 ], [ -70.9462443, -0.1448132 ], [ -70.944735, -0.1594746 ], [ -70.9349254, -0.1729965 ], [ -70.9173437, -0.1837836 ], [ -70.9150798, -0.2017875 ], [ -70.8874657, -0.2095138 ], [ -70.8830855, -0.2139416 ], [ -70.8850473, -0.2216142 ], [ -70.8822552, -0.230882 ], [ -70.87425660000001, -0.2411373 ], [ -70.8725962, -0.2611162 ], [ -70.8783307, -0.2766893 ], [ -70.8769724, -0.2826906 ], [ -70.8676154, -0.2914265 ], [ -70.865955, -0.3073033 ], [ -70.8581072, -0.3170267 ], [ -70.8427134, -0.3277375 ], [ -70.842185, -0.3362456 ], [ -70.8329789, -0.3452093 ], [ -70.8306393, -0.3604783 ], [ -70.826187100000013, -0.3657198 ], [ -70.8097372, -0.3638962 ], [ -70.8084548, -0.3499185 ], [ -70.8057014, -0.346101 ], [ -70.7712544, -0.335484 ], [ -70.7605396, -0.3295584 ], [ -70.7576724, -0.3238609 ], [ -70.7594835, -0.3190752 ], [ -70.7785744, -0.3174045 ], [ -70.7809891, -0.3141381 ], [ -70.77035, -0.2986409 ], [ -70.7571856, -0.292339 ], [ -70.7473357, -0.2914995 ], [ -70.73896, -0.2865615 ], [ -70.7314897, -0.2885364 ], [ -70.7214534, -0.3031213 ], [ -70.6888548, -0.3329742 ], [ -70.6810821, -0.3496101 ], [ -70.6762186, -0.3524136 ], [ -70.6656133, -0.3499133 ], [ -70.6567101, -0.3347201 ], [ -70.6373184, -0.3198918 ], [ -70.6303763, -0.3199059 ], [ -70.6153596, -0.3388202 ], [ -70.6082665, -0.3435296 ], [ -70.6053988, -0.3499864 ], [ -70.5914569, -0.380566 ], [ -70.5866835, -0.3878152 ], [ -70.5774776, -0.3924484 ], [ -70.5689511, -0.3896373 ], [ -70.5643495, -0.3702664 ], [ -70.5527297, -0.3624415 ], [ -70.5435239, -0.3647199 ], [ -70.531224, -0.3746702 ], [ -70.527532, -0.3569972 ], [ -70.5209183, -0.3569313 ], [ -70.5116812, -0.3716305 ], [ -70.4774889, -0.4006875 ], [ -70.4695739, -0.4164452 ], [ -70.4567453, -0.4313327 ], [ -70.4491983, -0.4489551 ], [ -70.4504475, -0.4643723 ], [ -70.4627084, -0.4755313 ], [ -70.4647344, -0.4849281 ], [ -70.4609105, -0.4931175 ], [ -70.4552275, -0.4957699 ], [ -70.4495986, -0.4931368 ], [ -70.4390897, -0.4794904 ], [ -70.4063385, -0.4634598 ], [ -70.3963785, -0.463231 ], [ -70.3875071, -0.4686257 ], [ -70.3796277, -0.4961068 ], [ -70.3745387, -0.4986715 ], [ -70.3640558, -0.4969744 ], [ -70.337952, -0.5005068 ], [ -70.3243949, -0.4924842 ], [ -70.3201877, -0.4840821 ], [ -70.3205862, -0.4714223 ], [ -70.3232341, -0.467558 ], [ -70.3286614, -0.4672921 ], [ -70.3378197, -0.4726976 ], [ -70.3501323, -0.4727996 ], [ -70.3635555, -0.4658104 ], [ -70.3664989, -0.4586405 ], [ -70.3642549, -0.4532974 ], [ -70.3461274, -0.447958 ], [ -70.3339804, -0.438158 ], [ -70.3194928, -0.4432458 ], [ -70.3080997, -0.4402063 ], [ -70.2970105, -0.4167337 ], [ -70.2861986, -0.4126603 ], [ -70.2739977, -0.4149084 ], [ -70.2660747, -0.4199209 ], [ -70.2487936, -0.4445295 ], [ -70.2409465, -0.4457439 ], [ -70.2229901, -0.4357914 ], [ -70.214162, -0.4386008 ], [ -70.1995973, -0.4602469 ], [ -70.2007554, -0.470937 ], [ -70.2111083, -0.4774478 ], [ -70.2270558, -0.4694779 ], [ -70.2406422, -0.4673159 ], [ -70.2477758, -0.474106 ], [ -70.2568242, -0.491528 ], [ -70.2689372, -0.5005276 ], [ -70.2851419, -0.5070187 ], [ -70.2974933, -0.5190099 ], [ -70.3233701, -0.5562798 ], [ -70.3261933, -0.5705271 ], [ -70.3237267, -0.5815381 ], [ -70.3118252, -0.5899596 ], [ -70.3058117, -0.588592 ], [ -70.3010705, -0.582844 ], [ -70.3018718, -0.5624628 ], [ -70.2969578, -0.5569561 ], [ -70.2827193, -0.5578991 ], [ -70.2647513, -0.5808525 ], [ -70.2610309, -0.5969029 ], [ -70.2560812, -0.6037926 ], [ -70.2600614, -0.6176799 ], [ -70.2547477, -0.6269599 ], [ -70.2569911, -0.6474179 ], [ -70.2606348, -0.6542692 ], [ -70.252442500000015, -0.6702399 ], [ -70.2615763, -0.7023339 ], [ -70.26085, -0.7163467 ], [ -70.2494628, -0.7314029 ], [ -70.2492938, -0.7407261 ], [ -70.2522402, -0.7451291 ], [ -70.2599177, -0.7475292 ], [ -70.2750317, -0.744785 ], [ -70.2859962, -0.7484669 ], [ -70.2918197, -0.7551309 ], [ -70.2969448, -0.792375 ], [ -70.288441, -0.8103591 ], [ -70.2582296, -0.8326375 ], [ -70.2304999, -0.8741197 ], [ -70.2219705, -0.8830062 ], [ -70.2222405, -0.8914455 ], [ -70.2272983, -0.8971327 ], [ -70.2497215, -0.9092411 ], [ -70.2529607, -0.9140406 ], [ -70.2563495, -0.9328204 ], [ -70.2628448, -0.9391745 ], [ -70.2700461, -0.9398805 ], [ -70.2869903, -0.9333853 ], [ -70.2929207, -0.9345149 ], [ -70.3018164, -0.9463758 ], [ -70.3071429, -0.9635185 ], [ -70.3021396, -0.9782359 ], [ -70.2765426, -1.0068275 ], [ -70.2621484, -1.0171791 ], [ -70.2494242, -1.0212795 ], [ -70.2406762, -1.020789 ], [ -70.2307438, -1.0125377 ], [ -70.2266972, -0.9943843 ], [ -70.2199195, -0.9853474 ], [ -70.2114474, -0.982241 ], [ -70.1979055, -0.9848862 ], [ -70.1952092, -0.9957964 ], [ -70.2005749, -1.0104813 ], [ -70.2203431, -1.0270019 ], [ -70.2274103, -1.0383015 ], [ -70.2270849, -1.051324 ], [ -70.2201751, -1.0627739 ], [ -70.2027986, -1.0710803 ], [ -70.1798283, -1.0734252 ], [ -70.1763251, -1.0773133 ], [ -70.1779858, -1.099919 ], [ -70.1715743, -1.1105074 ], [ -70.161748, -1.1155584 ], [ -70.1455733, -1.1164302 ], [ -70.1315235, -1.1129575 ], [ -70.1233924, -1.1052962 ], [ -70.1120403, -1.0765444 ], [ -70.0834593, -1.0453889 ], [ -70.0786232, -1.0346579 ], [ -70.0813186, -1.0191781 ], [ -70.0874236, -1.0125716 ], [ -70.1022573, -1.0102941 ], [ -70.1234284, -1.0212706 ], [ -70.131264700000017, -1.0195795 ], [ -70.1378797, -1.0103783 ], [ -70.1397782, -0.9979723 ], [ -70.1170456, -0.9677 ], [ -70.1025737, -0.9539954 ], [ -70.0800417, -0.9468787 ], [ -70.0690489, -0.9507507 ], [ -70.0503703, -0.9756841 ], [ -70.0409015, -0.9808163 ], [ -70.027029, -0.9768482 ], [ -70.0225333, -0.9695406 ], [ -70.0261628, -0.9464907 ], [ -70.0232462, -0.9389918 ], [ -70.01497, -0.9370426 ], [ -70.0067337, -0.9398069 ], [ -70.0003199, -0.9474916 ], [ -70.008034, -0.9632786 ], [ -70.0059593, -0.9710498 ], [ -69.9984042, -0.9761896 ], [ -69.9845192, -0.9756775 ], [ -69.9559591, -0.9662498 ], [ -69.9476954, -0.9506357 ], [ -69.9414127, -0.9465887 ], [ -69.9277011, -0.9519407 ], [ -69.9064655, -0.9656544 ], [ -69.9018081, -0.9746809 ], [ -69.9065643, -0.9803541 ], [ -69.9183082, -0.9724949 ], [ -69.9537789, -0.9946326 ], [ -69.9551353, -1.0042307 ], [ -69.9416059, -1.025467 ], [ -69.9421768, -1.0367807 ], [ -69.9559436, -1.0465199 ], [ -69.9671759, -1.0602895 ], [ -69.9715105, -1.0729877 ], [ -69.9692058, -1.083512 ], [ -69.9608876, -1.0933038 ], [ -69.9492562, -1.0973395 ], [ -69.936533, -1.0959482 ], [ -69.9125012, -1.081578 ], [ -69.8842825, -1.0802997 ], [ -69.8746025, -1.077377 ], [ -69.8671615, -1.0705052 ], [ -69.8548028, -1.04119 ], [ -69.8442246, -1.0305268 ], [ -69.8356862, -1.0280583 ], [ -69.8218044, -1.028883 ], [ -69.812183300000015, -1.0396036 ], [ -69.7847959, -1.0857027 ], [ -69.7726387, -1.0945192 ], [ -69.7544308, -1.0989593 ], [ -69.7405328, -1.095566 ], [ -69.7344426, -1.0878101 ], [ -69.7357053, -1.0800469 ], [ -69.7428421, -1.076354 ], [ -69.7545114, -1.0758443 ], [ -69.7646342, -1.0639494 ], [ -69.7709169, -1.0439071 ], [ -69.7747198, -1.0407801 ], [ -69.7718944, -1.0366085 ], [ -69.74952, -1.027621 ], [ -69.744975, -1.0307432 ], [ -69.7394538, -1.0414857 ], [ -69.7226198, -1.0390604 ], [ -69.7043078, -1.0481351 ], [ -69.677900600000015, -1.0865948 ], [ -69.6512831, -1.1129852 ], [ -69.6484466, -1.1238787 ], [ -69.6500381, -1.1315085 ], [ -69.6537713, -1.133641 ], [ -69.660243, -1.1175154 ], [ -69.672846, -1.1152798 ], [ -69.6799149, -1.1181445 ], [ -69.6781663, -1.1548166 ], [ -69.6810781, -1.195326 ], [ -69.6768202, -1.2120483 ], [ -69.6691546, -1.2228343 ], [ -69.6615287, -1.2269123 ], [ -69.6519222, -1.2274136 ], [ -69.6422205, -1.2208527 ], [ -69.6361361, -1.2082607 ], [ -69.6369523, -1.1722181 ], [ -69.6313984, -1.1650803 ], [ -69.6164757, -1.1635639 ], [ -69.5930727, -1.1458812 ], [ -69.580696, -1.1520606 ], [ -69.5651351, -1.1929334 ], [ -69.5511613, -1.1955104 ], [ -69.5494111, -1.1913743 ], [ -69.541794, -1.1912369 ], [ -69.5293193, -1.1980822 ], [ -69.5109939, -1.2152547 ], [ -69.500054800000015, -1.2176906 ], [ -69.4850388, -1.2153443 ], [ -69.4737927, -1.2079077 ], [ -69.4664689, -1.196086 ], [ -69.4662293, -1.1713069 ], [ -69.4719589, -1.1616593 ], [ -69.4887663, -1.1541333 ], [ -69.4889157, -1.150405 ], [ -69.4833438, -1.1451741 ], [ -69.4681787, -1.145865 ], [ -69.4622916, -1.1417669 ], [ -69.4594197, -1.1315918 ], [ -69.4706456, -1.0970323 ], [ -69.4698877, -1.0897421 ], [ -69.4626392, -1.0775945 ], [ -69.4521488, -1.0708403 ], [ -69.4301648, -1.066904 ], [ -69.4263378, -1.0715189 ], [ -69.4220042, -1.0718566 ], [ -69.4200232, -1.0680112 ], [ -69.426788, -1.0663974 ], [ -69.4305588, -1.0607694 ], [ -69.4263941, -1.0612197 ], [ -69.4215869, -1.0475126 ], [ -69.4184387, -1.0452459 ], [ -69.4196526, -1.0429054 ], [ -69.4246192, -1.0463255 ], [ -69.4292081, -1.0421407 ], [ -69.4296583, -1.0347117 ], [ -69.431515600000012, -1.0360061 ], [ -69.4430468, -1.0333305 ], [ -69.4441977, -1.0223926 ], [ -69.4377627, -1.0290836 ], [ -69.4388883, -1.0240747 ], [ -69.4316281, -1.0204165 ], [ -69.4343296, -1.0142819 ], [ -69.421398, -1.013292 ], [ -69.4203721, -1.0103986 ], [ -69.4287015, -1.0115242 ], [ -69.4325286, -1.0080911 ], [ -69.4280262, -1.004264 ], [ -69.4216102, -1.0076408 ], [ -69.4181771, -1.0030259 ], [ -69.419359, -0.9975104 ], [ -69.4248925, -1.0027771 ], [ -69.4293629, -0.9996919 ], [ -69.433487, -1.0039419 ], [ -69.4358796, -1.0022734 ], [ -69.4350296, -0.9968271 ], [ -69.4385506, -0.9904754 ], [ -69.4503132, -0.9968913 ], [ -69.4544779, -0.9905316 ], [ -69.4590929, -0.9937959 ], [ -69.4589241, -0.9890121 ], [ -69.4621983, -0.9879177 ], [ -69.4674243, -0.9814955 ], [ -69.463838, -0.9794307 ], [ -69.4623009, -0.9676818 ], [ -69.4691108, -0.9647553 ], [ -69.471305700000016, -0.957664 ], [ -69.4755267, -0.9591272 ], [ -69.4807353, -0.9548782 ], [ -69.4802058, -0.9522175 ], [ -69.4869744, -0.9477785 ], [ -69.4908781, -0.9528786 ], [ -69.4912289, -0.9453386 ], [ -69.4941487, -0.9446277 ], [ -69.4978137, -0.9496159 ], [ -69.499277, -0.9473647 ], [ -69.496857, -0.9435939 ], [ -69.508382, -0.9395933 ], [ -69.5078176, -0.93559 ], [ -69.5103364, -0.9344721 ], [ -69.5108145, -0.9270475 ], [ -69.513244, -0.9320436 ], [ -69.5177369, -0.9320564 ], [ -69.5183101, -0.925163 ], [ -69.526179, -0.9264284 ], [ -69.5280925, -0.9232767 ], [ -69.5238831, -0.9219099 ], [ -69.5286141, -0.9191083 ], [ -69.5292973, -0.9116389 ], [ -69.5267358, -0.908993 ], [ -69.5297809, -0.9050982 ], [ -69.5342271, -0.906055 ], [ -69.5339457, -0.9029595 ], [ -69.5279236, -0.9007646 ], [ -69.5219017, -0.9017776 ], [ -69.5205841, -0.8988535 ], [ -69.530794, -0.8954743 ], [ -69.5216673, -0.8924022 ], [ -69.5251617, -0.8904819 ], [ -69.5221395, -0.8868929 ], [ -69.5302874, -0.8790967 ], [ -69.5234775, -0.8752134 ], [ -69.5264041, -0.8738626 ], [ -69.5262915, -0.8679532 ], [ -69.531485500000016, -0.8668593 ], [ -69.531584, -0.8606686 ], [ -69.5346688, -0.8586223 ], [ -69.5369359, -0.8651075 ], [ -69.5389903, -0.8583382 ], [ -69.5439323, -0.8619684 ], [ -69.5495428, -0.8559849 ], [ -69.5489778, -0.8512374 ], [ -69.5552257, -0.8519325 ], [ -69.5573341, -0.8447653 ], [ -69.5647416, -0.8470992 ], [ -69.5734865, -0.8372591 ], [ -69.5730472, -0.8322082 ], [ -69.5666615, -0.8306984 ], [ -69.5585403, -0.8175511 ], [ -69.5649624, -0.8100552 ], [ -69.5641496, -0.8075842 ], [ -69.5700409, -0.8046056 ], [ -69.5689772, -0.8094763 ], [ -69.5755325, -0.8093902 ], [ -69.574682, -0.7987723 ], [ -69.5773924, -0.8027596 ], [ -69.5808413, -0.8023626 ], [ -69.5810981, -0.7996628 ], [ -69.5829287, -0.8006284 ], [ -69.5832214, -0.7946053 ], [ -69.5885913, -0.7886805 ], [ -69.5841955, -0.7875772 ], [ -69.5860297, -0.7815325 ], [ -69.5976649, -0.7833464 ], [ -69.5975631, -0.7779351 ], [ -69.5998279, -0.7802773 ], [ -69.6023849, -0.7760619 ], [ -69.5999034, -0.772994 ], [ -69.6028918, -0.7674814 ], [ -69.6065539, -0.767969 ], [ -69.6117639, -0.7640587 ], [ -69.6095439, -0.7615569 ], [ -69.6094375, -0.7569572 ], [ -69.6161527, -0.7546558 ], [ -69.6158287, -0.7474862 ], [ -69.6184811, -0.7429295 ], [ -69.6220479, -0.7471641 ], [ -69.6251167, -0.7464497 ], [ -69.616234, -0.7372762 ], [ -69.6243477, -0.7358019 ], [ -69.6215978, -0.7275915 ], [ -69.619727, -0.7322014 ], [ -69.6169274, -0.7274918 ], [ -69.607683, -0.7251261 ], [ -69.6155956, -0.7205764 ], [ -69.6095023, -0.7173452 ], [ -69.6078449, -0.7216048 ], [ -69.6031805, -0.7153931 ], [ -69.6086364, -0.7126692 ], [ -69.6063654, -0.7094003 ], [ -69.6018708, -0.7128958 ], [ -69.602083400000012, -0.7097954 ], [ -69.599769, -0.7045995 ], [ -69.6019205, -0.7016253 ], [ -69.5997957, -0.6983827 ], [ -69.6023248, -0.6982439 ], [ -69.6015534, -0.6953324 ], [ -69.5960274, -0.6947208 ], [ -69.5942107, -0.6916517 ], [ -69.5919703, -0.6900719 ], [ -69.5947239, -0.6849271 ], [ -69.5915823, -0.6871328 ], [ -69.5855721, -0.6818426 ], [ -69.5824543, -0.6802422 ], [ -69.5846571, -0.6711625 ], [ -69.5790553, -0.672477 ], [ -69.575802, -0.6664362 ], [ -69.5800752, -0.6668093 ], [ -69.5812829, -0.6603352 ], [ -69.5768334, -0.660588 ], [ -69.5746859, -0.6518615 ], [ -69.5718807, -0.6496293 ], [ -69.5726259, -0.6460777 ], [ -69.5685382, -0.6419079 ], [ -69.56632, -0.6430127 ], [ -69.5619958, -0.6366243 ], [ -69.5683409, -0.6310514 ], [ -69.5716756, -0.6332426 ], [ -69.5758604, -0.6282737 ], [ -69.5727451, -0.6287353 ], [ -69.5732682, -0.6245593 ], [ -69.568957, -0.6232453 ], [ -69.5787913, -0.6146855 ], [ -69.5844474, -0.6191465 ], [ -69.5866318, -0.6171614 ], [ -69.5829349, -0.6154085 ], [ -69.5905293, -0.6069802 ], [ -69.588476200000017, -0.6032628 ], [ -69.5997527, -0.5954115 ], [ -69.6023227, -0.5965512 ], [ -69.6034584, -0.5895711 ], [ -69.6003466, -0.5886844 ], [ -69.59508910000001, -0.578175 ], [ -69.5975126, -0.5779015 ], [ -69.5946785, -0.5725998 ], [ -69.5961143, -0.5652617 ], [ -69.5929947, -0.5650695 ], [ -69.5924229, -0.5575763 ], [ -69.5964967, -0.5580494 ], [ -69.5926085, -0.5541391 ], [ -69.5954856, -0.5508109 ], [ -69.5970581, -0.5529061 ], [ -69.5998576, -0.5510557 ], [ -69.5983397, -0.5482745 ], [ -69.6033379, -0.5469505 ], [ -69.5988407, -0.5451553 ], [ -69.6058923, -0.5403153 ], [ -69.6092814, -0.5379486 ], [ -69.6142485, -0.5336346 ], [ -69.6124088, -0.5310732 ], [ -69.614385, -0.5285609 ], [ -69.6117621, -0.5240271 ], [ -69.6143371, -0.5244273 ], [ -69.6121336, -0.5219333 ], [ -69.6147554, -0.5200567 ], [ -69.6120211, -0.5188368 ], [ -69.6133785, -0.5171045 ], [ -69.6100977, -0.5148174 ], [ -69.609297, -0.5075093 ], [ -69.6094664, -0.5054038 ], [ -69.6113666, -0.5018368 ], [ -69.6084881, -0.5005867 ], [ -69.6116843, -0.4979668 ], [ -69.6152017, -0.5003886 ], [ -69.6187696, -0.4967641 ], [ -69.6205992, -0.49906 ], [ -69.6272687, -0.496515 ], [ -69.6254741, -0.4945253 ], [ -69.6329498, -0.4919813 ], [ -69.6337632, -0.4955178 ], [ -69.6360174, -0.4928749 ], [ -69.6413192, -0.493542 ], [ -69.6432421, -0.4899379 ], [ -69.6399274, -0.4880221 ], [ -69.642258, -0.4871053 ], [ -69.6442034, -0.4820813 ], [ -69.6423365, -0.4802141 ], [ -69.6558421, -0.4733703 ], [ -69.6553625, -0.470962 ], [ -69.6582099, -0.4723356 ], [ -69.6615505, -0.468827 ], [ -69.6636742, -0.4703244 ], [ -69.6650687, -0.4664001 ], [ -69.6692394, -0.4658654 ], [ -69.6699011, -0.4679783 ], [ -69.6797527, -0.4649613 ], [ -69.682315, -0.4644094 ], [ -69.6810755, -0.4607554 ], [ -69.6837099, -0.4621725 ], [ -69.6923304, -0.4558612 ], [ -69.6948426, -0.4587412 ], [ -69.6964769, -0.4566137 ], [ -69.696552, -0.4507093 ], [ -69.7041481, -0.4545294 ], [ -69.7062807, -0.4503196 ], [ -69.7093153, -0.454452 ], [ -69.7129795, -0.449067 ], [ -69.7153393, -0.4508345 ], [ -69.7169635, -0.4481857 ], [ -69.7199716, -0.4495037 ], [ -69.7197171, -0.4432463 ], [ -69.7219317, -0.4475624 ], [ -69.7239288, -0.445802 ], [ -69.7268788, -0.4459962 ], [ -69.7256194, -0.443898 ], [ -69.7321174, -0.4374586 ], [ -69.7351625, -0.4378101 ], [ -69.739911, -0.4340698 ], [ -69.7419196, -0.4217687 ], [ -69.7443745, -0.4249213 ], [ -69.7454689, -0.4202337 ], [ -69.7497885, -0.4201096 ], [ -69.7493813, -0.4146631 ], [ -69.7520784, -0.4144508 ], [ -69.7518097, -0.4117712 ], [ -69.7534898, -0.4124232 ], [ -69.7566977, -0.4063814 ], [ -69.7630637, -0.4027469 ], [ -69.7639353, -0.4045306 ], [ -69.7732645, -0.3947765 ], [ -69.7746341, -0.3911939 ], [ -69.7786634, -0.3939495 ], [ -69.7801106, -0.3957482 ], [ -69.7837439, -0.3930147 ], [ -69.7856336, -0.3946194 ], [ -69.7932737, -0.3893211 ], [ -69.7926674, -0.3836718 ], [ -69.8031361, -0.3801096 ], [ -69.8140435, -0.3733949 ], [ -69.8167781, -0.372098 ], [ -69.8290444, -0.374884 ], [ -69.8309797, -0.3719748 ], [ -69.8294615, -0.363355 ], [ -69.837588, -0.3433161 ], [ -69.8495094, -0.337559 ], [ -69.8594534, -0.3405803 ], [ -69.8616667, -0.339532 ], [ -69.877606, -0.337548 ], [ -69.883943, -0.3345384 ], [ -69.8888287, -0.3388207 ], [ -69.8897163, -0.3417915 ], [ -69.9044359, -0.3355564 ], [ -69.9163537, -0.3265827 ], [ -69.9208245, -0.325513 ], [ -69.930593, -0.3114802 ], [ -69.9367334, -0.2978282 ], [ -69.9358499, -0.2947103 ], [ -69.9459746, -0.2934396 ], [ -69.9521225, -0.2828979 ], [ -69.9508678, -0.2792948 ], [ -69.9706111, -0.2672155 ], [ -69.9781113, -0.2574581 ], [ -69.9842, -0.244908 ], [ -69.9914991, -0.2429451 ], [ -69.9967196, -0.2266914 ], [ -70.0373084, -0.1963442 ], [ -70.0460548, -0.1942292 ], [ -70.047846, -0.1894391 ], [ -70.0503451, -0.1911685 ], [ -70.0552666, -0.186055 ], [ -70.0651655, -0.1636524 ], [ -70.054692800000012, -0.1467616 ], [ -70.0521738, -0.1466311 ], [ -70.0463867, -0.131594 ], [ -70.0474886, -0.128508 ], [ -70.042742, -0.1232583 ], [ -70.0477234, -0.1116004 ], [ -70.0464763, 0.5630846 ], [ -70.0378981, 0.5663288 ], [ -70.0258341, 0.5613614 ], [ -70.0209842, 0.5551065 ], [ -70.021745, 0.5456524 ], [ -70.0174584, 0.5444301 ], [ -70.0083915, 0.5481252 ], [ -70.0055783, 0.5444485 ], [ -69.9961448, 0.5498696 ], [ -69.996375200000017, 0.5595587 ], [ -69.9916862, 0.5629163 ], [ -70.0005392, 0.5728123 ], [ -69.9948523, 0.5747872 ], [ -69.9877491, 0.5709916 ], [ -69.9881611, 0.5758759 ], [ -69.9846308, 0.5743853 ], [ -69.9775772, 0.5779222 ], [ -69.9637629, 0.5711693 ], [ -69.9610265, 0.5615801 ], [ -69.9411617, 0.557084 ], [ -69.9372295, 0.5530093 ], [ -69.9295105, 0.5623273 ], [ -69.9193004, 0.5711526 ], [ -69.9141773, 0.5812773 ], [ -69.9170231, 0.5897387 ], [ -69.9020868, 0.5809516 ], [ -69.896071, 0.5859647 ], [ -69.8872227, 0.5770514 ], [ -69.8682537, 0.5825812 ], [ -69.8631236, 0.5779651 ], [ -69.8585671, 0.5786431 ], [ -69.8573082, 0.584342 ], [ -69.8482187, 0.5866834 ], [ -69.834943, 0.5864475 ], [ -69.8329583, 0.5910608 ], [ -69.8228726, 0.5912139 ], [ -69.818141200000014, 0.5859922 ], [ -69.8155523, 0.5871248 ], [ -69.8039976, 0.5717345 ], [ -69.8026926, 0.5780494 ], [ -69.7957704, 0.5790024 ], [ -69.7942799, 0.5844408 ], [ -69.788635, 0.585497 ], [ -69.7833997, 0.5946013 ], [ -69.7623285, 0.6044187 ], [ -69.7624405, 0.608213 ], [ -69.7482421, 0.6198472 ], [ -69.7379509, 0.6097559 ], [ -69.7327275, 0.6120102 ], [ -69.72321860000001, 0.6157401 ], [ -69.7158385, 0.6342332 ], [ -69.715832, 0.6410767 ], [ -69.711063, 0.6400464 ], [ -69.7092616, 0.6465322 ], [ -69.7028776, 0.6524326 ], [ -69.6986542, 0.651444 ], [ -69.6956168, 0.6551249 ], [ -69.6919097, 0.6490702 ], [ -69.6874112, 0.6535023 ], [ -69.6876253, 0.6640552 ], [ -69.6710762, 0.667898 ], [ -69.6659268, 0.6635093 ], [ -69.6631456, 0.6630997 ], [ -69.6589885, 0.6643407 ], [ -69.6497119, 0.6639181 ], [ -69.6445571, 0.658486 ], [ -69.6481501, 0.6542922 ], [ -69.6426577, 0.6524199 ], [ -69.6355677, 0.6371894 ], [ -69.6286017, 0.6279943 ], [ -69.6261188, 0.6351635 ], [ -69.619949, 0.6336202 ], [ -69.6078457, 0.6132631 ], [ -69.6051868, 0.6151603 ], [ -69.6057529, 0.6352008 ], [ -69.5895012, 0.6380961 ], [ -69.5878807, 0.6407697 ], [ -69.5926946, 0.6541502 ], [ -69.5857171, 0.6614828 ], [ -69.5804112, 0.6616598 ], [ -69.5678049, 0.6722674 ], [ -69.5626343, 0.6842004 ], [ -69.5567155, 0.6809903 ], [ -69.5357464, 0.6794772 ], [ -69.5314277, 0.6920169 ], [ -69.5331647, 0.7010113 ], [ -69.5130639, 0.7145155 ], [ -69.5058541, 0.7135162 ], [ -69.503376, 0.7209862 ], [ -69.4957595, 0.7251509 ], [ -69.4939285, 0.7235995 ], [ -69.4807796, 0.7355825 ], [ -69.4640422, 0.7365392 ], [ -69.4592119, 0.7301266 ], [ -69.4598603, 0.7259585 ], [ -69.4554167, 0.7186814 ], [ -69.4471124, 0.714791 ], [ -69.439668, 0.7158087 ], [ -69.4333758, 0.7118505 ], [ -69.4369746, 0.7009425 ], [ -69.4308057, 0.693331 ], [ -69.4132285, 0.6856695 ], [ -69.4100095, 0.6769724 ], [ -69.4068916, 0.6760094 ], [ -69.4041195, 0.6641596 ], [ -69.3677732, 0.6324414 ], [ -69.3535782, 0.6144782 ], [ -69.3498202, 0.6146312 ], [ -69.346596, 0.6233043 ], [ -69.3374847, 0.6356922 ], [ -69.337328, 0.6425779 ], [ -69.3330482, 0.6433459 ], [ -69.3270614, 0.6371402 ], [ -69.323432, 0.6411384 ], [ -69.3209248, 0.6264243 ], [ -69.3173318, 0.6333723 ], [ -69.3001232, 0.6481197 ], [ -69.285757, 0.6489911 ], [ -69.290489, 0.6366794 ], [ -69.2848008, 0.6193628 ], [ -69.296102, 0.6048786 ], [ -69.2850135, 0.6063625 ], [ -69.2713963, 0.6023713 ], [ -69.2676836, 0.606591 ], [ -69.2565644, 0.6080091 ], [ -69.2533759, 0.6052846 ], [ -69.243096600000015, 0.6095558 ], [ -69.2309614, 0.5988958 ], [ -69.2320574, 0.6033416 ], [ -69.2117893, 0.6106951 ], [ -69.2007467, 0.606389 ], [ -69.2011289, 0.6228015 ], [ -69.2042556, 0.6325811 ], [ -69.1957338, 0.6399912 ], [ -69.1986734, 0.6458141 ], [ -69.181897, 0.6541615 ], [ -69.1729383, 0.6517345 ], [ -69.1706681, 0.647646 ], [ -69.1577046, 0.6525425 ], [ -69.1556359, 0.6466497 ], [ -69.1349184, 0.6452328 ], [ -69.1266015, 0.6340297 ], [ -69.1194123, 0.6344129 ], [ -69.1157404, 0.6426177 ], [ -69.1215617, 0.6589276 ], [ -69.1307147, 0.6701872 ], [ -69.1461337, 0.6989549 ], [ -69.1538634, 0.7085788 ], [ -69.1675994, 0.7150194 ], [ -69.1768794, 0.7132285 ], [ -69.1875031, 0.7350364 ], [ -69.1876463, 0.7468149 ], [ -69.1761654, 0.7595748 ], [ -69.1625698, 0.7561912 ], [ -69.1475935, 0.7686891 ], [ -69.1504762, 0.7889979 ], [ -69.1537039, 0.7933664 ], [ -69.1551316, 0.8074457 ], [ -69.1677713, 0.8207326 ], [ -69.1650872, 0.8364942 ], [ -69.1673758, 0.8437467 ], [ -69.163273300000014, 0.8488217 ], [ -69.156559, 0.8502019 ], [ -69.1453056, 0.8459653 ], [ -69.1394345, 0.8523851 ], [ -69.1369874, 0.875697 ], [ -69.138546, 0.8828898 ], [ -69.1507138, 0.8800266 ], [ -69.1821329, 0.9035403 ], [ -69.1918238, 0.9179493 ], [ -69.1908708, 0.9296419 ], [ -69.1842704, 0.9361763 ], [ -69.1689704, 0.9350031 ], [ -69.165508, 0.9401975 ], [ -69.1720091, 0.9501646 ], [ -69.2043665, 0.9630823 ], [ -69.2081164, 0.9705405 ], [ -69.2181867, 0.9753384 ], [ -69.2172071, 0.9809683 ], [ -69.1983466, 0.9974016 ], [ -69.1983698, 1.0010424 ], [ -69.2048977, 1.0063724 ], [ -69.2097362, 1.0155835 ], [ -69.228155, 1.0297263 ], [ -69.2340536, 1.038014 ], [ -69.2415871, 1.0411391 ], [ -69.246025, 1.0492672 ], [ -69.24402, 1.0559996 ], [ -69.2884315, 1.0542038 ], [ -69.2885246, 1.0606552 ], [ -69.2996064, 1.0638694 ], [ -69.307078, 1.0757054 ], [ -69.320627, 1.0879866 ], [ -69.3393292, 1.0806779 ], [ -69.3452278, 1.0845915 ], [ -69.3563845, 1.0792551 ], [ -69.3660039, 1.0834879 ], [ -69.3710863, 1.0805164 ], [ -69.3748135, 1.0888804 ], [ -69.3779172, 1.0869557 ], [ -69.3815548, 1.0741864 ], [ -69.4013917, 1.0575342 ], [ -69.4074004, 1.0449336 ], [ -69.4137, 1.0412452 ], [ -69.4292078, 1.0472623 ], [ -69.4350625, 1.0621725 ], [ -69.432916, 1.0673078 ], [ -69.4365554, 1.0737153 ], [ -69.4518082, 1.0735807 ], [ -69.4615328, 1.0772252 ], [ -69.4763093, 1.0755119 ], [ -69.4857551, 1.0796843 ], [ -69.5206758, 1.0718772 ], [ -69.5748599, 1.0749902 ], [ -69.6052487, 1.0978579 ], [ -69.6218168, 1.0956327 ], [ -69.6303637, 1.0865173 ], [ -69.6450433, 1.0896883 ], [ -69.6551048, 1.0837374 ], [ -69.6681767, 1.0812016 ], [ -69.6742877, 1.0706346 ], [ -69.68373, 1.0711125 ], [ -69.6956651, 1.0762112 ], [ -69.7036092, 1.0763849 ], [ -69.7046155, 1.1010135 ], [ -69.700312, 1.1168045 ], [ -69.7059031, 1.1186973 ], [ -69.7225471, 1.1083364 ], [ -69.7447398, 1.1137424 ], [ -69.7736403, 1.1005913 ], [ -69.7911951, 1.087819 ], [ -69.797236, 1.0728197 ], [ -69.803839, 1.0652849 ], [ -69.8127594, 1.0641339 ], [ -69.8222599, 1.0688628 ], [ -69.8324316, 1.0806935 ], [ -69.8461323, 1.0775209 ], [ -69.8472538, 1.7100532 ], [ -69.8526405, 1.7081073 ], [ -69.8571434, 1.7122868 ], [ -69.8590092, 1.7093014 ], [ -69.8624672, 1.7171131 ], [ -69.8653033, 1.7147746 ], [ -69.865577, 1.7190287 ], [ -69.8743838, 1.7199989 ], [ -69.8712129, 1.7218642 ], [ -69.8772447, 1.7315921 ], [ -69.8805531, 1.7265182 ], [ -69.887171, 1.7316169 ], [ -69.8863749, 1.7343784 ], [ -69.8913754, 1.7343784 ], [ -69.8921217, 1.7370155 ], [ -69.8938476, 1.7348842 ], [ -69.9027695, 1.74525 ], [ -69.9050583, 1.7423891 ], [ -69.9149348, 1.7453993 ], [ -69.920167800000016, 1.7480645 ], [ -69.9237103, 1.7492618 ], [ -69.9384444, 1.7455983 ], [ -69.9500873, 1.7478374 ], [ -69.9523263, 1.7452998 ], [ -69.9657853, 1.74627 ], [ -69.9757613, 1.7444291 ], [ -69.9783487, 1.74831 ], [ -69.9961432, 1.7551674 ], [ -69.9966588, 1.7578383 ], [ -70.0051643, 1.762961 ], [ -70.016066100000018, 1.7608617 ], [ -70.0227846, 1.7626796 ], [ -70.0274868, 1.7687433 ], [ -70.045199, 1.7716965 ], [ -70.0555599, 1.7781201 ], [ -70.0707656, 1.8007206 ], [ -70.080604, 1.8006154 ], [ -70.0865919, 1.8074738 ], [ -70.0954918, 1.8123851 ], [ -70.1064452, 1.8282015 ], [ -70.1115303, 1.8302876 ], [ -70.110553, 1.8339363 ], [ -70.1241986, 1.8382323 ], [ -70.1512988, 1.8686978 ], [ -70.1756153, 1.8703059 ], [ -70.1805641, 1.8848039 ], [ -70.1744825, 1.8992025 ], [ -70.1748069, 1.9052341 ], [ -70.1658694, 1.9154529 ], [ -70.1630225, 1.922507 ], [ -70.1653043, 1.9340143 ], [ -70.1584744, 1.9436196 ], [ -70.1413091, 1.9527943 ], [ -70.1374737, 1.9645039 ], [ -70.1414999, 1.9736764 ], [ -70.1406948, 1.9794078 ], [ -70.1349957, 1.9815175 ], [ -70.1326514, 1.9868033 ], [ -70.1115137, 2.0029204 ], [ -70.1156199, 2.0083535 ], [ -70.1134568, 2.0150202 ], [ -70.1210155, 2.0301948 ], [ -70.1188021, 2.0599653 ], [ -70.1116641, 2.0746145 ], [ -70.1104982, 2.0786534 ] ], [ [ -70.7184015, 1.915691 ], [ -70.7170747, 1.9120509 ], [ -70.7198042, 1.9102466 ], [ -70.7184015, 1.915691 ] ], [ [ -71.5252976, 1.2949609 ], [ -71.5227439, 1.295027 ], [ -71.5233511, 1.2919662 ], [ -71.5252976, 1.2949609 ] ], [ [ -71.583579, 1.0641779 ], [ -71.5791561, 1.0635493 ], [ -71.5806734, 1.0612563 ], [ -71.583579, 1.0641779 ] ], [ [ -69.431515600000012, -1.0360061 ], [ -69.431403, -1.0407336 ], [ -69.433204, -1.038201 ], [ -69.431515600000012, -1.0360061 ] ], [ [ -69.5264041, -0.8738626 ], [ -69.5309628, -0.8750445 ], [ -69.5318964, -0.871974 ], [ -69.5264041, -0.8738626 ] ], [ [ -69.5976649, -0.7833464 ], [ -69.6003194, -0.7853892 ], [ -69.601794, -0.7829807 ], [ -69.5976649, -0.7833464 ] ], [ [ -69.6161527, -0.7546558 ], [ -69.6176182, -0.7575855 ], [ -69.6198443, -0.7557472 ], [ -69.6161527, -0.7546558 ] ], [ [ -69.5942107, -0.6916517 ], [ -69.5988342, -0.6921564 ], [ -69.5973235, -0.6871576 ], [ -69.5942107, -0.6916517 ] ] ], [ [ [ -70.7043058, 1.9117401 ], [ -70.6995404, 1.9111347 ], [ -70.7014087, 1.9133266 ], [ -70.7043058, 1.9117401 ] ] ], [ [ [ -70.9871113, 1.8312114 ], [ -70.9885528, 1.8346338 ], [ -70.9895784, 1.8324271 ], [ -70.9871113, 1.8312114 ] ] ], [ [ [ -71.5782101, 1.1188987 ], [ -71.580393, 1.1211912 ], [ -71.5819232, 1.1182232 ], [ -71.5782101, 1.1188987 ] ] ], [ [ [ -69.5768334, -0.660588 ], [ -69.5746654, -0.6624759 ], [ -69.5729324, -0.660296 ], [ -69.5768334, -0.660588 ] ] ], [ [ [ -69.7239288, -0.445802 ], [ -69.7227402, -0.4420439 ], [ -69.7256194, -0.443898 ], [ -69.7239288, -0.445802 ] ] ] ] } }
]
}
